artist_raw,artist_canonical,track_count,monitor_priority,ignore,notes
Amphibian Man,Amphibian Man,107,high,false,
Lou Reed,Lou Reed,72,high,false,
The Rolling Stones,The Rolling Stones,61,high,false,
Angelo Badalamenti,Angelo Badalamenti,56,high,false,
The Wise Guyz,The Wise Guyz,55,high,false,
David Bowie,David Bowie,52,high,false,
The Stranglers,The Stranglers,52,high,false,
Bohren & Der Club Of Gore,Bohren & Der Club Of Gore,47,high,false,
Marianne Faithfull,Marianne Faithfull,45,high,false,
The Pretenders,The Pretenders,44,high,false,
Nick Cave & The Bad Seeds,Nick Cave & The Bad Seeds,39,high,false,
The April Family,The April Family,37,high,false,
The Meteors,The Meteors,37,high,false,
Leonard Cohen,Leonard Cohen,33,high,false,
Sanford Clark,Sanford Clark,33,high,false,
coma.fm,coma.fm,32,high,true,ignored service/empty artist value
Elvis Presley,Elvis Presley,31,high,false,
The Mystification,The Mystification,31,high,false,
Tom Waits,Tom Waits,31,high,false,
The Dead South,The Dead South,29,high,false,
Devil Doll,Devil Doll,28,high,false,
Johnny Cash,Johnny Cash,27,high,false,
Martin Cilia,Martin Cilia,27,high,false,
The Hillbilly Moon Explosion,The Hillbilly Moon Explosion,27,high,false,
The Troubled,The Troubled,27,high,false,
Zwyntar,Zwyntar,27,high,false,
Puddles Pity Party,Puddles Pity Party,26,high,false,
Coma.fm,Coma.fm,25,high,true,ignored service/empty artist value
Dandies,Dandies,25,high,false,
Freeky Cleen,Freeky Cleen,25,high,false,
Robyn Adele Anderson,Robyn Adele Anderson,25,high,false,
Scala & Kolacny Brothers,Scala & Kolacny Brothers,25,high,false,
The Paris Sisters,The Paris Sisters,25,high,false,
The Secret Sisters,The Secret Sisters,25,high,false,
The Ventures,The Ventures,25,high,false,
Your Inner God,Your Inner God,25,high,false,
Angelo Badalamenti & David Lynch,Angelo Badalamenti & David Lynch,24,high,false,
Komety,Komety,24,high,false,
La Perra Blanco,La Perra Blanco,24,high,false,
Melanie,Melanie,24,high,false,
Raygun Cowboys,Raygun Cowboys,24,high,false,
Number Nine,Number Nine,23,high,false,
Tony Joe White,Tony Joe White,23,high,false,
Ennio Morricone,Ennio Morricone,22,high,false,
Bones in the Walls,Bones in the Walls,21,high,false,
IVAN БлюZ І Dрузі,IVAN БлюZ І Dрузі,21,high,false,
The Hypnotunez,The Hypnotunez,21,high,false,
Cal Tjader's Modern Mambo Quintet,Cal Tjader's Modern Mambo Quintet,20,high,false,
Howard Rickard & The Pale Riders,Howard Rickard & The Pale Riders,20,high,false,
Petula Clark,Petula Clark,20,high,false,
Reese McHenry,Reese McHenry,20,high,false,
The Rutles,The Rutles,20,high,false,
Gutter Demons,Gutter Demons,19,medium,false,
The Delines,The Delines,19,medium,false,
The White Buffalo,The White Buffalo,19,medium,false,
Ukulena,Ukulena,19,medium,false,
Beth Lee,Beth Lee,18,medium,false,
Chelsea Wolfe,Chelsea Wolfe,18,medium,false,
Dale Watson,Dale Watson,18,medium,false,
Joan Baez,Joan Baez,18,medium,false,
Mad Heads,Mad Heads,18,medium,false,
Outer Space,Outer Space,18,medium,false,
Pink Floyd,Pink Floyd,18,medium,false,
Queen,Queen,18,medium,false,
Shovels & Rope,Shovels & Rope,18,medium,false,
Sweet Megg,Sweet Megg,18,medium,false,
Tami Neilson,Tami Neilson,18,medium,false,
Thee Scarecrows AKA,Thee Scarecrows AKA,18,medium,false,
Zombie Ghost Train,Zombie Ghost Train,18,medium,false,
Emily Scott Robinson,Emily Scott Robinson,17,medium,false,
Micah P. Hinson,Micah P. Hinson,17,medium,false,
Serge Gainsbourg,Serge Gainsbourg,17,medium,false,
The Desolate Coast,The Desolate Coast,17,medium,false,
The Velvet Underground,The Velvet Underground,17,medium,false,
Emma Ruth Rundle,Emma Ruth Rundle,16,medium,false,
Kalyn Fay,Kalyn Fay,16,medium,false,
Ray Charles,Ray Charles,16,medium,false,
RvB,RvB,16,medium,false,
Stereophonic Space Sound Unlimited,Stereophonic Space Sound Unlimited,16,medium,false,
The Creepshow,The Creepshow,16,medium,false,
The Pogues,The Pogues,16,medium,false,
Abigail Dowd,Abigail Dowd,15,medium,false,
Bob Marley & The Wailers,Bob Marley & The Wailers,15,medium,false,
Dillberriezz,Dillberriezz,15,medium,false,
Emanuela Hutter,Emanuela Hutter,15,medium,false,
Lee Moses,Lee Moses,15,medium,false,
Lenka Filipova,Lenka Filipova,15,medium,false,
Queen Esther,Queen Esther,15,medium,false,
Sandy Denny,Sandy Denny,15,medium,false,
The Twilighters,The Twilighters,15,medium,false,
Abbey Road Panpipe Ensemble,Abbey Road Panpipe Ensemble,14,medium,false,
Didi Wray,Didi Wray,14,medium,false,
Grant-Lee Phillips,Grant-Lee Phillips,14,medium,false,
Hot Dozzer,Hot Dozzer,14,medium,false,
Jobi Riccio,Jobi Riccio,14,medium,false,
Julee Cruise,Julee Cruise,14,medium,false,
Lauren O'Connell,Lauren O'Connell,14,medium,false,
Link Wray & His Ray Men,Link Wray & His Ray Men,14,medium,false,
Marissa Nadler,Marissa Nadler,14,medium,false,
Mr. Оч & His Root Boys,Mr. Оч & His Root Boys,14,medium,false,
Pokey LaFarge,Pokey LaFarge,14,medium,false,
R.E.M.,R.E.M.,14,medium,false,
Rhythm Sophie,Rhythm Sophie,14,medium,false,
Steep Canyon Rangers,Steep Canyon Rangers,14,medium,false,
The Cramps,The Cramps,14,medium,false,
The Quakes,The Quakes,14,medium,false,
Chrissie Hynde,Chrissie Hynde,13,medium,false,
Della Mae,Della Mae,13,medium,false,
Elton John,Elton John,13,medium,false,
Imelda May,Imelda May,13,medium,false,
Kate Bush,Kate Bush,13,medium,false,
King Kurt,King Kurt,13,medium,false,
Mackenzie Shivers,Mackenzie Shivers,13,medium,false,
Megan Lacy,Megan Lacy,13,medium,false,
Morgan Myles,Morgan Myles,13,medium,false,
Simon & Garfunkel,Simon & Garfunkel,13,medium,false,
The Carpenters,The Carpenters,13,medium,false,
The Duo-Tones,The Duo-Tones,13,medium,false,
The Surf Raiders,The Surf Raiders,13,medium,false,
Waikiki Makaki,Waikiki Makaki,13,medium,false,
Annie Lennox,Annie Lennox,12,medium,false,
Blondie,Blondie,12,medium,false,
Chuck Berry,Chuck Berry,12,medium,false,
Courtney Marie Andrews,Courtney Marie Andrews,12,medium,false,
Dick Dale,Dick Dale,12,medium,false,
Donovan,Donovan,12,medium,false,
Emily Nenni,Emily Nenni,12,medium,false,
Eva Cassidy,Eva Cassidy,12,medium,false,
Freddie Mercury,Freddie Mercury,12,medium,false,
India Ramey,India Ramey,12,medium,false,
Lonesome Spurs,Lonesome Spurs,12,medium,false,
Lubos Bena & Bonzo Radvanyi,Lubos Bena & Bonzo Radvanyi,12,medium,false,
Night Surf,Night Surf,12,medium,false,
Orville Peck,Orville Peck,12,medium,false,
Pest Control,Pest Control,12,medium,false,
Postmodern Jukebox,Postmodern Jukebox,12,medium,false,
Pérez Prado,Pérez Prado,12,medium,false,
Richard Cheese,Richard Cheese,12,medium,false,
Sinéad O'Connor,Sinéad O'Connor,12,medium,false,
Smokin A,Smokin A,12,medium,false,
Space Psycho Tropic Plank-Tone,Space Psycho Tropic Plank-Tone,12,medium,false,
Suzanne Jarvie,Suzanne Jarvie,12,medium,false,
The 69 Cats,The 69 Cats,12,medium,false,
The Beatles,The Beatles,12,medium,false,
The Tikiyaki Orchestra,The Tikiyaki Orchestra,12,medium,false,
Ane Brun,Ane Brun,11,medium,false,
Cat Stevens,Cat Stevens,11,medium,false,
Familia Perkalaba,Familia Perkalaba,11,medium,false,
Holly Cole,Holly Cole,11,medium,false,
Howlin' Wolf,Howlin' Wolf,11,medium,false,
Jack Costanzo,Jack Costanzo,11,medium,false,
John Cale,John Cale,11,medium,false,
John Lee Hooker,John Lee Hooker,11,medium,false,
Konstantin Kolesnichenko Quartet,Konstantin Kolesnichenko Quartet,11,medium,false,
Langhorns,Langhorns,11,medium,false,
Lightnin Hopkins,Lightnin Hopkins,11,medium,false,
The Lucky Devils,The Lucky Devils,11,medium,false,
The McCharmlys,The McCharmlys,11,medium,false,
The Vrooming Crew avec Dolores,The Vrooming Crew avec Dolores,11,medium,false,
Tomato Juice,Tomato Juice,11,medium,false,
Wynonie Harris,Wynonie Harris,11,medium,false,
РвБ,РвБ,11,medium,false,
Angela Tini,Angela Tini,10,medium,false,
Bella White,Bella White,10,medium,false,
Brown Horse,Brown Horse,10,medium,false,
Creedence Clearwater Revival,Creedence Clearwater Revival,10,medium,false,
David Lynch - Angelo Badalamenti,David Lynch - Angelo Badalamenti,10,medium,false,
Dominic Halpin,Dominic Halpin,10,medium,false,
Dusty Springfield,Dusty Springfield,10,medium,false,
Eric Clapton,Eric Clapton,10,medium,false,
Floyd Dixon,Floyd Dixon,10,medium,false,
Gene Vincent,Gene Vincent,10,medium,false,
Haley Reinhart,Haley Reinhart,10,medium,false,
Judy Collins,Judy Collins,10,medium,false,
Karl-Heinz Kastel,Karl-Heinz Kastel,10,medium,false,
Katie Pruitt,Katie Pruitt,10,medium,false,
Kiki Cavazos,Kiki Cavazos,10,medium,false,
Kris Angelis,Kris Angelis,10,medium,false,
Los Kabanos,Los Kabanos,10,medium,false,
Marlowe Dies,Marlowe Dies,10,medium,false,
Mick Beaulieu,Mick Beaulieu,10,medium,false,
Nick Cave And The Bad Seeds,Nick Cave And The Bad Seeds,10,medium,false,
Patti Smith,Patti Smith,10,medium,false,
Peggy Lee,Peggy Lee,10,medium,false,
Peter Isaacson,Peter Isaacson,10,medium,false,
Philip Doyle,Philip Doyle,10,medium,false,
Rae Spoon,Rae Spoon,10,medium,false,
Ryan Bingham & The Texas Gentlemen,Ryan Bingham & The Texas Gentlemen,10,medium,false,
Satan's Pilgrims,Satan's Pilgrims,10,medium,false,
Shocking Blue,Shocking Blue,10,medium,false,
Straytones,Straytones,10,medium,false,
The Andrew Oldham Orchestra,The Andrew Oldham Orchestra,10,medium,false,
The Blues Nephews,The Blues Nephews,10,medium,false,
The Jazztronauts,The Jazztronauts,10,medium,false,
The Jimi Hendrix Experience,The Jimi Hendrix Experience,10,medium,false,
The Long Tall Texans,The Long Tall Texans,10,medium,false,
The Puppini Sisters,The Puppini Sisters,10,medium,false,
Timber Timbre,Timber Timbre,10,medium,false,
Townes Van Zandt,Townes Van Zandt,10,medium,false,
Twin Temple,Twin Temple,10,medium,false,
Xavier Cugat & His Orchestra,Xavier Cugat & His Orchestra,10,medium,false,
Zukkor Zzov,Zukkor Zzov,10,medium,false,
Калич Блюз,Калич Блюз,10,medium,false,
American Aquarium,American Aquarium,9,medium,false,
Big Bad Voodoo Daddy,Big Bad Voodoo Daddy,9,medium,false,
Dolly Parton,Dolly Parton,9,medium,false,
Doyley & The Twanglords,Doyley & The Twanglords,9,medium,false,
Eurythmics,Eurythmics,9,medium,false,
Gal Holiday and the Honky Tonk Revue,Gal Holiday and the Honky Tonk Revue,9,medium,false,
Godless Wicked Creeps,Godless Wicked Creeps,9,medium,false,
Grateful Dead,Grateful Dead,9,medium,false,
Jerry Lee Lewis,Jerry Lee Lewis,9,medium,false,
Jimi Hendrix,Jimi Hendrix,9,medium,false,
Julie London,Julie London,9,medium,false,
Keenan McKenzie & the Riffers,Keenan McKenzie & the Riffers,9,medium,false,
Lee Rocker,Lee Rocker,9,medium,false,
Little Richard,Little Richard,9,medium,false,
Los Straitjackets,Los Straitjackets,9,medium,false,
Marc Ribot,Marc Ribot,9,medium,false,
Margo Price,Margo Price,9,medium,false,
Michaela Anne,Michaela Anne,9,medium,false,
Mick Ronson,Mick Ronson,9,medium,false,
Mike Sanchez and His Band & Imelda May,Mike Sanchez and His Band & Imelda May,9,medium,false,
Moon Mother,Moon Mother,9,medium,false,
Rachael Kilgour,Rachael Kilgour,9,medium,false,
Rebel Son,Rebel Son,9,medium,false,
Richie Havens,Richie Havens,9,medium,false,
Roller One,Roller One,9,medium,false,
Roy Orbison & The Royal Philharmonic Orchestra,Roy Orbison & The Royal Philharmonic Orchestra,9,medium,false,
Rude Jokes,Rude Jokes,9,medium,false,
Shakey Graves,Shakey Graves,9,medium,false,
Sonny Lester & His Orchestra,Sonny Lester & His Orchestra,9,medium,false,
Talking Heads,Talking Heads,9,medium,false,
The Flatfoot Shakers,The Flatfoot Shakers,9,medium,false,
The Grave Slaves,The Grave Slaves,9,medium,false,
The Root Boys,The Root Boys,9,medium,false,
The Stooges,The Stooges,9,medium,false,
16 Horsepower,16 Horsepower,8,medium,false,
Amanda Shires,Amanda Shires,8,medium,false,
Boom! Boom! Deluxe,Boom! Boom! Deluxe,8,medium,false,
Carter Sampson,Carter Sampson,8,medium,false,
Cass Elliot,Cass Elliot,8,medium,false,
Chet Baker,Chet Baker,8,medium,false,
Chubby Checker,Chubby Checker,8,medium,false,
Donna Dunne & The Mystery Men,Donna Dunne & The Mystery Men,8,medium,false,
Emily Duff,Emily Duff,8,medium,false,
Emma Swift,Emma Swift,8,medium,false,
Es Feiv,Es Feiv,8,medium,false,
Frankie and the Pool Boys,Frankie and the Pool Boys,8,medium,false,
Gram Parsons,Gram Parsons,8,medium,false,
Harry Nilsson,Harry Nilsson,8,medium,false,
Iggy Pop,Iggy Pop,8,medium,false,
Impala,Impala,8,medium,false,
JD McPherson,JD McPherson,8,medium,false,
Karen Jonas,Karen Jonas,8,medium,false,
King Dude,King Dude,8,medium,false,
Konstantin Kolesnichenko,Konstantin Kolesnichenko,8,medium,false,
Laura B & The Moonlighters,Laura B & The Moonlighters,8,medium,false,
LaVern Baker,LaVern Baker,8,medium,false,
Led Zeppelin,Led Zeppelin,8,medium,false,
Lew Phillips,Lew Phillips,8,medium,false,
Little Miss Higgins,Little Miss Higgins,8,medium,false,
Mano Negra,Mano Negra,8,medium,false,
Meat Loaf,Meat Loaf,8,medium,false,
Mike Pedecin,Mike Pedecin,8,medium,false,
Paul Anka,Paul Anka,8,medium,false,
Rachel Baiman,Rachel Baiman,8,medium,false,
Raimonds Pauls and Latvian Radio Big Band,Raimonds Pauls and Latvian Radio Big Band,8,medium,false,
Rosali,Rosali,8,medium,false,
Samantha Fish,Samantha Fish,8,medium,false,
Screamin' Meemies,Screamin' Meemies,8,medium,false,
Stage Frite,Stage Frite,8,medium,false,
Stein,Stein,8,medium,false,
Sugarpie And The Candymen,Sugarpie And The Candymen,8,medium,false,
T. Rex,T. Rex,8,medium,false,
The Gagarins,The Gagarins,8,medium,false,
The Guana Batz,The Guana Batz,8,medium,false,
The Handsome Family,The Handsome Family,8,medium,false,
Thee Flanders,Thee Flanders,8,medium,false,
Willie Nelson,Willie Nelson,8,medium,false,
Zoe FitzGerald Carter,Zoe FitzGerald Carter,8,medium,false,
Брати Гадюкiни,Брати Гадюкiни,8,medium,false,
Allison Russell,Allison Russell,7,medium,false,
"Bobby ""Blue"""" Bland""","Bobby ""Blue"""" Bland""",7,medium,false,
Bohren & der Club of Gore,Bohren & der Club of Gore,7,medium,false,
Brenda Lee,Brenda Lee,7,medium,false,
Cat Power,Cat Power,7,medium,false,
Dale Cooper Quartet & The Dictaphones,Dale Cooper Quartet & The Dictaphones,7,medium,false,
Del Shannon,Del Shannon,7,medium,false,
Emmylou Harris,Emmylou Harris,7,medium,false,
Enoch Light,Enoch Light,7,medium,false,
Esther Rose,Esther Rose,7,medium,false,
Freno de Pedales,Freno de Pedales,7,medium,false,
Gabor Szabo,Gabor Szabo,7,medium,false,
Grace Slick,Grace Slick,7,medium,false,
Heather Little,Heather Little,7,medium,false,
Herbert Rehbein And His Orchestra,Herbert Rehbein And His Orchestra,7,medium,false,
Ken Pomeroy,Ken Pomeroy,7,medium,false,
Kerry Pastine and the Crime Scene,Kerry Pastine and the Crime Scene,7,medium,false,
Mad Marge,Mad Marge,7,medium,false,
Meredith Moon,Meredith Moon,7,medium,false,
Mr. Hypno & His Lo-Fi,Mr. Hypno & His Lo-Fi,7,medium,false,
Nico and The Velvet Underground,Nico and The Velvet Underground,7,medium,false,
Nouvelle Vague,Nouvelle Vague,7,medium,false,
Paul McCartney,Paul McCartney,7,medium,false,
Pokey LaFarge and the South City Three,Pokey LaFarge and the South City Three,7,medium,false,
Procol Harum,Procol Harum,7,medium,false,
Roger Waters,Roger Waters,7,medium,false,
Roy Orbison,Roy Orbison,7,medium,false,
Ryan Chrys & The Rough Cuts,Ryan Chrys & The Rough Cuts,7,medium,false,
Sasha Nabokova,Sasha Nabokova,7,medium,false,
Sid Bass and His Orchestra,Sid Bass and His Orchestra,7,medium,false,
Silas J. Dirge,Silas J. Dirge,7,medium,false,
The Atlantics,The Atlantics,7,medium,false,
The ChuGuysters,The ChuGuysters,7,medium,false,
The Clash,The Clash,7,medium,false,
The Coffinshakers,The Coffinshakers,7,medium,false,
The Double Happiness,The Double Happiness,7,medium,false,
The Hawkmen,The Hawkmen,7,medium,false,
The Montvales,The Montvales,7,medium,false,
The Rocket Dogz,The Rocket Dogz,7,medium,false,
Tip Jar,Tip Jar,7,medium,false,
Vern Jules & The Aquanauts,Vern Jules & The Aquanauts,7,medium,false,
Weather Report,Weather Report,7,medium,false,
Banditos,Banditos,6,medium,false,
Bill Evans,Bill Evans,6,medium,false,
Bonnie Raitt,Bonnie Raitt,6,medium,false,
Buddy Holly,Buddy Holly,6,medium,false,
Carl Perkins,Carl Perkins,6,medium,false,
Clare Teal,Clare Teal,6,medium,false,
Danny B. Harvey & Annie Marie Lewis,Danny B. Harvey & Annie Marie Lewis,6,medium,false,
Davina and The Vagabonds,Davina and The Vagabonds,6,medium,false,
Dini Kimmel,Dini Kimmel,6,medium,false,
Dire Straits,Dire Straits,6,medium,false,
EightBomb,EightBomb,6,medium,false,
Eilen Jewell,Eilen Jewell,6,medium,false,
Fairport Convention,Fairport Convention,6,medium,false,
Flora Falls,Flora Falls,6,medium,false,
Ghoultown,Ghoultown,6,medium,false,
Glen Campbell,Glen Campbell,6,medium,false,
Greg Townson,Greg Townson,6,medium,false,
INXS,INXS,6,medium,false,
Janis Joplin,Janis Joplin,6,medium,false,
Jillhouse,Jillhouse,6,medium,false,
John Cale and Lou Reed,John Cale and Lou Reed,6,medium,false,
Kirsty McColl,Kirsty McColl,6,medium,false,
Kristina Train,Kristina Train,6,medium,false,
Linda Gail Lewis,Linda Gail Lewis,6,medium,false,
Louis Jordan & His Tympany Five,Louis Jordan & His Tympany Five,6,medium,false,
Luther Dickinson and Sisters of the Strawberry Moon,Luther Dickinson and Sisters of the Strawberry Moon,6,medium,false,
Lynn Miles,Lynn Miles,6,medium,false,
Magnatech,Magnatech,6,medium,false,
Martin Denny,Martin Denny,6,medium,false,
Mary Ann Hawkins,Mary Ann Hawkins,6,medium,false,
Mattie Schell,Mattie Schell,6,medium,false,
Maya de Vitry,Maya de Vitry,6,medium,false,
Mel Bryant & the Mercy Makers,Mel Bryant & the Mercy Makers,6,medium,false,
Miles Davis,Miles Davis,6,medium,false,
Moussaka,Moussaka,6,medium,false,
Mr Skatkov,Mr Skatkov,6,medium,false,
Muddy Waters,Muddy Waters,6,medium,false,
Nancy Sinatra,Nancy Sinatra,6,medium,false,
Nat King Cole,Nat King Cole,6,medium,false,
Nico,Nico,6,medium,false,
Oscar Peterson,Oscar Peterson,6,medium,false,
P Paul Fenech,P Paul Fenech,6,medium,false,
P. Paul Fenech,P. Paul Fenech,6,medium,false,
Paul Weston,Paul Weston,6,medium,false,
Rafael Riqueni,Rafael Riqueni,6,medium,false,
REMEZ,REMEZ,6,medium,false,
Reverend Horton Heat,Reverend Horton Heat,6,medium,false,
Sarah Jarosz,Sarah Jarosz,6,medium,false,
Screamin' Jay Hawkins,Screamin' Jay Hawkins,6,medium,false,
Screamin' Rebel Angels,Screamin' Rebel Angels,6,medium,false,
Staccato,Staccato,6,medium,false,
Steve T Hunter,Steve T Hunter,6,medium,false,
Takeshi Terauchi & Blue Jeans,Takeshi Terauchi & Blue Jeans,6,medium,false,
The Big Jamboree,The Big Jamboree,6,medium,false,
The Brothers Four,The Brothers Four,6,medium,false,
The Epileptic Hillbillys,The Epileptic Hillbillys,6,medium,false,
The Hello Darlins,The Hello Darlins,6,medium,false,
The Neurotix,The Neurotix,6,medium,false,
The Obscuritones,The Obscuritones,6,medium,false,
The Pastel Six,The Pastel Six,6,medium,false,
The Platters,The Platters,6,medium,false,
The Sea-Jays,The Sea-Jays,6,medium,false,
The Vrooming Crew avec Grandsart & Dolores,The Vrooming Crew avec Grandsart & Dolores,6,medium,false,
Tia Brazda,Tia Brazda,6,medium,false,
Tiwayo,Tiwayo,6,medium,false,
Tony Joe White + Flying Mojito Bros,Tony Joe White + Flying Mojito Bros,6,medium,false,
Tori Amos,Tori Amos,6,medium,false,
Van Morrison,Van Morrison,6,medium,false,
Vanessa Peters,Vanessa Peters,6,medium,false,
Willie Dixon,Willie Dixon,6,medium,false,
Xavier Cugat,Xavier Cugat,6,medium,false,
Брати Гадюкіни,Брати Гадюкіни,6,medium,false,
Anna Tivel,Anna Tivel,5,medium,false,
Banditoz Band,Banditoz Band,5,medium,false,
Captain Beefheart,Captain Beefheart,5,medium,false,
Chilli & The Baracudas,Chilli & The Baracudas,5,medium,false,
Cocteau Twins,Cocteau Twins,5,medium,false,
Crys Matthews,Crys Matthews,5,medium,false,
Crystal & Runnin' Wild,Crystal & Runnin' Wild,5,medium,false,
Dave Alvin,Dave Alvin,5,medium,false,
Derek & The Dominos,Derek & The Dominos,5,medium,false,
Eddie Cochran,Eddie Cochran,5,medium,false,
Eric Kay and the Surfaronies,Eric Kay and the Surfaronies,5,medium,false,
Federale,Federale,5,medium,false,
Ferrante & Teicher,Ferrante & Teicher,5,medium,false,
Gillian Welch,Gillian Welch,5,medium,false,
Gram Parsons and The Flying Burrito Bros,Gram Parsons and The Flying Burrito Bros,5,medium,false,
Grave Slaves,Grave Slaves,5,medium,false,
Grey Delisle,Grey Delisle,5,medium,false,
Half Deaf Clatch,Half Deaf Clatch,5,medium,false,
Hellbilly Club,Hellbilly Club,5,medium,false,
Herb Alpert and the Tijuana Brass,Herb Alpert and the Tijuana Brass,5,medium,false,
Iris Williams,Iris Williams,5,medium,false,
Juan Garcia Esquivel,Juan Garcia Esquivel,5,medium,false,
Juice Newton,Juice Newton,5,medium,false,
Kacey Musgraves,Kacey Musgraves,5,medium,false,
Kate Ellis,Kate Ellis,5,medium,false,
Kaydash,Kaydash,5,medium,false,
Kenyon Hopkins,Kenyon Hopkins,5,medium,false,
Lara Hope & the Ark-Tones,Lara Hope & the Ark-Tones,5,medium,false,
Lazer Gun Saloon,Lazer Gun Saloon,5,medium,false,
Leo Addeo and His Orchestra,Leo Addeo and His Orchestra,5,medium,false,
Link Wray,Link Wray,5,medium,false,
Little Kahuna,Little Kahuna,5,medium,false,
Los Reverb,Los Reverb,5,medium,false,
Madeleine Peyroux,Madeleine Peyroux,5,medium,false,
Mamas and The Papas,Mamas and The Papas,5,medium,false,
Mary-Elaine Jenkins,Mary-Elaine Jenkins,5,medium,false,
MonaLisa Twins,MonaLisa Twins,5,medium,false,
Morphine,Morphine,5,medium,false,
Nasty Boogie,Nasty Boogie,5,medium,false,
Natascha & The Spy Boys,Natascha & The Spy Boys,5,medium,false,
Neil Diamond,Neil Diamond,5,medium,false,
Nick Cave,Nick Cave,5,medium,false,
Nick Cave And Warren Ellis,Nick Cave And Warren Ellis,5,medium,false,
Now That's What I Call Surf,Now That's What I Call Surf,5,medium,false,
Paul Ansell's Number Nine,Paul Ansell's Number Nine,5,medium,false,
Poison Bar,Poison Bar,5,medium,false,
Robert Johnson,Robert Johnson,5,medium,false,
Ruth Brown,Ruth Brown,5,medium,false,
Sam Cooke,Sam Cooke,5,medium,false,
Samantha Clemons,Samantha Clemons,5,medium,false,
Skeeter Davis,Skeeter Davis,5,medium,false,
Strawfoot,Strawfoot,5,medium,false,
Sturgill Simpson,Sturgill Simpson,5,medium,false,
The Boomerangs,The Boomerangs,5,medium,false,
The Byrds,The Byrds,5,medium,false,
The Doors,The Doors,5,medium,false,
The Greystone Collective,The Greystone Collective,5,medium,false,
The Hang Ten Gallon Hats,The Hang Ten Gallon Hats,5,medium,false,
The Reverend Horton Heat,The Reverend Horton Heat,5,medium,false,
The Routes,The Routes,5,medium,false,
The Sharks,The Sharks,5,medium,false,
The Vicissitones,The Vicissitones,5,medium,false,
Tranes,Tranes,5,medium,false,
Vanessa Paradis,Vanessa Paradis,5,medium,false,
Vilma Flood,Vilma Flood,5,medium,false,
Vince Eager,Vince Eager,5,medium,false,
X Ray Cat Trio,X Ray Cat Trio,5,medium,false,
ZWYNTAR,ZWYNTAR,5,medium,false,
Alcohol Ukulele,Alcohol Ukulele,4,low,false,
Alison Krauss,Alison Krauss,4,low,false,
Alpha Rhythm Kings,Alpha Rhythm Kings,4,low,false,
Angela Easterling,Angela Easterling,4,low,false,
Arno De Cea And The Clockwork Wizards,Arno De Cea And The Clockwork Wizards,4,low,false,
B. B. King,B. B. King,4,low,false,
B.B. King,B.B. King,4,low,false,
Barbara Lynn,Barbara Lynn,4,low,false,
Barry Adamson,Barry Adamson,4,low,false,
Bettye LaVette,Bettye LaVette,4,low,false,
Bobby Darin,Bobby Darin,4,low,false,
Buddy Guy,Buddy Guy,4,low,false,
Charlie Parker,Charlie Parker,4,low,false,
Chet Atkins,Chet Atkins,4,low,false,
Chris Rea,Chris Rea,4,low,false,
Cindi Lou & The Red Hot Royals,Cindi Lou & The Red Hot Royals,4,low,false,
Clockwork Psycho,Clockwork Psycho,4,low,false,
Colin Paul,Colin Paul,4,low,false,
Cosy Oleksa,Cosy Oleksa,4,low,false,
Cristina Vane,Cristina Vane,4,low,false,
Donna Dunne,Donna Dunne,4,low,false,
Duke Ellington,Duke Ellington,4,low,false,
Edward Hartline,Edward Hartline,4,low,false,
Egotones,Egotones,4,low,false,
Ella Fitzgerald,Ella Fitzgerald,4,low,false,
Ella Fitzgerald & Chick Webb,Ella Fitzgerald & Chick Webb,4,low,false,
Emily Love,Emily Love,4,low,false,
Etta James,Etta James,4,low,false,
Eugene & The Sampletones!,Eugene & The Sampletones!,4,low,false,
Eva Eastwood,Eva Eastwood,4,low,false,
Frank Zappa,Frank Zappa,4,low,false,
Georgia Harmer,Georgia Harmer,4,low,false,
Grace Slick & The Great Society,Grace Slick & The Great Society,4,low,false,
Hannah White,Hannah White,4,low,false,
Harry Jordan,Harry Jordan,4,low,false,
Humanga Danga,Humanga Danga,4,low,false,
Hurray For The Riff Raff,Hurray For The Riff Raff,4,low,false,
Jane Rose & The Deadend Boys,Jane Rose & The Deadend Boys,4,low,false,
Jim And The Sea Dragons,Jim And The Sea Dragons,4,low,false,
John Moreland,John Moreland,4,low,false,
Judy Henske,Judy Henske,4,low,false,
Kassi Valazza,Kassi Valazza,4,low,false,
Kate Fenner,Kate Fenner,4,low,false,
Kelsey Waldon,Kelsey Waldon,4,low,false,
Kerry Pastine and The Crime Scene,Kerry Pastine and The Crime Scene,4,low,false,
Kim Richey,Kim Richey,4,low,false,
Klingonz,Klingonz,4,low,false,
Lara Luppi & The Vintage Kings,Lara Luppi & The Vintage Kings,4,low,false,
Leon Redbone,Leon Redbone,4,low,false,
Lera Lynn,Lera Lynn,4,low,false,
Les Baxter And His Orchestra,Les Baxter And His Orchestra,4,low,false,
Linda Scott,Linda Scott,4,low,false,
Little Lesley & The Bloodshots,Little Lesley & The Bloodshots,4,low,false,
Lorrie Morgan,Lorrie Morgan,4,low,false,
Los Bitchos,Los Bitchos,4,low,false,
Los Coronas,Los Coronas,4,low,false,
Lunatics,Lunatics,4,low,false,
Lydia Loveless,Lydia Loveless,4,low,false,
Lydia Lunch & Rowland S. Howard,Lydia Lunch & Rowland S. Howard,4,low,false,
Madi Diaz,Madi Diaz,4,low,false,
Maggie Baugh,Maggie Baugh,4,low,false,
Margo Guryan,Margo Guryan,4,low,false,
Marianne Faithful,Marianne Faithful,4,low,false,
Matt Monro,Matt Monro,4,low,false,
Mick Harvey,Mick Harvey,4,low,false,
Mo7s,Mo7s,4,low,false,
Molly Tuttle,Molly Tuttle,4,low,false,
Mott The Hoople,Mott The Hoople,4,low,false,
Natalie Merchant,Natalie Merchant,4,low,false,
NEKROMANTIX,NEKROMANTIX,4,low,false,
Nick Curran & The Lowlifes,Nick Curran & The Lowlifes,4,low,false,
Nikki Lane,Nikki Lane,4,low,false,
Paul Walker & Karen Pfeiffer,Paul Walker & Karen Pfeiffer,4,low,false,
Pepita Slappers,Pepita Slappers,4,low,false,
Ray Collins' Hot Club,Ray Collins' Hot Club,4,low,false,
Ray Davies,Ray Davies,4,low,false,
Ricky Nelson,Ricky Nelson,4,low,false,
Robert Plant,Robert Plant,4,low,false,
Roseanne Reid,Roseanne Reid,4,low,false,
Sam C. Jones,Sam C. Jones,4,low,false,
Sant Anna Bay Coconuts,Sant Anna Bay Coconuts,4,low,false,
Sheryl Crow,Sheryl Crow,4,low,false,
Shirley Bassey,Shirley Bassey,4,low,false,
Short Stack and Sides,Short Stack and Sides,4,low,false,
Shorty's Swingin Coconuts,Shorty's Swingin Coconuts,4,low,false,
Sierra Ferrell,Sierra Ferrell,4,low,false,
Sierra Hull,Sierra Hull,4,low,false,
Skaldowie,Skaldowie,4,low,false,
Stanley Black and his Orchestra and Chorus,Stanley Black and his Orchestra and Chorus,4,low,false,
Stray Cats,Stray Cats,4,low,false,
Suzanne Vega,Suzanne Vega,4,low,false,
Tanque Rudy,Tanque Rudy,4,low,false,
Taylor & Leigh,Taylor & Leigh,4,low,false,
The Animals,The Animals,4,low,false,
The CheekyBenders,The CheekyBenders,4,low,false,
The Hillbilly Kings,The Hillbilly Kings,4,low,false,
The J Ann C Trio,The J Ann C Trio,4,low,false,
The Keeymen,The Keeymen,4,low,false,
The Kilimanjaro Darkjazz Ensemble,The Kilimanjaro Darkjazz Ensemble,4,low,false,
The Kinks,The Kinks,4,low,false,
The Koffin Rockers,The Koffin Rockers,4,low,false,
The Lively Ones,The Lively Ones,4,low,false,
The Lostines,The Lostines,4,low,false,
The Madeira,The Madeira,4,low,false,
The New York Dolls,The New York Dolls,4,low,false,
The Side Burns,The Side Burns,4,low,false,
The Space Cossacks,The Space Cossacks,4,low,false,
The Stray Cats,The Stray Cats,4,low,false,
The Supertones,The Supertones,4,low,false,
The Surfaris,The Surfaris,4,low,false,
The Surfrajettes,The Surfrajettes,4,low,false,
The Tea Ship,The Tea Ship,4,low,false,
The Tornadoes,The Tornadoes,4,low,false,
The Traveling Wilburys,The Traveling Wilburys,4,low,false,
The Troggs,The Troggs,4,low,false,
The Wallflowers,The Wallflowers,4,low,false,
The Wild Feathers,The Wild Feathers,4,low,false,
Ukulena and Her Smitten Kittens,Ukulena and Her Smitten Kittens,4,low,false,
Union Avenue,Union Avenue,4,low,false,
UV and the Rays,UV and the Rays,4,low,false,
Whiskey Daredevils,Whiskey Daredevils,4,low,false,
William J. Le Petomane,William J. Le Petomane,4,low,false,
William T. & The Black 50's,William T. & The Black 50's,4,low,false,
Wovenhand,Wovenhand,4,low,false,
"Zoe Schwarz Blue Commotion, Rob Koral, Pete Whittaker, Paul Robinson","Zoe Schwarz Blue Commotion, Rob Koral, Pete Whittaker, Paul Robinson",4,low,false,
Віка Врадій,Віка Врадій,4,low,false,
12AX7,12AX7,3,low,false,
49 Winchester,49 Winchester,3,low,false,
Alex North,Alex North,3,low,false,
Alvino Rey His Guitars & Orchestra,Alvino Rey His Guitars & Orchestra,3,low,false,
Amos Milburn,Amos Milburn,3,low,false,
Amy Annelle,Amy Annelle,3,low,false,
Anna Elizabeth Laube,Anna Elizabeth Laube,3,low,false,
Anna Graves,Anna Graves,3,low,false,
Aoife O'Donovan,Aoife O'Donovan,3,low,false,
Batmobile,Batmobile,3,low,false,
Big Mama Thornton,Big Mama Thornton,3,low,false,
Black Vista,Black Vista,3,low,false,
Bobby Day,Bobby Day,3,low,false,
Boogie Dance,Boogie Dance,3,low,false,
Brian Setzer,Brian Setzer,3,low,false,
Broadcast,Broadcast,3,low,false,
Bryan Ferry and His Orchestra,Bryan Ferry and His Orchestra,3,low,false,
Bullit,Bullit,3,low,false,
Charlie Halloran and The Tropicales,Charlie Halloran and The Tropicales,3,low,false,
Chilli & the Baracudas,Chilli & the Baracudas,3,low,false,
Chrissie Hynde & The Valve Bone Woe Ensemble,Chrissie Hynde & The Valve Bone Woe Ensemble,3,low,false,
Cilla Black,Cilla Black,3,low,false,
Cindy Lauper,Cindy Lauper,3,low,false,
Connie Francis,Connie Francis,3,low,false,
Cowabunghouls,Cowabunghouls,3,low,false,
Cowboy Junkies,Cowboy Junkies,3,low,false,
Cyndi Lauper,Cyndi Lauper,3,low,false,
Dark Jazz Cafe Assembly,Dark Jazz Cafe Assembly,3,low,false,
David Byrne feat. Ghost Train Orchestra,David Byrne feat. Ghost Train Orchestra,3,low,false,
Davie Allan & The Arrows,Davie Allan & The Arrows,3,low,false,
Deadite,Deadite,3,low,false,
Dean Martin,Dean Martin,3,low,false,
Dick Dale & The Del-Tones,Dick Dale & The Del-Tones,3,low,false,
Dion,Dion,3,low,false,
Doris Day,Doris Day,3,low,false,
Drive-By Truckers,Drive-By Truckers,3,low,false,
Edwardian Devils,Edwardian Devils,3,low,false,
Ennio Morricone & Lisa Gastoni,Ennio Morricone & Lisa Gastoni,3,low,false,
Everglades Rhythm,Everglades Rhythm,3,low,false,
Firebirds,Firebirds,3,low,false,
Francis Cabrel,Francis Cabrel,3,low,false,
Frank Sinatra,Frank Sinatra,3,low,false,
Full Load of King,Full Load of King,3,low,false,
Genki Genki Panic,Genki Genki Panic,3,low,false,
Gordon Lightfoot,Gordon Lightfoot,3,low,false,
GracieHorse,GracieHorse,3,low,false,
Harry Nilsson and John Lennon,Harry Nilsson and John Lennon,3,low,false,
Hattori Hanzo Surf Experience,Hattori Hanzo Surf Experience,3,low,false,
Hilde Vos,Hilde Vos,3,low,false,
Hillbilly Hellcats,Hillbilly Hellcats,3,low,false,
Holly Cole Trio,Holly Cole Trio,3,low,false,
Hot Sugar Band,Hot Sugar Band,3,low,false,
I. Jeziak and The Surfers,I. Jeziak and The Surfers,3,low,false,
Isobel Campbell & Mark Lanegan,Isobel Campbell & Mark Lanegan,3,low,false,
Jack Rabbit Slim,Jack Rabbit Slim,3,low,false,
Jackie Gleason,Jackie Gleason,3,low,false,
Jaco Pastorius,Jaco Pastorius,3,low,false,
Jaime Wyatt,Jaime Wyatt,3,low,false,
Jana Mila,Jana Mila,3,low,false,
Jason Isbell and the 400 Unit,Jason Isbell and the 400 Unit,3,low,false,
Jefferson Airplane,Jefferson Airplane,3,low,false,
Jenny Don't and the Spurs,Jenny Don't and the Spurs,3,low,false,
Johnny Jewel,Johnny Jewel,3,low,false,
Jonathan Stout and his Campus Five,Jonathan Stout and his Campus Five,3,low,false,
Jonathan Stout and his Campus Five & Hilary Alexander,Jonathan Stout and his Campus Five & Hilary Alexander,3,low,false,
Jonny Barber & The Rhythm Razors,Jonny Barber & The Rhythm Razors,3,low,false,
Keenan McKenzie,Keenan McKenzie,3,low,false,
Les Baxter,Les Baxter,3,low,false,
Les Panches Surfers,Les Panches Surfers,3,low,false,
Les Robots,Les Robots,3,low,false,
Liv Greene,Liv Greene,3,low,false,
Liz Stringer,Liz Stringer,3,low,false,
Loreena McKennitt,Loreena McKennitt,3,low,false,
Los Blonder,Los Blonder,3,low,false,
Los Coronas & Arizona Baby,Los Coronas & Arizona Baby,3,low,false,
Louis Armstrong,Louis Armstrong,3,low,false,
Louis Prima & Keely Smith & Sam Butera & The Witnesses,Louis Prima & Keely Smith & Sam Butera & The Witnesses,3,low,false,
Mac Cornish,Mac Cornish,3,low,false,
Mad Marge And The Stonecutters,Mad Marge And The Stonecutters,3,low,false,
Mark Malibu & the Wasagas,Mark Malibu & the Wasagas,3,low,false,
Martha Fields,Martha Fields,3,low,false,
Mavis Staples,Mavis Staples,3,low,false,
MC5,MC5,3,low,false,
Milva,Milva,3,low,false,
Miss Mary Ann & The Ragtime Wranglers,Miss Mary Ann & The Ragtime Wranglers,3,low,false,
Naomi & Her Handsome Devils,Naomi & Her Handsome Devils,3,low,false,
Nena,Nena,3,low,false,
Nick Curran & The Nightlifes,Nick Curran & The Nightlifes,3,low,false,
Octopus King,Octopus King,3,low,false,
Otis Clay,Otis Clay,3,low,false,
Pat Boone,Pat Boone,3,low,false,
Peggy Lipton,Peggy Lipton,3,low,false,
Percy Sledge,Percy Sledge,3,low,false,
Phill Reynolds,Phill Reynolds,3,low,false,
Preservation Hall Jazz Band,Preservation Hall Jazz Band,3,low,false,
Prince,Prince,3,low,false,
Ral Donner,Ral Donner,3,low,false,
Ray Anthony,Ray Anthony,3,low,false,
Rhythms del Mundo,Rhythms del Mundo,3,low,false,
Richard Inman,Richard Inman,3,low,false,
Rising Appalachia,Rising Appalachia,3,low,false,
Rob Heron & The Tea Pad Orchestra,Rob Heron & The Tea Pad Orchestra,3,low,false,
Robert Gordon,Robert Gordon,3,low,false,
Royal Crown Revue,Royal Crown Revue,3,low,false,
Running From Daylight,Running From Daylight,3,low,false,
Sara Gee & Ramblin Matt feat. Soni Artal,Sara Gee & Ramblin Matt feat. Soni Artal,3,low,false,
Sara Watkins,Sara Watkins,3,low,false,
Sharon Van Etten,Sharon Van Etten,3,low,false,
Susan Cattaneo,Susan Cattaneo,3,low,false,
Switchblade,Switchblade,3,low,false,
Sys Malakian,Sys Malakian,3,low,false,
TarantinosNYC,TarantinosNYC,3,low,false,
The Bambi Molesters,The Bambi Molesters,3,low,false,
The Baseballs,The Baseballs,3,low,false,
The Beach Boys,The Beach Boys,3,low,false,
The Chantays,The Chantays,3,low,false,
The Charades,The Charades,3,low,false,
The Clovers,The Clovers,3,low,false,
The Coasters,The Coasters,3,low,false,
The Devil's Daughters,The Devil's Daughters,3,low,false,
The Dice Cubes,The Dice Cubes,3,low,false,
The Drifters,The Drifters,3,low,false,
The Felice Brothers,The Felice Brothers,3,low,false,
The Fuzillis,The Fuzillis,3,low,false,
The Jack O' Bones,The Jack O' Bones,3,low,false,
The Jive Aces,The Jive Aces,3,low,false,
The Kilaueas,The Kilaueas,3,low,false,
The Krayolas,The Krayolas,3,low,false,
The Krontjong Devils,The Krontjong Devils,3,low,false,
The Marvelettes,The Marvelettes,3,low,false,
The Memphis Suns,The Memphis Suns,3,low,false,
The Minestompers,The Minestompers,3,low,false,
The Primer Kings,The Primer Kings,3,low,false,
THE PUSSYCATS,THE PUSSYCATS,3,low,false,
The Ramblin Bandits,The Ramblin Bandits,3,low,false,
The Seekers,The Seekers,3,low,false,
The Sonoras,The Sonoras,3,low,false,
The Spotnicks,The Spotnicks,3,low,false,
The Strays,The Strays,3,low,false,
The Surf Rats,The Surf Rats,3,low,false,
The Tremolo Beer Gut,The Tremolo Beer Gut,3,low,false,
The Venus In Furs,The Venus In Furs,3,low,false,
The Who,The Who,3,low,false,
The Тяга,The Тяга,3,low,false,
Tom Toxic & Die Holstein Rockets,Tom Toxic & Die Holstein Rockets,3,low,false,
Tom Verlaine,Tom Verlaine,3,low,false,
Twisted Rod,Twisted Rod,3,low,false,
Vulvette,Vulvette,3,low,false,
Wanton,Wanton,3,low,false,
Wayne Jayne County,Wayne Jayne County,3,low,false,
WJLP,WJLP,3,low,false,
Zombie Jamboree,Zombie Jamboree,3,low,false,
Макс Параграф,Макс Параграф,3,low,false,
Мандри,Мандри,3,low,false,
Олександр Ремез,Олександр Ремез,3,low,false,
A Pony Named Olga,A Pony Named Olga,2,low,false,
Alan Jackson,Alan Jackson,2,low,false,
Albert Ginés,Albert Ginés,2,low,false,
Albert Ginés y sus Oceánicos,Albert Ginés y sus Oceánicos,2,low,false,
Alessandro Alessandroni,Alessandro Alessandroni,2,low,false,
Allison Moorer,Allison Moorer,2,low,false,
Amanda Palmer,Amanda Palmer,2,low,false,
Andrew Hale,Andrew Hale,2,low,false,
Angela Hoodoo,Angela Hoodoo,2,low,false,
Angela Strehli,Angela Strehli,2,low,false,
Ann-Margret,Ann-Margret,2,low,false,
Anna Dukke,Anna Dukke,2,low,false,
Anne Murray,Anne Murray,2,low,false,
Arlo Mckinley,Arlo Mckinley,2,low,false,
Arms Grace,Arms Grace,2,low,false,
Art Garfunkel,Art Garfunkel,2,low,false,
Avery West ft. Boogie Fleetwood Jr.,Avery West ft. Boogie Fleetwood Jr.,2,low,false,
Backstrom,Backstrom,2,low,false,
Badfinger,Badfinger,2,low,false,
Bang Bang Band Girl,Bang Bang Band Girl,2,low,false,
Becky Buller,Becky Buller,2,low,false,
Bernie Barlow,Bernie Barlow,2,low,false,
Big Sandy & His Fly-Rite Boys,Big Sandy & His Fly-Rite Boys,2,low,false,
Billie Holiday,Billie Holiday,2,low,false,
Billy Valentine & The Forest Rangers,Billy Valentine & The Forest Rangers,2,low,false,
BJ Baartmans & Wild Verband,BJ Baartmans & Wild Verband,2,low,false,
Black Cat Bone,Black Cat Bone,2,low,false,
Bloodest Saxophone,Bloodest Saxophone,2,low,false,
Bob Dylan,Bob Dylan,2,low,false,
Bombat Belus,Bombat Belus,2,low,false,
Bones In The Walls,Bones In The Walls,2,low,false,
Bonnie Tyler,Bonnie Tyler,2,low,false,
Brea Robertson,Brea Robertson,2,low,false,
Brennen Leigh,Brennen Leigh,2,low,false,
Bruce Springsteen,Bruce Springsteen,2,low,false,
Bryan Ferry,Bryan Ferry,2,low,false,
Bud Shank,Bud Shank,2,low,false,
Buddy Morrow,Buddy Morrow,2,low,false,
Bunny Paul,Bunny Paul,2,low,false,
Carlos & the Bandidos,Carlos & the Bandidos,2,low,false,
Carlos And The Bandidos,Carlos And The Bandidos,2,low,false,
Carole King,Carole King,2,low,false,
Caroline Spence,Caroline Spence,2,low,false,
Charlie Sundown,Charlie Sundown,2,low,false,
Chip Taylor & The New Ukrainians,Chip Taylor & The New Ukrainians,2,low,false,
Chris Casello,Chris Casello,2,low,false,
Chromatics,Chromatics,2,low,false,
Chrome Castle,Chrome Castle,2,low,false,
Codex Nihilim,Codex Nihilim,2,low,false,
Coleman Hawkins & Ben Webster,Coleman Hawkins & Ben Webster,2,low,false,
Cop Shop,Cop Shop,2,low,false,
Count Basie Orchestra,Count Basie Orchestra,2,low,false,
Country Joe McDonald,Country Joe McDonald,2,low,false,
Cuby & Blizzards,Cuby & Blizzards,2,low,false,
Daisy June & the Loose,Daisy June & the Loose,2,low,false,
DangerForce 5,DangerForce 5,2,low,false,
Daphne Parker Powell,Daphne Parker Powell,2,low,false,
Dave Edmunds,Dave Edmunds,2,low,false,
Dave Vamfer,Dave Vamfer,2,low,false,
David Rodriguez and the Rhythm Chiefs,David Rodriguez and the Rhythm Chiefs,2,low,false,
Dean Owens,Dean Owens,2,low,false,
Dee Dee Sharp,Dee Dee Sharp,2,low,false,
Deluxe Blues Band,Deluxe Blues Band,2,low,false,
Di Maggio Brothers,Di Maggio Brothers,2,low,false,
Diana Krall,Diana Krall,2,low,false,
Dinah Washington & Quincy Jones,Dinah Washington & Quincy Jones,2,low,false,
Dion And The Belmonts,Dion And The Belmonts,2,low,false,
Dizzy Gillespie,Dizzy Gillespie,2,low,false,
Doc & The Mads,Doc & The Mads,2,low,false,
Dom Mariani & The Majestic Kelp,Dom Mariani & The Majestic Kelp,2,low,false,
Don Ray,Don Ray,2,low,false,
Doomachine Orchestra,Doomachine Orchestra,2,low,false,
Drakulina,Drakulina,2,low,false,
Drossabilly Buzz,Drossabilly Buzz,2,low,false,
Duane Eddy,Duane Eddy,2,low,false,
Duke Ellington & John Coltrane,Duke Ellington & John Coltrane,2,low,false,
Eddie Holman,Eddie Holman,2,low,false,
Eddie Vedder,Eddie Vedder,2,low,false,
El Borko,El Borko,2,low,false,
El Castillo,El Castillo,2,low,false,
El Pistolero`s,El Pistolero`s,2,low,false,
El Ray,El Ray,2,low,false,
Elmer Bernstein,Elmer Bernstein,2,low,false,
Elvis Perkins,Elvis Perkins,2,low,false,
Enric Peidro,Enric Peidro,2,low,false,
Esquivel & His Orchestra,Esquivel & His Orchestra,2,low,false,
Evelyn Cornell,Evelyn Cornell,2,low,false,
Evil Elvis,Evil Elvis,2,low,false,
Fats Domino,Fats Domino,2,low,false,
Five Boroughs,Five Boroughs,2,low,false,
Franco Tonani,Franco Tonani,2,low,false,
Freno De Pedales,Freno De Pedales,2,low,false,
Furious Nakamura,Furious Nakamura,2,low,false,
Gentlemen & Gangsters,Gentlemen & Gangsters,2,low,false,
Girly and The Blue Caps,Girly and The Blue Caps,2,low,false,
Gladys Knight & The Pips,Gladys Knight & The Pips,2,low,false,
Glasgow Tiki Shakers,Glasgow Tiki Shakers,2,low,false,
Glenn Crytzer and His Quartet,Glenn Crytzer and His Quartet,2,low,false,
God Of Surf,God Of Surf,2,low,false,
Grace Cummings,Grace Cummings,2,low,false,
Graham Nash,Graham Nash,2,low,false,
Guitar UP!,Guitar UP!,2,low,false,
Harold Melvin & The Blue Notes,Harold Melvin & The Blue Notes,2,low,false,
Harry Chapin,Harry Chapin,2,low,false,
Harry Katz & The Pistachios,Harry Katz & The Pistachios,2,low,false,
Heather Newman,Heather Newman,2,low,false,
Heatwaves & Freddie Dilevi,Heatwaves & Freddie Dilevi,2,low,false,
HEFT,HEFT,2,low,false,
Henry Mancini,Henry Mancini,2,low,false,
Honeyboy Slim & The Bad Habits,Honeyboy Slim & The Bad Habits,2,low,false,
Hot Midnight Combo,Hot Midnight Combo,2,low,false,
Hot Sugar Band & Nicolle Rochelle,Hot Sugar Band & Nicolle Rochelle,2,low,false,
Hugo Montenegro,Hugo Montenegro,2,low,false,
Hula Ghost,Hula Ghost,2,low,false,
Iain Matthews & the Salmon Smokers,Iain Matthews & the Salmon Smokers,2,low,false,
Ike & Tina Turner,Ike & Tina Turner,2,low,false,
Imperial Swing Orchestra,Imperial Swing Orchestra,2,low,false,
Inge Augustina,Inge Augustina,2,low,false,
Insect Surfers,Insect Surfers,2,low,false,
Ivan БлюZ and Dрузі,Ivan БлюZ and Dрузі,2,low,false,
I’m With Her,I’m With Her,2,low,false,
Jack Marshall,Jack Marshall,2,low,false,
Jay & The Americans,Jay & The Americans,2,low,false,
Jay Poisön and the Bat People,Jay Poisön and the Bat People,2,low,false,
Jeffrey Bützer,Jeffrey Bützer,2,low,false,
Jeffrey Silverstein,Jeffrey Silverstein,2,low,false,
Jim Steinman,Jim Steinman,2,low,false,
Jimmy Buffett,Jimmy Buffett,2,low,false,
Joan Osborne,Joan Osborne,2,low,false,
Joan Shelley,Joan Shelley,2,low,false,
Joe Jackson,Joe Jackson,2,low,false,
John Coltrane,John Coltrane,2,low,false,
John Lee Sanders,John Lee Sanders,2,low,false,
John Lennon,John Lennon,2,low,false,
John Prine,John Prine,2,low,false,
Johnny Mathis,Johnny Mathis,2,low,false,
Judy Garland,Judy Garland,2,low,false,
Kelompok Pasir Hitam,Kelompok Pasir Hitam,2,low,false,
Ketty Lester,Ketty Lester,2,low,false,
Kim Lenz,Kim Lenz,2,low,false,
Kim Lenz & Her Jaguars,Kim Lenz & Her Jaguars,2,low,false,
King Beez,King Beez,2,low,false,
King Crimson,King Crimson,2,low,false,
King Curtis,King Curtis,2,low,false,
King Ghidora,King Ghidora,2,low,false,
Kora,Kora,2,low,false,
La Vergne Smith,La Vergne Smith,2,low,false,
Las Mucuras,Las Mucuras,2,low,false,
Last Call at Nightowls,Last Call at Nightowls,2,low,false,
Lesiman,Lesiman,2,low,false,
Lewis Burner,Lewis Burner,2,low,false,
Liberace,Liberace,2,low,false,
Lilly Hiatt,Lilly Hiatt,2,low,false,
Liz Simmons,Liz Simmons,2,low,false,
Longboard Cruise Control,Longboard Cruise Control,2,low,false,
Los Seisiete,Los Seisiete,2,low,false,
Los Surfer Compadres,Los Surfer Compadres,2,low,false,
Louis Armstrong & Ella Fitzgerald,Louis Armstrong & Ella Fitzgerald,2,low,false,
Louis Jordan,Louis Jordan,2,low,false,
Louisa Stancioff,Louisa Stancioff,2,low,false,
Lucky Bar,Lucky Bar,2,low,false,
Lulu,Lulu,2,low,false,
Lydia Lunch,Lydia Lunch,2,low,false,
Lynyrd Skynyrd,Lynyrd Skynyrd,2,low,false,
Macelleria Mobile di Mezzanotte,Macelleria Mobile di Mezzanotte,2,low,false,
Mad Sin,Mad Sin,2,low,false,
Man or Astro-Man,Man or Astro-Man,2,low,false,
Manet,Manet,2,low,false,
Manos Wild,Manos Wild,2,low,false,
Manu Chao,Manu Chao,2,low,false,
Many Mountains,Many Mountains,2,low,false,
Margie Joseph,Margie Joseph,2,low,false,
Marissa Nadler and Milky Burgess,Marissa Nadler and Milky Burgess,2,low,false,
Mark Lanegan,Mark Lanegan,2,low,false,
Mark Lanegan And The Soulsavers,Mark Lanegan And The Soulsavers,2,low,false,
Marlene Dietrich,Marlene Dietrich,2,low,false,
Marty Cooper Clan,Marty Cooper Clan,2,low,false,
Mary Chapin Carpenter,Mary Chapin Carpenter,2,low,false,
Mary Hopkin,Mary Hopkin,2,low,false,
Matchbox,Matchbox,2,low,false,
Matthews Southern Comfort,Matthews Southern Comfort,2,low,false,
Max Paragraph,Max Paragraph,2,low,false,
Melissa Carper,Melissa Carper,2,low,false,
Micah P. Hinson and The Gospel of Progress,Micah P. Hinson and The Gospel of Progress,2,low,false,
Michael Stipe,Michael Stipe,2,low,false,
Mike Brookfield,Mike Brookfield,2,low,false,
Millie Jackson,Millie Jackson,2,low,false,
Miranda Lambert,Miranda Lambert,2,low,false,
Miss Kiddy and the Cads,Miss Kiddy and the Cads,2,low,false,
Molliemusicable,Molliemusicable,2,low,false,
Molly Starlite & the Sputniks,Molly Starlite & the Sputniks,2,low,false,
Molly Tuttle & Crooked Tree,Molly Tuttle & Crooked Tree,2,low,false,
Molly Tuttle & Golden Highway,Molly Tuttle & Golden Highway,2,low,false,
Monica Taylor,Monica Taylor,2,low,false,
Morgan Wade & OurVinyl,Morgan Wade & OurVinyl,2,low,false,
Mr.Black & The 5000 Cadillacs,Mr.Black & The 5000 Cadillacs,2,low,false,
Mudslide Charley,Mudslide Charley,2,low,false,
Mutilators,Mutilators,2,low,false,
Naomi Bedford and Paul Simmonds,Naomi Bedford and Paul Simmonds,2,low,false,
Neil Young,Neil Young,2,low,false,
Neko Case,Neko Case,2,low,false,
Nekromantix,Nekromantix,2,low,false,
Nick Curran & The Nitelifes,Nick Curran & The Nitelifes,2,low,false,
Nick Drake,Nick Drake,2,low,false,
Nick Lemon Band,Nick Lemon Band,2,low,false,
Nick Waterhouse,Nick Waterhouse,2,low,false,
Nikki Parrott,Nikki Parrott,2,low,false,
Nina Hagen,Nina Hagen,2,low,false,
Norm & Jean,Norm & Jean,2,low,false,
Old Wood Tatter,Old Wood Tatter,2,low,false,
Otis Redding,Otis Redding,2,low,false,
Panty Tsunami,Panty Tsunami,2,low,false,
Patsy Cline,Patsy Cline,2,low,false,
Paul Mauriat,Paul Mauriat,2,low,false,
Paul Weller,Paul Weller,2,low,false,
Perla Batalla,Perla Batalla,2,low,false,
Peter & the Wolves,Peter & the Wolves,2,low,false,
Peter Green,Peter Green,2,low,false,
"Peter, Paul and Mary","Peter, Paul and Mary",2,low,false,
Phil Gammage,Phil Gammage,2,low,false,
Playboys,Playboys,2,low,false,
Polecats,Polecats,2,low,false,
PowerSolo,PowerSolo,2,low,false,
Public Image Limited,Public Image Limited,2,low,false,
Ralph Font & His Orchestra,Ralph Font & His Orchestra,2,low,false,
Ramones,Ramones,2,low,false,
Rebekah Del Rio,Rebekah Del Rio,2,low,false,
Rezurex,Rezurex,2,low,false,
Rick Nelson,Rick Nelson,2,low,false,
Riley Downing,Riley Downing,2,low,false,
Rio and the Rockabilly Revival,Rio and the Rockabilly Revival,2,low,false,
Robert Cray,Robert Cray,2,low,false,
Robert Plant and Allison Krauss,Robert Plant and Allison Krauss,2,low,false,
Robotron,Robotron,2,low,false,
Rock'N'Hall,Rock'N'Hall,2,low,false,
Rollin' Coffin,Rollin' Coffin,2,low,false,
Roomful Of Blues,Roomful Of Blues,2,low,false,
Roxy Music,Roxy Music,2,low,false,
Rufus Wainwright,Rufus Wainwright,2,low,false,
Sam & Dave,Sam & Dave,2,low,false,
"Samantha Fish, Jesse Dayton","Samantha Fish, Jesse Dayton",2,low,false,
Sammy Kershaw,Sammy Kershaw,2,low,false,
Sarah Brightman,Sarah Brightman,2,low,false,
Say Sue Me,Say Sue Me,2,low,false,
Say Sue Me 세이수미,Say Sue Me 세이수미,2,low,false,
Screamin' Sins,Screamin' Sins,2,low,false,
Season Of Nightmares,Season Of Nightmares,2,low,false,
Sgt Fury,Sgt Fury,2,low,false,
Shakin Guts,Shakin Guts,2,low,false,
Shakin' Guts,Shakin' Guts,2,low,false,
Sharlet Crooks,Sharlet Crooks,2,low,false,
Shaye Zadravec,Shaye Zadravec,2,low,false,
Shelby Lynne & Allison Moorer,Shelby Lynne & Allison Moorer,2,low,false,
Sheverb,Sheverb,2,low,false,
Shovels and Rope,Shovels and Rope,2,low,false,
Shudder To Think,Shudder To Think,2,low,false,
Silvano Chimenti,Silvano Chimenti,2,low,false,
Simon and Garfunkel,Simon and Garfunkel,2,low,false,
Sofia Talvik,Sofia Talvik,2,low,false,
Solomon Burke,Solomon Burke,2,low,false,
Sonny & Cher,Sonny & Cher,2,low,false,
Spud Sims & the Beltways,Spud Sims & the Beltways,2,low,false,
Stan Getz,Stan Getz,2,low,false,
Steve Harley & Cockney Rebel,Steve Harley & Cockney Rebel,2,low,false,
Strait Jacket,Strait Jacket,2,low,false,
Strawberry Alarm Clock,Strawberry Alarm Clock,2,low,false,
Sue Moreno & Jack Rabbit Slim,Sue Moreno & Jack Rabbit Slim,2,low,false,
Surfer Joe,Surfer Joe,2,low,false,
Susanna Hoffs,Susanna Hoffs,2,low,false,
Sven Wunder,Sven Wunder,2,low,false,
T-Bird Gang,T-Bird Gang,2,low,false,
T-Bone Walker,T-Bone Walker,2,low,false,
Take Vibe,Take Vibe,2,low,false,
Tangentg,Tangentg,2,low,false,
Teddy Pendergrass,Teddy Pendergrass,2,low,false,
Television,Television,2,low,false,
Thalia Zedek Band,Thalia Zedek Band,2,low,false,
The Andrews Sisters,The Andrews Sisters,2,low,false,
The Aqua Barons,The Aqua Barons,2,low,false,
The Astronauts,The Astronauts,2,low,false,
The Bel-Airs,The Bel-Airs,2,low,false,
The Big Marteen's,The Big Marteen's,2,low,false,
The Blue Flagships,The Blue Flagships,2,low,false,
The Boomtown Rats,The Boomtown Rats,2,low,false,
The Bradipos IV,The Bradipos IV,2,low,false,
The Brains,The Brains,2,low,false,
The Caravans,The Caravans,2,low,false,
The Cheapoes,The Cheapoes,2,low,false,
The Cholla,The Cholla,2,low,false,
The Coffin Daggers,The Coffin Daggers,2,low,false,
The Courettes,The Courettes,2,low,false,
The Cranberries,The Cranberries,2,low,false,
The Dead Brothers,The Dead Brothers,2,low,false,
The Dells,The Dells,2,low,false,
The Di Maggio Connection,The Di Maggio Connection,2,low,false,
The Easybeats,The Easybeats,2,low,false,
The Everly Brothers,The Everly Brothers,2,low,false,
The Flower Pot Men,The Flower Pot Men,2,low,false,
The Frantic Flintstones,The Frantic Flintstones,2,low,false,
The Go Getters,The Go Getters,2,low,false,
The Head Henchmen,The Head Henchmen,2,low,false,
The Hot Wheels,The Hot Wheels,2,low,false,
The Impressions,The Impressions,2,low,false,
The Inquisitors,The Inquisitors,2,low,false,
The Isley Brothers,The Isley Brothers,2,low,false,
The Isotopes,The Isotopes,2,low,false,
The Jagaloons,The Jagaloons,2,low,false,
The Jaydees,The Jaydees,2,low,false,
The Judy Chops,The Judy Chops,2,low,false,
The Klingonz,The Klingonz,2,low,false,
the Lake Devils,the Lake Devils,2,low,false,
The Legendary Raw Deal,The Legendary Raw Deal,2,low,false,
The Manhattans,The Manhattans,2,low,false,
The Minarets,The Minarets,2,low,false,
The Monkees,The Monkees,2,low,false,
The Mystery Men?,The Mystery Men?,2,low,false,
The Omega Men,The Omega Men,2,low,false,
The Pretty Things,The Pretty Things,2,low,false,
the Reefriders,the Reefriders,2,low,false,
The Sara Gee & Ramblin Matt Band,The Sara Gee & Ramblin Matt Band,2,low,false,
The Screaming Seagulls,The Screaming Seagulls,2,low,false,
The Silver Dimes,The Silver Dimes,2,low,false,
The Silvertones,The Silvertones,2,low,false,
The Smithereens,The Smithereens,2,low,false,
The Sonics,The Sonics,2,low,false,
The Space Age Travellers,The Space Age Travellers,2,low,false,
The Space Lady,The Space Lady,2,low,false,
The Speakeasies' Swing Band!,The Speakeasies' Swing Band!,2,low,false,
The Surfin Burritos,The Surfin Burritos,2,low,false,
The Thirsty Crows,The Thirsty Crows,2,low,false,
The Tourists,The Tourists,2,low,false,
The Tourmaliners With Kela Sako,The Tourmaliners With Kela Sako,2,low,false,
The Turtles,The Turtles,2,low,false,
The Two Step Goodbyes,The Two Step Goodbyes,2,low,false,
The Wild Heart Revival,The Wild Heart Revival,2,low,false,
Them Pulp Criminals,Them Pulp Criminals,2,low,false,
Thought Gang & David Lynch & Angelo Badalamenti,Thought Gang & David Lynch & Angelo Badalamenti,2,low,false,
Tobacco City,Tobacco City,2,low,false,
Tommy James & The Shondells,Tommy James & The Shondells,2,low,false,
Top Of The Pops,Top Of The Pops,2,low,false,
Toxic Riders,Toxic Riders,2,low,false,
Trabants,Trabants,2,low,false,
Tumbledown House,Tumbledown House,2,low,false,
UB40,UB40,2,low,false,
Wally Lewis,Wally Lewis,2,low,false,
Warren Barker,Warren Barker,2,low,false,
Waveshard,Waveshard,2,low,false,
Wendy's Tube,Wendy's Tube,2,low,false,
White Sands,White Sands,2,low,false,
Whitney Rose,Whitney Rose,2,low,false,
Willie And The Poor Boys,Willie And The Poor Boys,2,low,false,
Wiped Out,Wiped Out,2,low,false,
Wylde Ratttz,Wylde Ratttz,2,low,false,
Zerox,Zerox,2,low,false,
Мария Бурмака,Мария Бурмака,2,low,false,
Марія Бурмака,Марія Бурмака,2,low,false,
Обмен веществ,Обмен веществ,2,low,false,
Шановнi Пiшоходи,Шановнi Пiшоходи,2,low,false,
12 Step Rebels,12 Step Rebels,1,low,false,
A Complicated Man,A Complicated Man,1,low,false,
A.A. Williams,A.A. Williams,1,low,false,
Abbey Lincoln,Abbey Lincoln,1,low,false,
Achtung Spitfire,Achtung Spitfire,1,low,false,
Adam & Amy Pope,Adam & Amy Pope,1,low,false,
Adam Ben Ezra,Adam Ben Ezra,1,low,false,
Adam Green,Adam Green,1,low,false,
Admiral Bailey,Admiral Bailey,1,low,false,
Adrian Belew,Adrian Belew,1,low,false,
Agent Octopus,Agent Octopus,1,low,false,
Ainda,Ainda,1,low,false,
Aisha Khan & Friends,Aisha Khan & Friends,1,low,false,
AKIM,AKIM,1,low,false,
AL DUNCAN,AL DUNCAN,1,low,false,
Al Green,Al Green,1,low,false,
Al Jarreau,Al Jarreau,1,low,false,
Al Martino,Al Martino,1,low,false,
Alain Caron,Alain Caron,1,low,false,
Alan Mason,Alan Mason,1,low,false,
Albert King,Albert King,1,low,false,
Alberta Hunter,Alberta Hunter,1,low,false,
Alela Diane,Alela Diane,1,low,false,
Alex Chilton,Alex Chilton,1,low,false,
Alison Mosshart & The Forest Rangers,Alison Mosshart & The Forest Rangers,1,low,false,
Alpha Rhythm Kings & Tammi Savoy,Alpha Rhythm Kings & Tammi Savoy,1,low,false,
Alphabets,Alphabets,1,low,false,
Amanda Lear,Amanda Lear,1,low,false,
Amberlin Jazz Orchestra,Amberlin Jazz Orchestra,1,low,false,
Amedeo Tommasi,Amedeo Tommasi,1,low,false,
America,America,1,low,false,
Amy Macdonald,Amy Macdonald,1,low,false,
Ancient Talking,Ancient Talking,1,low,false,
Andras und Ilona,Andras und Ilona,1,low,false,
Andrew Bird & Lucius,Andrew Bird & Lucius,1,low,false,
Andrew Bird & Preservation Hall Jazz Band,Andrew Bird & Preservation Hall Jazz Band,1,low,false,
André Charlier & Daniel Diaz,André Charlier & Daniel Diaz,1,low,false,
Andy Shauf,Andy Shauf,1,low,false,
Andy Williams,Andy Williams,1,low,false,
Angelo Badalamenti & Grady Tate,Angelo Badalamenti & Grady Tate,1,low,false,
Angie McMahon,Angie McMahon,1,low,false,
Anita Baker,Anita Baker,1,low,false,
Ann Savoy,Ann Savoy,1,low,false,
Anna Lavigne,Anna Lavigne,1,low,false,
Annie Elie,Annie Elie,1,low,false,
Annie Haslam,Annie Haslam,1,low,false,
Annie Lennox & David Bowie,Annie Lennox & David Bowie,1,low,false,
Annie Marie Lewis & Danny B. Harvey,Annie Marie Lewis & Danny B. Harvey,1,low,false,
Annie Marie Lewis w_ Danny B. Harvey,Annie Marie Lewis w_ Danny B. Harvey,1,low,false,
Antonio Carlos Jobim,Antonio Carlos Jobim,1,low,false,
Antonio Riccardo Luciani,Antonio Riccardo Luciani,1,low,false,
Aphrodite's Child,Aphrodite's Child,1,low,false,
Apostrophe,Apostrophe,1,low,false,
Arawak,Arawak,1,low,false,
Aretha Franklin,Aretha Franklin,1,low,false,
Armando Sciascia,Armando Sciascia,1,low,false,
Arno De Cea,Arno De Cea,1,low,false,
Arno De Cea And The Clockwork Wizzards,Arno De Cea And The Clockwork Wizzards,1,low,false,
Art Tatum,Art Tatum,1,low,false,
Aselin Debison,Aselin Debison,1,low,false,
Atomic Surfonic,Atomic Surfonic,1,low,false,
Au Revoir Simone,Au Revoir Simone,1,low,false,
Audra Mae & The Forest Rangers,Audra Mae & The Forest Rangers,1,low,false,
Austin Leonard Jones,Austin Leonard Jones,1,low,false,
Autumn Brown Blasingame,Autumn Brown Blasingame,1,low,false,
Aux Meadows,Aux Meadows,1,low,false,
Avalon Jazz Band,Avalon Jazz Band,1,low,false,
Back To Earth,Back To Earth,1,low,false,
Bad Angels,Bad Angels,1,low,false,
Bad Detectives,Bad Detectives,1,low,false,
Badﬁnger,Badﬁnger,1,low,false,
Banderas Blues Band,Banderas Blues Band,1,low,false,
Baptiste Trotignon & Melody Gardot & Miossec,Baptiste Trotignon & Melody Gardot & Miossec,1,low,false,
Barbara Casini Quartet,Barbara Casini Quartet,1,low,false,
Barbara Lewis,Barbara Lewis,1,low,false,
Barbara Mason,Barbara Mason,1,low,false,
Barbra Streisand,Barbra Streisand,1,low,false,
Bardcore,Bardcore,1,low,false,
Barrence Whitfield,Barrence Whitfield,1,low,false,
Battleme,Battleme,1,low,false,
Beach Bomb,Beach Bomb,1,low,false,
BEACH MOONSTERS,BEACH MOONSTERS,1,low,false,
Bebopovsky,Bebopovsky,1,low,false,
BEMIII,BEMIII,1,low,false,
Ben Arsenault,Ben Arsenault,1,low,false,
Ben Becker,Ben Becker,1,low,false,
Benny Golson,Benny Golson,1,low,false,
Bernard Herrmann,Bernard Herrmann,1,low,false,
Bernie Barlow (feat. Philip Sayce),Bernie Barlow (feat. Philip Sayce),1,low,false,
Bessie Smith,Bessie Smith,1,low,false,
Beth Hart,Beth Hart,1,low,false,
Beth Nielsen Chapman,Beth Nielsen Chapman,1,low,false,
Bette Midler,Bette Midler,1,low,false,
Betty Wright,Betty Wright,1,low,false,
Bettye Lavette,Bettye Lavette,1,low,false,
Bettye Swann,Bettye Swann,1,low,false,
Beware Of Blast,Beware Of Blast,1,low,false,
Big Bill Broonzy,Big Bill Broonzy,1,low,false,
Big Daddy Wilson,Big Daddy Wilson,1,low,false,
Big Daddy Wilson & the Goosebumps Bros.,Big Daddy Wilson & the Goosebumps Bros.,1,low,false,
Big Fancy & The Shiddy Cowboys,Big Fancy & The Shiddy Cowboys,1,low,false,
Big Joe & The Dynaflows,Big Joe & The Dynaflows,1,low,false,
Bill Haley & His Comets,Bill Haley & His Comets,1,low,false,
Bill Haley & The Saddlemen,Bill Haley & The Saddlemen,1,low,false,
Billy Eckstine,Billy Eckstine,1,low,false,
Billy Eckstine with And Count Basie Orchestra,Billy Eckstine with And Count Basie Orchestra,1,low,false,
Billy Lynn,Billy Lynn,1,low,false,
Billy May And His Orchestra,Billy May And His Orchestra,1,low,false,
Billy Paul,Billy Paul,1,low,false,
Biréli Lagrène,Biréli Lagrène,1,low,false,
Bishop Briggs,Bishop Briggs,1,low,false,
Bjork,Bjork,1,low,false,
Black Lodge,Black Lodge,1,low,false,
Black Valley Moon,Black Valley Moon,1,low,false,
Black Widows,Black Widows,1,low,false,
Blackmore's Night,Blackmore's Night,1,low,false,
"Blake Mills, Katey Sagal & The Forest Rangers","Blake Mills, Katey Sagal & The Forest Rangers",1,low,false,
Blossom Dearie,Blossom Dearie,1,low,false,
Blue Magic,Blue Magic,1,low,false,
Blueground Undergrass,Blueground Undergrass,1,low,false,
Bluesniks,Bluesniks,1,low,false,
Bo,Bo,1,low,false,
Bob Marley And The Wailers,Bob Marley And The Wailers,1,low,false,
Bob Sneider & Joe Locke,Bob Sneider & Joe Locke,1,low,false,
Bobby Bluff,Bobby Bluff,1,low,false,
Bobby Jaspar & Tommy Flanagan & Elvin Jones & Eddie Costa & Barry Galbraith & Milt Hinton & Osie Johnson,Bobby Jaspar & Tommy Flanagan & Elvin Jones & Eddie Costa & Barry Galbraith & Milt Hinton & Osie Johnson,1,low,false,
Bobby Russell,Bobby Russell,1,low,false,
Bobby Short,Bobby Short,1,low,false,
Bobby Troup,Bobby Troup,1,low,false,
Boilermaker Jazz Band,Boilermaker Jazz Band,1,low,false,
"Bonnie ""Prince"""" Billy""","Bonnie ""Prince"""" Billy""",1,low,false,
Bonnie & The Treasures,Bonnie & The Treasures,1,low,false,
Bonnie Dobson,Bonnie Dobson,1,low,false,
Bonnie Prince Billy & Matt Sweeney,Bonnie Prince Billy & Matt Sweeney,1,low,false,
Bonze,Bonze,1,low,false,
Bonzo Dog Doo Dah Band,Bonzo Dog Doo Dah Band,1,low,false,
Boogie Company,Boogie Company,1,low,false,
Booka Brass Band Feat. Orla Gartland,Booka Brass Band Feat. Orla Gartland,1,low,false,
Booker T. & The Mg's,Booker T. & The Mg's,1,low,false,
Booker T. & The MG's,Booker T. & The MG's,1,low,false,
Boozehounds,Boozehounds,1,low,false,
Boppin B,Boppin B,1,low,false,
Boppin' B,Boppin' B,1,low,false,
Boppin' Kids,Boppin' Kids,1,low,false,
Bowbridge Band,Bowbridge Band,1,low,false,
Boz Boorer,Boz Boorer,1,low,false,
Boz Scaggs,Boz Scaggs,1,low,false,
Braden Foulkes,Braden Foulkes,1,low,false,
Brazzaville,Brazzaville,1,low,false,
Breakaways,Breakaways,1,low,false,
Brenda Cochrane,Brenda Cochrane,1,low,false,
Brenda Holloway,Brenda Holloway,1,low,false,
Brenda Janz,Brenda Janz,1,low,false,
Brenna MacMillan,Brenna MacMillan,1,low,false,
Brennan Wedl & Waxahatchee,Brennan Wedl & Waxahatchee,1,low,false,
Brent J. Cooper,Brent J. Cooper,1,low,false,
Brian Eno,Brian Eno,1,low,false,
Brian Ferry,Brian Ferry,1,low,false,
Brian Reitzell,Brian Reitzell,1,low,false,
Brigitte Handley,Brigitte Handley,1,low,false,
Broken Paths,Broken Paths,1,low,false,
Brook Benton,Brook Benton,1,low,false,
Bruce Lash,Bruce Lash,1,low,false,
Bruno Nicolai,Bruno Nicolai,1,low,false,
BRUUT!,BRUUT!,1,low,false,
Bryan Beller,Bryan Beller,1,low,false,
Buck Jones & Rhythm Riders,Buck Jones & Rhythm Riders,1,low,false,
Buddy Guy & Junior Wells,Buddy Guy & Junior Wells,1,low,false,
Buddy Holly & The Crickets,Buddy Holly & The Crickets,1,low,false,
Buddy Holly & The Picks,Buddy Holly & The Picks,1,low,false,
Buddy Tate & Milt Buckner,Buddy Tate & Milt Buckner,1,low,false,
Buena Vista Social Club,Buena Vista Social Club,1,low,false,
Buffalo Highlites,Buffalo Highlites,1,low,false,
Buffy Sainte-Marie,Buffy Sainte-Marie,1,low,false,
Buzz Clifford,Buzz Clifford,1,low,false,
Byram Brothers,Byram Brothers,1,low,false,
Byron Lee and the Dragonaires,Byron Lee and the Dragonaires,1,low,false,
Byron Lee And The Dragonaires,Byron Lee And The Dragonaires,1,low,false,
Bānhūs,Bānhūs,1,low,false,
Cadcatz Sun Quartet,Cadcatz Sun Quartet,1,low,false,
Cadillac Hitmen,Cadillac Hitmen,1,low,false,
Caitlin Canty,Caitlin Canty,1,low,false,
Caleb Klauder & Reeb Willms,Caleb Klauder & Reeb Willms,1,low,false,
Californians,Californians,1,low,false,
Candle & Kevin Coons,Candle & Kevin Coons,1,low,false,
Candy Says,Candy Says,1,low,false,
Captain Beefheart & His Magic Band,Captain Beefheart & His Magic Band,1,low,false,
Captain Milk (Edwin Hubbard),Captain Milk (Edwin Hubbard),1,low,false,
Carla Borghetti,Carla Borghetti,1,low,false,
Carlo Savina And His Orchestra,Carlo Savina And His Orchestra,1,low,false,
Carlos & The Bandidos,Carlos & The Bandidos,1,low,false,
Carnival Nevermore,Carnival Nevermore,1,low,false,
Carol Markstrom,Carol Markstrom,1,low,false,
Caroline Doctorow,Caroline Doctorow,1,low,false,
Carolyn Wonderland,Carolyn Wonderland,1,low,false,
Carpenters,Carpenters,1,low,false,
Carter Burwell,Carter Burwell,1,low,false,
Casa Ukrania,Casa Ukrania,1,low,false,
Casey Abrams,Casey Abrams,1,low,false,
Casey MacGill & the Spirits of Rhythm,Casey MacGill & the Spirits of Rhythm,1,low,false,
Cash O'riley & the Downright Daddies,Cash O'riley & the Downright Daddies,1,low,false,
Cass McCombs,Cass McCombs,1,low,false,
Cassandra Wilson,Cassandra Wilson,1,low,false,
Cat Power & Karen Elson,Cat Power & Karen Elson,1,low,false,
Catherine Grenier,Catherine Grenier,1,low,false,
Catherine Ringer & Gotan Project,Catherine Ringer & Gotan Project,1,low,false,
Catherine Russell,Catherine Russell,1,low,false,
Cats and Dinosaurs,Cats and Dinosaurs,1,low,false,
Cazale,Cazale,1,low,false,
Celtic Spirit,Celtic Spirit,1,low,false,
Chaco,Chaco,1,low,false,
Chad Nelson,Chad Nelson,1,low,false,
Chairmen Of The Board,Chairmen Of The Board,1,low,false,
Champian Fulton Trio,Champian Fulton Trio,1,low,false,
Change of Key,Change of Key,1,low,false,
Charles River Valley Boys,Charles River Valley Boys,1,low,false,
"Charlie Byrd, Orchestra and Chorus","Charlie Byrd, Orchestra and Chorus",1,low,false,
Charlie Halloran,Charlie Halloran,1,low,false,
Charlie Hunter Quartet,Charlie Hunter Quartet,1,low,false,
Charlie Parker & Chet Baker,Charlie Parker & Chet Baker,1,low,false,
Charlie Rich,Charlie Rich,1,low,false,
Cheap Violent Cats,Cheap Violent Cats,1,low,false,
Cher,Cher,1,low,false,
Cherry Poppin' Daddies,Cherry Poppin' Daddies,1,low,false,
Cheryl Thompson,Cheryl Thompson,1,low,false,
Chet Nichols,Chet Nichols,1,low,false,
Chicago,Chicago,1,low,false,
Chick Corea,Chick Corea,1,low,false,
Chip Whitson,Chip Whitson,1,low,false,
Chris Aron & The Croakers,Chris Aron & The Croakers,1,low,false,
Chris Bergson,Chris Bergson,1,low,false,
Chris Coco feat. Nick Cave,Chris Coco feat. Nick Cave,1,low,false,
Chris Connor,Chris Connor,1,low,false,
Chris Daniels & The Kings,Chris Daniels & The Kings,1,low,false,
Chris Farlowe,Chris Farlowe,1,low,false,
Chris Hillman,Chris Hillman,1,low,false,
Chris Isaak,Chris Isaak,1,low,false,
"Chris Isaak, Erik Jacobsen","Chris Isaak, Erik Jacobsen",1,low,false,
Chris Randall,Chris Randall,1,low,false,
Chris Standring,Chris Standring,1,low,false,
Chris Young,Chris Young,1,low,false,
Chrissie Hynde & Jimmy Cliff,Chrissie Hynde & Jimmy Cliff,1,low,false,
Christine Clifford,Christine Clifford,1,low,false,
Chrysta Bell,Chrysta Bell,1,low,false,
Chuy & The Bobcats,Chuy & The Bobcats,1,low,false,
Cicada Rhythm,Cicada Rhythm,1,low,false,
Cicci Santucci & Enzo Scoppa,Cicci Santucci & Enzo Scoppa,1,low,false,
Cinder Well,Cinder Well,1,low,false,
Clarence Carter,Clarence Carter,1,low,false,
Clark Terry Sextet & Ben Webster,Clark Terry Sextet & Ben Webster,1,low,false,
Classic Orchestra,Classic Orchestra,1,low,false,
Claudia Brücken & The Real Tuesday Weld,Claudia Brücken & The Real Tuesday Weld,1,low,false,
Claudia Thompson,Claudia Thompson,1,low,false,
Claudine Longet,Claudine Longet,1,low,false,
Claudio Tallino,Claudio Tallino,1,low,false,
Clayton Ryan & The Singing Mountain,Clayton Ryan & The Singing Mountain,1,low,false,
Cliff Jetson and His Mirage Men,Cliff Jetson and His Mirage Men,1,low,false,
Cockney Rebel,Cockney Rebel,1,low,false,
Coconut Kings,Coconut Kings,1,low,false,
CocoRosie,CocoRosie,1,low,false,
Cody Cooke and the Bayou Outlaws,Cody Cooke and the Bayou Outlaws,1,low,false,
Coeur de Pirate,Coeur de Pirate,1,low,false,
Coleman Hawkins,Coleman Hawkins,1,low,false,
Coleman Hawkins And His All+Stars,Coleman Hawkins And His All+Stars,1,low,false,
Colette Bone,Colette Bone,1,low,false,
Colin Devlin,Colin Devlin,1,low,false,
Colt Cobra,Colt Cobra,1,low,false,
Colter Wall,Colter Wall,1,low,false,
coma. fm,coma. fm,1,low,false,
Commodores,Commodores,1,low,false,
Complicated Man,Complicated Man,1,low,false,
Compulsion Games & Laura Ellis,Compulsion Games & Laura Ellis,1,low,false,
Conj. Santa Anita,Conj. Santa Anita,1,low,false,
Conor Oberst & Gillian Welch,Conor Oberst & Gillian Welch,1,low,false,
Conway Twitty,Conway Twitty,1,low,false,
Cookies 'n Beans,Cookies 'n Beans,1,low,false,
Cootie Williams And His Orchestra,Cootie Williams And His Orchestra,1,low,false,
Coral Fuzz,Coral Fuzz,1,low,false,
Corky Jones,Corky Jones,1,low,false,
Cory Branan,Cory Branan,1,low,false,
Count Basie,Count Basie,1,low,false,
Count Basie & His Orchestra,Count Basie & His Orchestra,1,low,false,
Counting Crows,Counting Crows,1,low,false,
Country Gentleman,Country Gentleman,1,low,false,
Country Joe & The Fish,Country Joe & The Fish,1,low,false,
Country Mama Annie,Country Mama Annie,1,low,false,
Courtney Barnett,Courtney Barnett,1,low,false,
Craic 'n' Roll,Craic 'n' Roll,1,low,false,
Crash Test Dummies,Crash Test Dummies,1,low,false,
Crazy Aces,Crazy Aces,1,low,false,
Crazy Cavan,Crazy Cavan,1,low,false,
Crazy Cavan And The Rhythm Rockers,Crazy Cavan And The Rhythm Rockers,1,low,false,
Crazy Horses,Crazy Horses,1,low,false,
Cream,Cream,1,low,false,
Crocodylus,Crocodylus,1,low,false,
Crosby and Nash,Crosby and Nash,1,low,false,
Crypt 24,Crypt 24,1,low,false,
Culture Club,Culture Club,1,low,false,
Curtis Stigers,Curtis Stigers,1,low,false,
CVTTVNMVVTH,CVTTVNMVVTH,1,low,false,
Cyrkle,Cyrkle,1,low,false,
Cécile Bredie,Cécile Bredie,1,low,false,
Daisy Dick & The Cannibal Sinners,Daisy Dick & The Cannibal Sinners,1,low,false,
Daisy Sisters,Daisy Sisters,1,low,false,
Daisy sisters,Daisy sisters,1,low,false,
Dale Watson feat. Linda Gail Lewis,Dale Watson feat. Linda Gail Lewis,1,low,false,
Dale Watson feat. The Hillbilly Moon Explosion,Dale Watson feat. The Hillbilly Moon Explosion,1,low,false,
Dalida,Dalida,1,low,false,
Damage Kicks,Damage Kicks,1,low,false,
Damita Jo,Damita Jo,1,low,false,
Dan Baird,Dan Baird,1,low,false,
Dan Mangan,Dan Mangan,1,low,false,
Dan Zanes feat Lou Reed,Dan Zanes feat Lou Reed,1,low,false,
Dana Gillespie,Dana Gillespie,1,low,false,
Danger Mouse & Daniele Luppi & Jack White,Danger Mouse & Daniele Luppi & Jack White,1,low,false,
Dani Trabal Dúo,Dani Trabal Dúo,1,low,false,
Daniel Boone,Daniel Boone,1,low,false,
Daniel Diaz,Daniel Diaz,1,low,false,
Daniel Meade,Daniel Meade,1,low,false,
Daniela Casa & Massimo Catalano,Daniela Casa & Massimo Catalano,1,low,false,
Danny B. Harvey & Mysti Moon,Danny B. Harvey & Mysti Moon,1,low,false,
Danny Doyle,Danny Doyle,1,low,false,
Danny McCullouch,Danny McCullouch,1,low,false,
Danny O'Keefe,Danny O'Keefe,1,low,false,
Danny Reno & The Seniors,Danny Reno & The Seniors,1,low,false,
Danny Williams,Danny Williams,1,low,false,
Dark Bottle,Dark Bottle,1,low,false,
Darlings,Darlings,1,low,false,
Darrel Higham,Darrel Higham,1,low,false,
Dave Brubeck,Dave Brubeck,1,low,false,
Dave Brubeck Quartet,Dave Brubeck Quartet,1,low,false,
"Dave Dee, Dozy, Beaky, Mick & Tich","Dave Dee, Dozy, Beaky, Mick & Tich",1,low,false,
Dave Del Monte & The Cross County Boys,Dave Del Monte & The Cross County Boys,1,low,false,
Dave Del Monte & The Cross County Boys Featuring Crash Gordon,Dave Del Monte & The Cross County Boys Featuring Crash Gordon,1,low,false,
Dave Hillyard And The Rocksteady Seven,Dave Hillyard And The Rocksteady Seven,1,low,false,
Dave Mason & Cass Elliot,Dave Mason & Cass Elliot,1,low,false,
Dave Stewart and Vanessa Paradis,Dave Stewart and Vanessa Paradis,1,low,false,
David Ackles,David Ackles,1,low,false,
David Arnold,David Arnold,1,low,false,
David Axelrod,David Axelrod,1,low,false,
"David Baron, Donna Lewis","David Baron, Donna Lewis",1,low,false,
David Bowie & Queen,David Bowie & Queen,1,low,false,
David Bowie and Marianne Faithfull,David Bowie and Marianne Faithfull,1,low,false,
David Byrne,David Byrne,1,low,false,
David Byrne feat. Ghost Train Orchestra & Hayley Williams,David Byrne feat. Ghost Train Orchestra & Hayley Williams,1,low,false,
David Garrick,David Garrick,1,low,false,
David Gilmour & Friends,David Gilmour & Friends,1,low,false,
David J,David J,1,low,false,
David Lynch,David Lynch,1,low,false,
Davy Graham,Davy Graham,1,low,false,
Dawg House,Dawg House,1,low,false,
Dawn feat. Tony Orlando,Dawn feat. Tony Orlando,1,low,false,
Dead Counterpoint Initiative,Dead Counterpoint Initiative,1,low,false,
Dead Kings,Dead Kings,1,low,false,
Dead Melodies,Dead Melodies,1,low,false,
Dean Brody Ft. Great Big Sea,Dean Brody Ft. Great Big Sea,1,low,false,
Dean Winter & the Heat,Dean Winter & the Heat,1,low,false,
Debbie Duncan,Debbie Duncan,1,low,false,
Debbie Harry and Los Fabulosos Cadillacs,Debbie Harry and Los Fabulosos Cadillacs,1,low,false,
Debbie Henning,Debbie Henning,1,low,false,
Deke Dickerson,Deke Dickerson,1,low,false,
Delcardos,Delcardos,1,low,false,
Demented Are Go,Demented Are Go,1,low,false,
Demis Roussos,Demis Roussos,1,low,false,
Denis Solee,Denis Solee,1,low,false,
Denise LaSalle,Denise LaSalle,1,low,false,
Dennis Wilson,Dennis Wilson,1,low,false,
Denzal Sinclaire,Denzal Sinclaire,1,low,false,
Derrick Big Walker and The Blues Nephews,Derrick Big Walker and The Blues Nephews,1,low,false,
Detour Doom Ensemble,Detour Doom Ensemble,1,low,false,
"Devil Doll, Charlie Overbey","Devil Doll, Charlie Overbey",1,low,false,
Diamanda Galas,Diamanda Galas,1,low,false,
Diana Krall & Sarah McLachlan,Diana Krall & Sarah McLachlan,1,low,false,
Dick Dale & His Del-Tones,Dick Dale & His Del-Tones,1,low,false,
DICK DALE and THE DEL-TONES,DICK DALE and THE DEL-TONES,1,low,false,
Dick Dale/Stevie Ray Vaughan,Dick Dale/Stevie Ray Vaughan,1,low,false,
Dick Glasser & Co.,Dick Glasser & Co.,1,low,false,
Dinah Washington,Dinah Washington,1,low,false,
Dinah Washington & Brook Bento,Dinah Washington & Brook Bento,1,low,false,
Dion & The Belmonts,Dion & The Belmonts,1,low,false,
Dionne Warwick,Dionne Warwick,1,low,false,
Dirty Mops,Dirty Mops,1,low,false,
Disturbed,Disturbed,1,low,false,
Dmitri Matheny,Dmitri Matheny,1,low,false,
Doc & Merle Watson,Doc & Merle Watson,1,low,false,
Doctor Velvet,Doctor Velvet,1,low,false,
Don Byas,Don Byas,1,low,false,
Don French,Don French,1,low,false,
Don Joseph,Don Joseph,1,low,false,
Don McLean,Don McLean,1,low,false,
Donna Lynn,Donna Lynn,1,low,false,
Donovan Alex,Donovan Alex,1,low,false,
Dorothy Moore,Dorothy Moore,1,low,false,
Douglas Fir,Douglas Fir,1,low,false,
Doyley & The Rejects,Doyley & The Rejects,1,low,false,
Doyley And The Twanglords,Doyley And The Twanglords,1,low,false,
Dr Surf,Dr Surf,1,low,false,
Dr. Saxlove,Dr. Saxlove,1,low,false,
Dr. Tritón,Dr. Tritón,1,low,false,
Dramarama,Dramarama,1,low,false,
Drayton Farley,Drayton Farley,1,low,false,
Dreadful,Dreadful,1,low,false,
Dropkick,Dropkick,1,low,false,
Drunken Hearts,Drunken Hearts,1,low,false,
Duke Ellington & John Coltrane & Billy Strayhorn,Duke Ellington & John Coltrane & Billy Strayhorn,1,low,false,
Duke Ellington & Louis Armstrong,Duke Ellington & Louis Armstrong,1,low,false,
"Duke Ellington, Ella Fitzgerald","Duke Ellington, Ella Fitzgerald",1,low,false,
Durand Jones & The Indications & Aaron Frazer,Durand Jones & The Indications & Aaron Frazer,1,low,false,
Dusk SRC,Dusk SRC,1,low,false,
DVA The Band,DVA The Band,1,low,false,
Dypsomaniaxe,Dypsomaniaxe,1,low,false,
E. Pieranunzi & S. Chimenti,E. Pieranunzi & S. Chimenti,1,low,false,
Earl Grant,Earl Grant,1,low,false,
Earl Hines,Earl Hines,1,low,false,
"Earth, Wind & Fire","Earth, Wind & Fire",1,low,false,
Eartha Kitt,Eartha Kitt,1,low,false,
Eddie & Betty,Eddie & Betty,1,low,false,
Eddie Floyd,Eddie Floyd,1,low,false,
Eddie Spaghetti,Eddie Spaghetti,1,low,false,
Edie Brickell & New Bohemians,Edie Brickell & New Bohemians,1,low,false,
EDMUNDO ROSS and his Orchestra,EDMUNDO ROSS and his Orchestra,1,low,false,
Edwards Hand,Edwards Hand,1,low,false,
Edwin Starr,Edwin Starr,1,low,false,
Egisto Macchi,Egisto Macchi,1,low,false,
Eightmen,Eightmen,1,low,false,
Eileen Barton,Eileen Barton,1,low,false,
Ein Astronaut,Ein Astronaut,1,low,false,
Eldanka,Eldanka,1,low,false,
Eleanor Bodel,Eleanor Bodel,1,low,false,
Eliane Elias,Eliane Elias,1,low,false,
Elisabeth Grey,Elisabeth Grey,1,low,false,
Elisabeth Hope,Elisabeth Hope,1,low,false,
Elizabeth Karayekov Big Band,Elizabeth Karayekov Big Band,1,low,false,
Elkie Brooks,Elkie Brooks,1,low,false,
Ella Fitzgerald & Duke Ellington,Ella Fitzgerald & Duke Ellington,1,low,false,
Ella Fitzgerald & Louis Armstrong,Ella Fitzgerald & Louis Armstrong,1,low,false,
Ella Fitzgerald With Chick Webb & His Orchestra,Ella Fitzgerald With Chick Webb & His Orchestra,1,low,false,
Elles Bailey,Elles Bailey,1,low,false,
Ellie Benn,Ellie Benn,1,low,false,
Ellie Goulding,Ellie Goulding,1,low,false,
Ellie Strong & Kyle Addison,Ellie Strong & Kyle Addison,1,low,false,
Elliot's Music Room,Elliot's Music Room,1,low,false,
Elliott Murphy,Elliott Murphy,1,low,false,
Elton John feat. John Lennon,Elton John feat. John Lennon,1,low,false,
Elvis Costello and the Attractions,Elvis Costello and the Attractions,1,low,false,
Elvis Costello and The Attractions,Elvis Costello and The Attractions,1,low,false,
Elvis Presley With the Royal Philharmonic Orchestra,Elvis Presley With the Royal Philharmonic Orchestra,1,low,false,
Emily Marie Palmer & Jeffrey Butzer,Emily Marie Palmer & Jeffrey Butzer,1,low,false,
Emitt Rhodes,Emitt Rhodes,1,low,false,
Emma & the Aristodemo's,Emma & the Aristodemo's,1,low,false,
Emma Ruth Rundle & Thou,Emma Ruth Rundle & Thou,1,low,false,
Emmylou Harris and The Pretenders,Emmylou Harris and The Pretenders,1,low,false,
Emmylou Harris with Steve Earle,Emmylou Harris with Steve Earle,1,low,false,
Emmylou Harris with Willie Nelson,Emmylou Harris with Willie Nelson,1,low,false,
"Ennio Morricone, Alessandro Alessandroni","Ennio Morricone, Alessandro Alessandroni",1,low,false,
Enoch Light And The Brass Menagerie,Enoch Light And The Brass Menagerie,1,low,false,
Enrico Simonetti,Enrico Simonetti,1,low,false,
Eric Burdon,Eric Burdon,1,low,false,
Eric Clapton & Roger Waters,Eric Clapton & Roger Waters,1,low,false,
Eric Clapton & The Yardbirds,Eric Clapton & The Yardbirds,1,low,false,
Eric Hagen,Eric Hagen,1,low,false,
Eric Kay and The Surfaronnies,Eric Kay and The Surfaronnies,1,low,false,
Ernesto Nicelli,Ernesto Nicelli,1,low,false,
Ernie K-Doe,Ernie K-Doe,1,low,false,
Esther Ofarim,Esther Ofarim,1,low,false,
Esther Phillips,Esther Phillips,1,low,false,
Ethan Gold & The Staves,Ethan Gold & The Staves,1,low,false,
Ethan Luck,Ethan Luck,1,low,false,
Etienne Daho,Etienne Daho,1,low,false,
Eva Cassidy & Chuck Brown,Eva Cassidy & Chuck Brown,1,low,false,
Everly Brothers,Everly Brothers,1,low,false,
"Everly Brothers, The","Everly Brothers, The",1,low,false,
Ewan McGregor,Ewan McGregor,1,low,false,
Faith Hill,Faith Hill,1,low,false,
Faith No More,Faith No More,1,low,false,
Fantastic Baggys,Fantastic Baggys,1,low,false,
Farlocco & The Swingers,Farlocco & The Swingers,1,low,false,
Fast Frank and the Hot Shout Blues,Fast Frank and the Hot Shout Blues,1,low,false,
Fatboy,Fatboy,1,low,false,
Fats And The Chessmen,Fats And The Chessmen,1,low,false,
Fenton Robinson,Fenton Robinson,1,low,false,
Fifty Foot Combo,Fifty Foot Combo,1,low,false,
Fiorello & Matt Damon & Jude Law,Fiorello & Matt Damon & Jude Law,1,low,false,
First Aid Kit,First Aid Kit,1,low,false,
Fizz Jazz,Fizz Jazz,1,low,false,
Flamestones,Flamestones,1,low,false,
Flash Cadillac & The Continental Kids,Flash Cadillac & The Continental Kids,1,low,false,
Fleetwood Mac,Fleetwood Mac,1,low,false,
Flooded Fields Quartet feat Manet,Flooded Fields Quartet feat Manet,1,low,false,
Flower Smellers,Flower Smellers,1,low,false,
Floyd Cramer,Floyd Cramer,1,low,false,
Floyd James & The GTs,Floyd James & The GTs,1,low,false,
Fly Janet,Fly Janet,1,low,false,
Folkulaka,Folkulaka,1,low,false,
Fontaines D.C.,Fontaines D.C.,1,low,false,
Footstep Surf Music Band,Footstep Surf Music Band,1,low,false,
For Sale Band,For Sale Band,1,low,false,
Four Tops,Four Tops,1,low,false,
Foxes,Foxes,1,low,false,
France Gall,France Gall,1,low,false,
Francis Morello,Francis Morello,1,low,false,
Franck Pourcel,Franck Pourcel,1,low,false,
Franco Altissimi,Franco Altissimi,1,low,false,
Franco Bracardi,Franco Bracardi,1,low,false,
Frank Chacksfield & His Orchestra,Frank Chacksfield & His Orchestra,1,low,false,
Frank Sinatra & Antônio Carlos Jobim,Frank Sinatra & Antônio Carlos Jobim,1,low,false,
"Frank Sinatra, Count Basie","Frank Sinatra, Count Basie",1,low,false,
Frankie & The Pool Boys,Frankie & The Pool Boys,1,low,false,
Frankie Avalon,Frankie Avalon,1,low,false,
Frankie Ortega And Sy Oliver,Frankie Ortega And Sy Oliver,1,low,false,
Freddy Canoe,Freddy Canoe,1,low,false,
Freeky Cleen & Dickey F,Freeky Cleen & Dickey F,1,low,false,
Freeky Cleen & Doug Steigerwald,Freeky Cleen & Doug Steigerwald,1,low,false,
Freeky Cleen feat. V. Sorokin,Freeky Cleen feat. V. Sorokin,1,low,false,
Freya Josephine Hollick,Freya Josephine Hollick,1,low,false,
Frieda,Frieda,1,low,false,
Froghat,Froghat,1,low,false,
Funkadelic,Funkadelic,1,low,false,
G. Ducros,G. Ducros,1,low,false,
Gabor Szabo And The California Dreamers,Gabor Szabo And The California Dreamers,1,low,false,
Gabriele Ducros,Gabriele Ducros,1,low,false,
Gareth Nugent,Gareth Nugent,1,low,false,
Garrington T Jones,Garrington T Jones,1,low,false,
Gary Mcfarland,Gary Mcfarland,1,low,false,
Gary Moore,Gary Moore,1,low,false,
Gasolines,Gasolines,1,low,false,
Gauna Batz,Gauna Batz,1,low,false,
Gemini 13,Gemini 13,1,low,false,
Gene Cotton,Gene Cotton,1,low,false,
Gene Pitney,Gene Pitney,1,low,false,
Gene Pool & The Shallows,Gene Pool & The Shallows,1,low,false,
Gene Vincent & The Shouts,Gene Vincent & The Shouts,1,low,false,
George Benson,George Benson,1,low,false,
George Jones,George Jones,1,low,false,
George Jones & Gene Pitney,George Jones & Gene Pitney,1,low,false,
George Shearing,George Shearing,1,low,false,
George Strait,George Strait,1,low,false,
George White Group,George White Group,1,low,false,
Georges I. Gurdjieff,Georges I. Gurdjieff,1,low,false,
Georgia Weber and The Sleeved Hearts,Georgia Weber and The Sleeved Hearts,1,low,false,
Gerardo Iacoucci & Paola Massero,Gerardo Iacoucci & Paola Massero,1,low,false,
Gerry Mulligan,Gerry Mulligan,1,low,false,
Gheorghe Zamfir,Gheorghe Zamfir,1,low,false,
Ghost City Collective,Ghost City Collective,1,low,false,
Gianni Oddi,Gianni Oddi,1,low,false,
Giles Giles and Fripp,Giles Giles and Fripp,1,low,false,
Gillian Welch & David Rawlings,Gillian Welch & David Rawlings,1,low,false,
Gimnazija Kranj Revue Orchestra,Gimnazija Kranj Revue Orchestra,1,low,false,
Gin Gypsy,Gin Gypsy,1,low,false,
Gina Fabiani,Gina Fabiani,1,low,false,
Gina Jones,Gina Jones,1,low,false,
Gina Sicilia,Gina Sicilia,1,low,false,
Ginny & The Gallions,Ginny & The Gallions,1,low,false,
Ginny Tiu & the Few,Ginny Tiu & the Few,1,low,false,
Giovanna Pessi Susanna Wallumrød,Giovanna Pessi Susanna Wallumrød,1,low,false,
Giovanni Ferroni,Giovanni Ferroni,1,low,false,
Gitane Demone,Gitane Demone,1,low,false,
Glenda And Glen,Glenda And Glen,1,low,false,
Glenn Crytzer's Secluded Seven,Glenn Crytzer's Secluded Seven,1,low,false,
Glenn Miller,Glenn Miller,1,low,false,
Golden Mile Band,Golden Mile Band,1,low,false,
Golems of the Red Planet,Golems of the Red Planet,1,low,false,
Gordon Alexander,Gordon Alexander,1,low,false,
Gorilla,Gorilla,1,low,false,
Grace Potter,Grace Potter,1,low,false,
Gran Orquestre Popular de las Americas,Gran Orquestre Popular de las Americas,1,low,false,
Grant Lee Buffalo,Grant Lee Buffalo,1,low,false,
Grayson Capps,Grayson Capps,1,low,false,
Gry Sol Karlsson,Gry Sol Karlsson,1,low,false,
Guitar Slingers,Guitar Slingers,1,low,false,
Guitar Tribute Players,Guitar Tribute Players,1,low,false,
Guy Clark,Guy Clark,1,low,false,
Gökçen Kaynatan,Gökçen Kaynatan,1,low,false,
Hal Ketchum,Hal Ketchum,1,low,false,
Hall & Oates,Hall & Oates,1,low,false,
Haney's Big House,Haney's Big House,1,low,false,
Hangmen,Hangmen,1,low,false,
Hank Pine & Lily Fawn,Hank Pine & Lily Fawn,1,low,false,
Hannah Gill,Hannah Gill,1,low,false,
Happyness,Happyness,1,low,false,
Harald Thune,Harald Thune,1,low,false,
Harmonica Lewinski,Harmonica Lewinski,1,low,false,
HAROLD AND BOB,HAROLD AND BOB,1,low,false,
Harold Melvin & The Blue Notes & Teddy Pendergrass,Harold Melvin & The Blue Notes & Teddy Pendergrass,1,low,false,
"Harry Connick, Jr.","Harry Connick, Jr.",1,low,false,
Harry Katz and the Pistachios,Harry Katz and the Pistachios,1,low,false,
Harvey Andrews,Harvey Andrews,1,low,false,
Harvey McLaughlin,Harvey McLaughlin,1,low,false,
Hasil Adkins,Hasil Adkins,1,low,false,
Heather Maloney,Heather Maloney,1,low,false,
Heather Nova,Heather Nova,1,low,false,
Heatwaves,Heatwaves,1,low,false,
Helen Reddy,Helen Reddy,1,low,false,
Helena Vondrackova,Helena Vondrackova,1,low,false,
Helene Neijmeijer,Helene Neijmeijer,1,low,false,
Hell Hoe Kitti,Hell Hoe Kitti,1,low,false,
Help Me Devil,Help Me Devil,1,low,false,
Hendrikse,Hendrikse,1,low,false,
Henk Hofstede,Henk Hofstede,1,low,false,
Henri Rene & His Orchestra,Henri Rene & His Orchestra,1,low,false,
Henri Rene & His Orchestra & C,Henri Rene & His Orchestra & C,1,low,false,
Henry Hugo,Henry Hugo,1,low,false,
Henry Purcell,Henry Purcell,1,low,false,
Henry Purcell & Alfred Deller,Henry Purcell & Alfred Deller,1,low,false,
Henson Cargill,Henson Cargill,1,low,false,
Herb Alpert & The Tijuana Brass,Herb Alpert & The Tijuana Brass,1,low,false,
Herbie Harper,Herbie Harper,1,low,false,
Herman Brood,Herman Brood,1,low,false,
Herschel Burke Gilbert,Herschel Burke Gilbert,1,low,false,
High Strung Ramblers,High Strung Ramblers,1,low,false,
Hilary Gardner,Hilary Gardner,1,low,false,
Hillbilly Kings,Hillbilly Kings,1,low,false,
Hipbone Slim & The Kneetremblers,Hipbone Slim & The Kneetremblers,1,low,false,
Hiss Golden Messenger,Hiss Golden Messenger,1,low,false,
Hola Ghost,Hola Ghost,1,low,false,
Holly Cole Javon Jackson,Holly Cole Javon Jackson,1,low,false,
Hollywood Trailer Music Orchestra,Hollywood Trailer Music Orchestra,1,low,false,
Hoox,Hoox,1,low,false,
HorrorPops,HorrorPops,1,low,false,
Hot Boogie Chillun,Hot Boogie Chillun,1,low,false,
Hot Doggers,Hot Doggers,1,low,false,
Hot Rod Walt & The Psycho-Devilles,Hot Rod Walt & The Psycho-Devilles,1,low,false,
Hot Rod Walt and the Psycho-DeVilles,Hot Rod Walt and the Psycho-DeVilles,1,low,false,
Hot Work,Hot Work,1,low,false,
Howard Rickard,Howard Rickard,1,low,false,
Howard Tate,Howard Tate,1,low,false,
Huelyn Duvall,Huelyn Duvall,1,low,false,
Huevos Rancheros,Huevos Rancheros,1,low,false,
Hugh Cornwell,Hugh Cornwell,1,low,false,
Hugues Auffray,Hugues Auffray,1,low,false,
Hypnobooster,Hypnobooster,1,low,false,
I Marc 4 & Edda Dell'Orso,I Marc 4 & Edda Dell'Orso,1,low,false,
I'm With Her,I'm With Her,1,low,false,
Ian Whitcomb & His Seaside Syncopators,Ian Whitcomb & His Seaside Syncopators,1,low,false,
ICI PARIS,ICI PARIS,1,low,false,
Iestyn Davies,Iestyn Davies,1,low,false,
Iggy and The Stooges,Iggy and The Stooges,1,low,false,
Iggy And The Stooges,Iggy And The Stooges,1,low,false,
Iggy Pop Feat. David Bowie,Iggy Pop Feat. David Bowie,1,low,false,
Indians,Indians,1,low,false,
Indra Rios-Moore,Indra Rios-Moore,1,low,false,
Inga Lynch,Inga Lynch,1,low,false,
Inga Lynch feat. Elsa Tootsie and the Mini Band,Inga Lynch feat. Elsa Tootsie and the Mini Band,1,low,false,
Inoportunos,Inoportunos,1,low,false,
Introducers,Introducers,1,low,false,
Ioann Rio,Ioann Rio,1,low,false,
Irish Rovers,Irish Rovers,1,low,false,
Irma Thomas,Irma Thomas,1,low,false,
Isley Brothers,Isley Brothers,1,low,false,
Ivan Motosserra Surf & Trash,Ivan Motosserra Surf & Trash,1,low,false,
J.Honk,J.Honk,1,low,false,
J.J.Cale,J.J.Cale,1,low,false,
J.S. Ondara,J.S. Ondara,1,low,false,
JACK AND JIM,JACK AND JIM,1,low,false,
Jack Blanchard & Misty Morgan,Jack Blanchard & Misty Morgan,1,low,false,
Jack Klatt,Jack Klatt,1,low,false,
Jack Nitzsche,Jack Nitzsche,1,low,false,
Jackie Brenston & His Delta Cats,Jackie Brenston & His Delta Cats,1,low,false,
Jacky Terrasson & Stéphane Belmondo,Jacky Terrasson & Stéphane Belmondo,1,low,false,
Jade Bird,Jade Bird,1,low,false,
Jake Calypso,Jake Calypso,1,low,false,
James,James,1,low,false,
James Blunt,James Blunt,1,low,false,
James Carr,James Carr,1,low,false,
James Gilmour,James Gilmour,1,low,false,
James Hall,James Hall,1,low,false,
James Ingram,James Ingram,1,low,false,
James Ingram & Patti Austin,James Ingram & Patti Austin,1,low,false,
James Marshall,James Marshall,1,low,false,
James Ray,James Ray,1,low,false,
Jane Rose and The Deadends,Jane Rose and The Deadends,1,low,false,
Japanese Television,Japanese Television,1,low,false,
Jarvis Cocker & Kid Loco,Jarvis Cocker & Kid Loco,1,low,false,
Jason Beers,Jason Beers,1,low,false,
Jason Janik,Jason Janik,1,low,false,
Jay And The Americans,Jay And The Americans,1,low,false,
"Jay McShann, Dick Hyman, Harry Sweets Edison","Jay McShann, Dick Hyman, Harry Sweets Edison",1,low,false,
Jazzosmosis,Jazzosmosis,1,low,false,
Jeanette,Jeanette,1,low,false,
Jeff Beck,Jeff Beck,1,low,false,
Jeff Plankenhorn,Jeff Plankenhorn,1,low,false,
Jefferson Dust,Jefferson Dust,1,low,false,
Jem,Jem,1,low,false,
Jenna Nicholls,Jenna Nicholls,1,low,false,
Jennie and The Slingers,Jennie and The Slingers,1,low,false,
Jennie Smith,Jennie Smith,1,low,false,
Jenny Choi & Sanawon,Jenny Choi & Sanawon,1,low,false,
Jenny Owen Youngs,Jenny Owen Youngs,1,low,false,
Jeremy Mohney,Jeremy Mohney,1,low,false,
Jess Glynne,Jess Glynne,1,low,false,
Jethro Tull,Jethro Tull,1,low,false,
Jill Tracy,Jill Tracy,1,low,false,
Jim Croce,Jim Croce,1,low,false,
Jim Jeffries,Jim Jeffries,1,low,false,
Jim Pewter,Jim Pewter,1,low,false,
Jimmie Lunceford,Jimmie Lunceford,1,low,false,
Jimmy Grubbs,Jimmy Grubbs,1,low,false,
Jimmy Hendrix,Jimmy Hendrix,1,low,false,
Jimmy Johnson & Typhanie Monique,Jimmy Johnson & Typhanie Monique,1,low,false,
Jimmy Ray,Jimmy Ray,1,low,false,
Jimmy Rushing,Jimmy Rushing,1,low,false,
Jimmy Scott,Jimmy Scott,1,low,false,
Jimmy Webb and Mark Knopfler,Jimmy Webb and Mark Knopfler,1,low,false,
Jive Giants,Jive Giants,1,low,false,
Jiving Bo,Jiving Bo,1,low,false,
JJ Heller,JJ Heller,1,low,false,
Jo Lemaire,Jo Lemaire,1,low,false,
Jo Stafford,Jo Stafford,1,low,false,
Joe B. Humbled,Joe B. Humbled,1,low,false,
Joe Brown & his Bruvvers,Joe Brown & his Bruvvers,1,low,false,
Joe Carter,Joe Carter,1,low,false,
Joe Harriott,Joe Harriott,1,low,false,
Joe Horten Combo,Joe Horten Combo,1,low,false,
Joe Louis Walker,Joe Louis Walker,1,low,false,
Joe Strummer,Joe Strummer,1,low,false,
Joe Turner & Pee Wee Crayton & Sonny Stitt,Joe Turner & Pee Wee Crayton & Sonny Stitt,1,low,false,
Joe Williams With The Red Saunders Orchestra,Joe Williams With The Red Saunders Orchestra,1,low,false,
Joel Fausto & Illusion Orchestra,Joel Fausto & Illusion Orchestra,1,low,false,
Joey Ramone,Joey Ramone,1,low,false,
Joey Ramone & Holly Beth Vincent,Joey Ramone & Holly Beth Vincent,1,low,false,
John & Jackie,John & Jackie,1,low,false,
John & Nienke,John & Nienke,1,low,false,
John and Nienke,John and Nienke,1,low,false,
John Barry & Hollywood Bowl Orchestra & John Mauceri,John Barry & Hollywood Bowl Orchestra & John Mauceri,1,low,false,
John Bergeron,John Bergeron,1,low,false,
John C. Reilly,John C. Reilly,1,low,false,
John Fogerty,John Fogerty,1,low,false,
John Greaves,John Greaves,1,low,false,
John Lee Hooker and Santana,John Lee Hooker and Santana,1,low,false,
"John Lee Hooker, Buddy Guy, Fred Below","John Lee Hooker, Buddy Guy, Fred Below",1,low,false,
John Lewis,John Lewis,1,low,false,
John Leyton,John Leyton,1,low,false,
John Mayall,John Mayall,1,low,false,
John Patitucci,John Patitucci,1,low,false,
John R. Miller,John R. Miller,1,low,false,
John Wort Hannam,John Wort Hannam,1,low,false,
Johnnie Taylor,Johnnie Taylor,1,low,false,
Johnny Burnette,Johnny Burnette,1,low,false,
Johnny Cash & Joe Strummer,Johnny Cash & Joe Strummer,1,low,false,
Johnny Cash and Fiona Apple,Johnny Cash and Fiona Apple,1,low,false,
Johnny Cash and Rosie Nix Adams,Johnny Cash and Rosie Nix Adams,1,low,false,
Johnny Cash with June Carter Cash,Johnny Cash with June Carter Cash,1,low,false,
"Johnny Cash, Kris Kristofferson, Waylon Jennings, Willie Nelson","Johnny Cash, Kris Kristofferson, Waylon Jennings, Willie Nelson",1,low,false,
Johnny Casino,Johnny Casino,1,low,false,
Johnny Copeland,Johnny Copeland,1,low,false,
Johnny Farnham,Johnny Farnham,1,low,false,
Johnny Mercer & The Pied Pipers,Johnny Mercer & The Pied Pipers,1,low,false,
Jolanda & The Bellhops,Jolanda & The Bellhops,1,low,false,
Jon And Robin,Jon And Robin,1,low,false,
Joni Mitchell,Joni Mitchell,1,low,false,
Jordan Thomas Trio,Jordan Thomas Trio,1,low,false,
Jorma Kaukonen,Jorma Kaukonen,1,low,false,
Jose Estela,Jose Estela,1,low,false,
Joseph Arthur,Joseph Arthur,1,low,false,
Joshua James,Joshua James,1,low,false,
Joshua James & The Forest Rangers,Joshua James & The Forest Rangers,1,low,false,
Joy Williams,Joy Williams,1,low,false,
Joyce Prescher with Lachlan Bryan,Joyce Prescher with Lachlan Bryan,1,low,false,
JUDODOJO,JUDODOJO,1,low,false,
Judy Garland & Lena Horne,Judy Garland & Lena Horne,1,low,false,
Julia Lee,Julia Lee,1,low,false,
Julia Lee And Her Boyfriends,Julia Lee And Her Boyfriends,1,low,false,
Julie Wallis,Julie Wallis,1,low,false,
Juliette Gréco,Juliette Gréco,1,low,false,
June & Lula,June & Lula,1,low,false,
Junior Marvel & His Hi-Flyers,Junior Marvel & His Hi-Flyers,1,low,false,
Junior Wells,Junior Wells,1,low,false,
Jyrki 69 feat Steve Stevens,Jyrki 69 feat Steve Stevens,1,low,false,
Kacy & Clayton and Marlon Williams,Kacy & Clayton and Marlon Williams,1,low,false,
Kai Danzberg,Kai Danzberg,1,low,false,
Kai Winding & Orchestra,Kai Winding & Orchestra,1,low,false,
Kai Winding featuring Kenny Burrell,Kai Winding featuring Kenny Burrell,1,low,false,
Kaia Kater,Kaia Kater,1,low,false,
Kameron Mantell,Kameron Mantell,1,low,false,
Kammerflimmer Kollektief,Kammerflimmer Kollektief,1,low,false,
Kansas,Kansas,1,low,false,
Kansas Smitty's,Kansas Smitty's,1,low,false,
Karen Lanaud,Karen Lanaud,1,low,false,
Karen Lawrence,Karen Lawrence,1,low,false,
Kari Kimmel,Kari Kimmel,1,low,false,
Karling and the Kadavers,Karling and the Kadavers,1,low,false,
Kasey Thornton Band,Kasey Thornton Band,1,low,false,
Kashmere Stage Band,Kashmere Stage Band,1,low,false,
Katatonics,Katatonics,1,low,false,
Kate Bush with Larry Adler,Kate Bush with Larry Adler,1,low,false,
Kate Wingfield,Kate Wingfield,1,low,false,
Katey Sagal,Katey Sagal,1,low,false,
Katey Sagal & The Forest Rangers,Katey Sagal & The Forest Rangers,1,low,false,
Katey Sagal & The Forest Rangers & Blake Mills,Katey Sagal & The Forest Rangers & Blake Mills,1,low,false,
Kathleen Martin,Kathleen Martin,1,low,false,
Kathy Freeman,Kathy Freeman,1,low,false,
Kathy Mattea,Kathy Mattea,1,low,false,
Kathy Young And The Innocents,Kathy Young And The Innocents,1,low,false,
Katie Cole,Katie Cole,1,low,false,
Katie Knipp,Katie Knipp,1,low,false,
Katie Melua,Katie Melua,1,low,false,
Katy Richards,Katy Richards,1,low,false,
Kaw Tikis,Kaw Tikis,1,low,false,
Keely Smith,Keely Smith,1,low,false,
Keely Smith & Louis Prima & Sam Butera & The Witnesses,Keely Smith & Louis Prima & Sam Butera & The Witnesses,1,low,false,
Keith Jarrett,Keith Jarrett,1,low,false,
Kelley Stoltz,Kelley Stoltz,1,low,false,
Kelly English,Kelly English,1,low,false,
Kenny Burrell,Kenny Burrell,1,low,false,
Kenny Hollywood,Kenny Hollywood,1,low,false,
Kerri Powers,Kerri Powers,1,low,false,
Kid Rock & Gretchen Wilson,Kid Rock & Gretchen Wilson,1,low,false,
Kieron Mcdonald,Kieron Mcdonald,1,low,false,
Killer Tone Jones,Killer Tone Jones,1,low,false,
King Cole Trio,King Cole Trio,1,low,false,
King Joe & The Atlantics,King Joe & The Atlantics,1,low,false,
King Princess,King Princess,1,low,false,
King Zerand Orchestra,King Zerand Orchestra,1,low,false,
Kingsmen,Kingsmen,1,low,false,
Kingston Trio,Kingston Trio,1,low,false,
Kioea,Kioea,1,low,false,
Kirsty Mccoll,Kirsty Mccoll,1,low,false,
Kolo Dvoh,Kolo Dvoh,1,low,false,
Konstantin Kolesnichenko and Bullet Blues Band feat Dmitry Litvinenko,Konstantin Kolesnichenko and Bullet Blues Band feat Dmitry Litvinenko,1,low,false,
Kraken Landau,Kraken Landau,1,low,false,
Kreeps (Performing as Grim County Coroners),Kreeps (Performing as Grim County Coroners),1,low,false,
Krewmen,Krewmen,1,low,false,
"Kris Kristofferson, Willie Nelson, Shooter Jennings & Jamey Johnson","Kris Kristofferson, Willie Nelson, Shooter Jennings & Jamey Johnson",1,low,false,
Krjesnice,Krjesnice,1,low,false,
Kronos Quartet,Kronos Quartet,1,low,false,
Kryptonix,Kryptonix,1,low,false,
Krzysztof Komeda,Krzysztof Komeda,1,low,false,
Kurt Vile,Kurt Vile,1,low,false,
Kyle Eastwood & Dave Chamberlain & Matt Home,Kyle Eastwood & Dave Chamberlain & Matt Home,1,low,false,
La Lupe,La Lupe,1,low,false,
La Luz,La Luz,1,low,false,
La Légende De Bagnolet,La Légende De Bagnolet,1,low,false,
La Negra,La Negra,1,low,false,
La Ratte,La Ratte,1,low,false,
Ladiva and Sylvain Daelemans,Ladiva and Sylvain Daelemans,1,low,false,
Lady Antebellum,Lady Antebellum,1,low,false,
LAGUESTRA & HIS ORCHESTRA,LAGUESTRA & HIS ORCHESTRA,1,low,false,
Laika & The Cosmonauts,Laika & The Cosmonauts,1,low,false,
Lakewood Cemetery,Lakewood Cemetery,1,low,false,
Lamb's Ear,Lamb's Ear,1,low,false,
Lana Cantrell,Lana Cantrell,1,low,false,
Larkin Poe,Larkin Poe,1,low,false,
Larry Campbell & Teresa Williams,Larry Campbell & Teresa Williams,1,low,false,
Las e Felipe,Las e Felipe,1,low,false,
Lasse Fruergaard,Lasse Fruergaard,1,low,false,
Laurels Sunshine,Laurels Sunshine,1,low,false,
Lauren Hoffman,Lauren Hoffman,1,low,false,
Lawndale,Lawndale,1,low,false,
Le London All Star,Le London All Star,1,low,false,
Lead Belly,Lead Belly,1,low,false,
Leadbelly,Leadbelly,1,low,false,
Leah and Her J-Walkers,Leah and Her J-Walkers,1,low,false,
Lee Morgan,Lee Morgan,1,low,false,
Lena Horne,Lena Horne,1,low,false,
Lenka Filipová,Lenka Filipová,1,low,false,
Leon Bridges,Leon Bridges,1,low,false,
Les Agamemnonz,Les Agamemnonz,1,low,false,
Les Jaguars,Les Jaguars,1,low,false,
Leslie Mendelson,Leslie Mendelson,1,low,false,
Lester Young & Oscar Peterson Trio,Lester Young & Oscar Peterson Trio,1,low,false,
Lets Play,Lets Play,1,low,false,
Levi Dexter & The Ripchords,Levi Dexter & The Ripchords,1,low,false,
Lewis Bailey,Lewis Bailey,1,low,false,
Lewis Pugh,Lewis Pugh,1,low,false,
LHD,LHD,1,low,false,
Library,Library,1,low,false,
Lick The Tins,Lick The Tins,1,low,false,
Lincoln Center Jazz Orchestra & Wynton Marsalis,Lincoln Center Jazz Orchestra & Wynton Marsalis,1,low,false,
Linda Gail Lewis (featuring Annie Marie Lewis),Linda Gail Lewis (featuring Annie Marie Lewis),1,low,false,
Linda Jones,Linda Jones,1,low,false,
Lindisfarne,Lindisfarne,1,low,false,
Link Davis,Link Davis,1,low,false,
Liquid Germs,Liquid Germs,1,low,false,
Lisa Stansfield,Lisa Stansfield,1,low,false,
Liselotte van Dooren,Liselotte van Dooren,1,low,false,
Lissie,Lissie,1,low,false,
Little Anthony & The Imperials,Little Anthony & The Imperials,1,low,false,
Little Willie John,Little Willie John,1,low,false,
Living End,Living End,1,low,false,
Loleatta Holloway,Loleatta Holloway,1,low,false,
Lolita Ritmanis,Lolita Ritmanis,1,low,false,
Lonnie Johnson,Lonnie Johnson,1,low,false,
Loose Cattle,Loose Cattle,1,low,false,
Lori Hardman,Lori Hardman,1,low,false,
Lori McKenna,Lori McKenna,1,low,false,
Lorrie Morgan & Pam Tillis,Lorrie Morgan & Pam Tillis,1,low,false,
Los Abismos,Los Abismos,1,low,false,
Los Antideslizantes,Los Antideslizantes,1,low,false,
Los Atascados,Los Atascados,1,low,false,
Los Banditos,Los Banditos,1,low,false,
Los Dangers,Los Dangers,1,low,false,
Los Dedos,Los Dedos,1,low,false,
Los Fuckin´ Surfer Smokers,Los Fuckin´ Surfer Smokers,1,low,false,
Los Grainders,Los Grainders,1,low,false,
Los Plantronics,Los Plantronics,1,low,false,
Los Protones,Los Protones,1,low,false,
Los Tiki Phantoms,Los Tiki Phantoms,1,low,false,
Los Twangers,Los Twangers,1,low,false,
Lost Boys of Penzance,Lost Boys of Penzance,1,low,false,
Lost Mary,Lost Mary,1,low,false,
Lota Red,Lota Red,1,low,false,
Lou Reed and John Cale,Lou Reed and John Cale,1,low,false,
Louie Zong,Louie Zong,1,low,false,
Louis Armstrong And The Duke Ellington Orchestra,Louis Armstrong And The Duke Ellington Orchestra,1,low,false,
Louis Prima & Sam Butera & The Witnesses,Louis Prima & Sam Butera & The Witnesses,1,low,false,
Louis Prima & Sam Butera & The Witnesses & Keely Smith,Louis Prima & Sam Butera & The Witnesses & Keely Smith,1,low,false,
Louisa Revolta,Louisa Revolta,1,low,false,
Love,Love,1,low,false,
Lovely Lise,Lovely Lise,1,low,false,
Low,Low,1,low,false,
Low Vs Diamond,Low Vs Diamond,1,low,false,
Lubomski,Lubomski,1,low,false,
Lubomír Brabec & Karel Vágner,Lubomír Brabec & Karel Vágner,1,low,false,
Lucinda Williams,Lucinda Williams,1,low,false,
Lucky 757,Lucky 757,1,low,false,
Lucky bar,Lucky bar,1,low,false,
Lucy Walsh,Lucy Walsh,1,low,false,
Luigi Zito,Luigi Zito,1,low,false,
Luis Bacalov,Luis Bacalov,1,low,false,
Luther Ingram,Luther Ingram,1,low,false,
Lux,Lux,1,low,false,
Lyambiko,Lyambiko,1,low,false,
Lynda Carter,Lynda Carter,1,low,false,
"Maciej Maleczuk & Nergal, Gienek Loska, John Porter","Maciej Maleczuk & Nergal, Gienek Loska, John Porter",1,low,false,
Mad Heads & Front,Mad Heads & Front,1,low,false,
Mad Jack 'N' The Hatters,Mad Jack 'N' The Hatters,1,low,false,
Mad Jack And The Hatters,Mad Jack And The Hatters,1,low,false,
Madness,Madness,1,low,false,
Majic Ship,Majic Ship,1,low,false,
Make Like a Tree,Make Like a Tree,1,low,false,
Malford Milligan& Southern Aces,Malford Milligan& Southern Aces,1,low,false,
Mama's Broke,Mama's Broke,1,low,false,
Man Or Astro-man?,Man Or Astro-man?,1,low,false,
Mandy Storm,Mandy Storm,1,low,false,
Manfred Mann,Manfred Mann,1,low,false,
Manfred Mann's Earth Band,Manfred Mann's Earth Band,1,low,false,
Mann Drake,Mann Drake,1,low,false,
Manu,Manu,1,low,false,
Manuş-u Âlâ,Manuş-u Âlâ,1,low,false,
Marco Di Maggio and The All Star gang,Marco Di Maggio and The All Star gang,1,low,false,
Marcus Jade,Marcus Jade,1,low,false,
Maria McKee,Maria McKee,1,low,false,
Mariachi Mexteca feat. Hugh Cornwell,Mariachi Mexteca feat. Hugh Cornwell,1,low,false,
Marie Celeste,Marie Celeste,1,low,false,
Marie Laforet,Marie Laforet,1,low,false,
Marilyn Monroe,Marilyn Monroe,1,low,false,
Marina D`amico,Marina D`amico,1,low,false,
Marion Black,Marion Black,1,low,false,
Mariona Smets,Mariona Smets,1,low,false,
Marisa Anderson & Tara Jane O'Neil,Marisa Anderson & Tara Jane O'Neil,1,low,false,
Mark Chesnutt,Mark Chesnutt,1,low,false,
Mark Isham,Mark Isham,1,low,false,
Mark Knopfler,Mark Knopfler,1,low,false,
Markko Polo Adventurers,Markko Polo Adventurers,1,low,false,
Marlon Williams,Marlon Williams,1,low,false,
Marmalade,Marmalade,1,low,false,
Marta Kubišová,Marta Kubišová,1,low,false,
Martha & The Vandellas,Martha & The Vandellas,1,low,false,
Martha Berner,Martha Berner,1,low,false,
Marti Brom,Marti Brom,1,low,false,
Martin Burlas,Martin Burlas,1,low,false,
Martin on the Wire,Martin on the Wire,1,low,false,
Marty Balin,Marty Balin,1,low,false,
Marvin Gaye & Kim Weston,Marvin Gaye & Kim Weston,1,low,false,
Mary Duff,Mary Duff,1,low,false,
Mary Hopkin and Jan Cussick,Mary Hopkin and Jan Cussick,1,low,false,
Mason Williams,Mason Williams,1,low,false,
Massimo Catalano,Massimo Catalano,1,low,false,
Massimo Catalano & Remigio Ducros,Massimo Catalano & Remigio Ducros,1,low,false,
Matt Berninger,Matt Berninger,1,low,false,
Matt Holubowski,Matt Holubowski,1,low,false,
Matteo Brancaleoni,Matteo Brancaleoni,1,low,false,
Matthew Sweet & Susanna Hoffs,Matthew Sweet & Susanna Hoffs,1,low,false,
Maze & Frankie Beverly,Maze & Frankie Beverly,1,low,false,
Mazzy Star,Mazzy Star,1,low,false,
Me and Deboe,Me and Deboe,1,low,false,
Medieval,Medieval,1,low,false,
Meg Birch,Meg Birch,1,low,false,
Meklit Hadero,Meklit Hadero,1,low,false,
Mel Mcdaniel,Mel Mcdaniel,1,low,false,
Melanie Fiona,Melanie Fiona,1,low,false,
Mellow Cats 'N' Kittens,Mellow Cats 'N' Kittens,1,low,false,
Melody Girls Of Ukraine,Melody Girls Of Ukraine,1,low,false,
Mercury Rev,Mercury Rev,1,low,false,
Merv Griffin,Merv Griffin,1,low,false,
Meschiya Lake and The Little Big Horns,Meschiya Lake and The Little Big Horns,1,low,false,
Meshugga Beach Party,Meshugga Beach Party,1,low,false,
MFC Chicken,MFC Chicken,1,low,false,
Micah P. Hinson And The Opera Circuit,Micah P. Hinson And The Opera Circuit,1,low,false,
Michael Arthur Holloway,Michael Arthur Holloway,1,low,false,
Michael Dease,Michael Dease,1,low,false,
Michael Hutchence and London Symphony Orchestra,Michael Hutchence and London Symphony Orchestra,1,low,false,
Michael Stipe & Karen Elson,Michael Stipe & Karen Elson,1,low,false,
Michaela Anne & Caroline Spence,Michaela Anne & Caroline Spence,1,low,false,
Midnight Smoke,Midnight Smoke,1,low,false,
Mighty Joe Castro and the Gravamen,Mighty Joe Castro and the Gravamen,1,low,false,
Mighty Surf Lords,Mighty Surf Lords,1,low,false,
Mike Garson,Mike Garson,1,low,false,
Mike Hurst Orchestra,Mike Hurst Orchestra,1,low,false,
Mike Langston,Mike Langston,1,low,false,
Mike Ness,Mike Ness,1,low,false,
Mike Oldfield,Mike Oldfield,1,low,false,
Mike Patton,Mike Patton,1,low,false,
Mike Ronson,Mike Ronson,1,low,false,
Miles Davis & Hank Mobley & Wynton Kelly & Paul Chambers & Jimmy Cobb,Miles Davis & Hank Mobley & Wynton Kelly & Paul Chambers & Jimmy Cobb,1,low,false,
Miles Davis & John Coltrane & Bill Evans,Miles Davis & John Coltrane & Bill Evans,1,low,false,
Miles Davis & John Coltrane & Red Garland & Paul Chambers & Philly Joe Jones,Miles Davis & John Coltrane & Red Garland & Paul Chambers & Philly Joe Jones,1,low,false,
Miles Davis Quintet,Miles Davis Quintet,1,low,false,
Milky Edwards & The Chamberlings,Milky Edwards & The Chamberlings,1,low,false,
Milky Edwards & the Chamberlings,Milky Edwards & the Chamberlings,1,low,false,
Milla Jovovich,Milla Jovovich,1,low,false,
Millennium,Millennium,1,low,false,
Mimi Roman,Mimi Roman,1,low,false,
Mindy Smith,Mindy Smith,1,low,false,
Minor Mirage,Minor Mirage,1,low,false,
Mireille Mathieu,Mireille Mathieu,1,low,false,
Miss Leslie,Miss Leslie,1,low,false,
Miss Myra and The Moonshiners,Miss Myra and The Moonshiners,1,low,false,
MJJ Jones,MJJ Jones,1,low,false,
Modern Sound Quartet,Modern Sound Quartet,1,low,false,
Molly Tuttle & Golden Highway feat. Ketch Secor,Molly Tuttle & Golden Highway feat. Ketch Secor,1,low,false,
Monica da Silva,Monica da Silva,1,low,false,
Monica Lopez,Monica Lopez,1,low,false,
Morgen Wurde,Morgen Wurde,1,low,false,
Mosquito,Mosquito,1,low,false,
Motorama,Motorama,1,low,false,
Mozartine,Mozartine,1,low,false,
Mr. Blonde,Mr. Blonde,1,low,false,
Mr. Scardinius,Mr. Scardinius,1,low,false,
Mumford & Sons,Mumford & Sons,1,low,false,
Mungo Jerry,Mungo Jerry,1,low,false,
Murder by Death,Murder by Death,1,low,false,
Music Emporium,Music Emporium,1,low,false,
Musica Mundi,Musica Mundi,1,low,false,
My Oh My!,My Oh My!,1,low,false,
Myracle Brah,Myracle Brah,1,low,false,
Nancy Sinatra and Lee Hazlewood,Nancy Sinatra and Lee Hazlewood,1,low,false,
Nancy Wilson,Nancy Wilson,1,low,false,
Nashville Superpickers,Nashville Superpickers,1,low,false,
National Park Radio,National Park Radio,1,low,false,
Necronomikids,Necronomikids,1,low,false,
Neil Innes,Neil Innes,1,low,false,
Nellie Lutcher,Nellie Lutcher,1,low,false,
NEONNOONE,NEONNOONE,1,low,false,
Neononne,Neononne,1,low,false,
New Day Blues Band,New Day Blues Band,1,low,false,
New Orleans Nightcrawlers,New Orleans Nightcrawlers,1,low,false,
New Vaudeville Band,New Vaudeville Band,1,low,false,
Nick Cave & Anita Lane,Nick Cave & Anita Lane,1,low,false,
Nick Cave & Shane MacGowan,Nick Cave & Shane MacGowan,1,low,false,
Nick Cave & Warren Ellis,Nick Cave & Warren Ellis,1,low,false,
"Nick Cave, Anna Maria Jopek & Maciej Malenczuk","Nick Cave, Anna Maria Jopek & Maciej Malenczuk",1,low,false,
Nicolas Godin,Nicolas Godin,1,low,false,
Nicole Atkins & Marissa Nadler,Nicole Atkins & Marissa Nadler,1,low,false,
Nigel Lewis & The Zorchmen,Nigel Lewis & The Zorchmen,1,low,false,
Night Nurse,Night Nurse,1,low,false,
Nim Vind,Nim Vind,1,low,false,
Nina & The Hot Spots,Nina & The Hot Spots,1,low,false,
Nina Simone,Nina Simone,1,low,false,
Nine Inch Nails,Nine Inch Nails,1,low,false,
Nine Lives,Nine Lives,1,low,false,
Ninety,Ninety,1,low,false,
Nino & the Ebb Tides,Nino & the Ebb Tides,1,low,false,
Nitro17,Nitro17,1,low,false,
No Saint,No Saint,1,low,false,
Noah Gundersen & The Forest Rangers,Noah Gundersen & The Forest Rangers,1,low,false,
Noctuid,Noctuid,1,low,false,
Non Stop,Non Stop,1,low,false,
Norma Tanega,Norma Tanega,1,low,false,
NOUSINTHIS,NOUSINTHIS,1,low,false,
O Sister!,O Sister!,1,low,false,
Odds,Odds,1,low,false,
Odetta Hartman,Odetta Hartman,1,low,false,
Olivia Newton John,Olivia Newton John,1,low,false,
Olivia Newton-John,Olivia Newton-John,1,low,false,
Olivier Hoarau,Olivier Hoarau,1,low,false,
Omega,Omega,1,low,false,
Ondine Appel,Ondine Appel,1,low,false,
One Sun One Moon,One Sun One Moon,1,low,false,
Operation Octopus,Operation Octopus,1,low,false,
Orchester Anthony Ventura,Orchester Anthony Ventura,1,low,false,
Orchestra,Orchestra,1,low,false,
Orla Gartland,Orla Gartland,1,low,false,
Orquestra Serenata Tropical,Orquestra Serenata Tropical,1,low,false,
Orson Family,Orson Family,1,low,false,
Os Cavaleiros Temporários,Os Cavaleiros Temporários,1,low,false,
Os Gatunos,Os Gatunos,1,low,false,
Os Marrones Vão Á Praia,Os Marrones Vão Á Praia,1,low,false,
Os Tatuíra,Os Tatuíra,1,low,false,
Oscar D'León,Oscar D'León,1,low,false,
Oscar McLollie & His Honey Jumpers,Oscar McLollie & His Honey Jumpers,1,low,false,
Otis Rush,Otis Rush,1,low,false,
Otis Taylor,Otis Taylor,1,low,false,
Out Of Luck,Out Of Luck,1,low,false,
Outcasts,Outcasts,1,low,false,
Oxamyth,Oxamyth,1,low,false,
P.P. Arnold,P.P. Arnold,1,low,false,
Paddy And The Rats,Paddy And The Rats,1,low,false,
Paper Lace,Paper Lace,1,low,false,
Paquetá,Paquetá,1,low,false,
Par Avion,Par Avion,1,low,false,
Paradush,Paradush,1,low,false,
Pasquale Castiglione & Paolo Casa,Pasquale Castiglione & Paolo Casa,1,low,false,
Patti Labelle,Patti Labelle,1,low,false,
Patty McGovern,Patty McGovern,1,low,false,
Paul & Paula,Paul & Paula,1,low,false,
Paul Brady & The Forest Rangers,Paul Brady & The Forest Rangers,1,low,false,
Paul Conrad,Paul Conrad,1,low,false,
Paul Desmond,Paul Desmond,1,low,false,
Paul Durham,Paul Durham,1,low,false,
Paul Galaxy & The Galactix,Paul Galaxy & The Galactix,1,low,false,
Paul Hampton,Paul Hampton,1,low,false,
Paul Kossoff,Paul Kossoff,1,low,false,
Paul McCartney And Wings,Paul McCartney And Wings,1,low,false,
"Paul Motian, Bill Frisell, Joe Lovano","Paul Motian, Bill Frisell, Joe Lovano",1,low,false,
Paul Pritchard,Paul Pritchard,1,low,false,
Paul Robeson,Paul Robeson,1,low,false,
Paul Whiteman & Johnny Hauser,Paul Whiteman & Johnny Hauser,1,low,false,
Paula Watson,Paula Watson,1,low,false,
Pearl Bailey,Pearl Bailey,1,low,false,
Pearl Django & Lance Buller,Pearl Django & Lance Buller,1,low,false,
Peggy Lee Vs Iggy Pop,Peggy Lee Vs Iggy Pop,1,low,false,
Percy Faith,Percy Faith,1,low,false,
Perrey & Kingsley,Perrey & Kingsley,1,low,false,
Pete Galub & Matt Kanelos,Pete Galub & Matt Kanelos,1,low,false,
Peter & Gordon,Peter & Gordon,1,low,false,
Peter and The Wolves,Peter and The Wolves,1,low,false,
Peter McConnell,Peter McConnell,1,low,false,
Peter Mueller & Andreas Sobczyk & Tommie Harris & Dani Gugolz & Kai Strauss & Tom Müller,Peter Mueller & Andreas Sobczyk & Tommie Harris & Dani Gugolz & Kai Strauss & Tom Müller,1,low,false,
Peter Paul & Mary,Peter Paul & Mary,1,low,false,
Peter Paul And Mary,Peter Paul And Mary,1,low,false,
"Peter, Paul & Mary","Peter, Paul & Mary",1,low,false,
Pfeffer,Pfeffer,1,low,false,
Phantom Rockers,Phantom Rockers,1,low,false,
Pheel Balliana,Pheel Balliana,1,low,false,
Phil Barclay & The Sliders,Phil Barclay & The Sliders,1,low,false,
Phil Odgers,Phil Odgers,1,low,false,
Philip Doyle feat Alice Panchenko,Philip Doyle feat Alice Panchenko,1,low,false,
Philipp van Endert Trio,Philipp van Endert Trio,1,low,false,
Phish,Phish,1,low,false,
Phyllis Hyman,Phyllis Hyman,1,low,false,
Piero Piccioni,Piero Piccioni,1,low,false,
"Piero Piccioni, Edda Dell'Orso","Piero Piccioni, Edda Dell'Orso",1,low,false,
Pink Turtle,Pink Turtle,1,low,false,
Pitmen,Pitmen,1,low,false,
PJ Harvey,PJ Harvey,1,low,false,
Plains,Plains,1,low,false,
Plankton,Plankton,1,low,false,
Pleasure of Decay,Pleasure of Decay,1,low,false,
Pleasure of Decay feat Bad Angels,Pleasure of Decay feat Bad Angels,1,low,false,
Pogues,Pogues,1,low,false,
Pointbreak,Pointbreak,1,low,false,
Pollo del Mar,Pollo del Mar,1,low,false,
Poltva Rats,Poltva Rats,1,low,false,
Pomplamoose,Pomplamoose,1,low,false,
Pram,Pram,1,low,false,
Pri Souza,Pri Souza,1,low,false,
Primal Scream,Primal Scream,1,low,false,
Primitive Roadrunners,Primitive Roadrunners,1,low,false,
PROOT,PROOT,1,low,false,
Propellors,Propellors,1,low,false,
Psychedelic Breakfast,Psychedelic Breakfast,1,low,false,
Psycho Devilles,Psycho Devilles,1,low,false,
Psycho Tendencies,Psycho Tendencies,1,low,false,
Puccio Roelens,Puccio Roelens,1,low,false,
Puppini Sisters,Puppini Sisters,1,low,false,
Putte Wickman,Putte Wickman,1,low,false,
Quarter Mile Combo,Quarter Mile Combo,1,low,false,
Quarteto Scherzo,Quarteto Scherzo,1,low,false,
Quatro,Quatro,1,low,false,
Quentin Brothers,Quentin Brothers,1,low,false,
Rachael Wood,Rachael Wood,1,low,false,
Rachel Baiman & Caroline Spence,Rachel Baiman & Caroline Spence,1,low,false,
Rachel Baiman & Kris Drever,Rachel Baiman & Kris Drever,1,low,false,
Rachel Baiman + Pony Bradshaw,Rachel Baiman + Pony Bradshaw,1,low,false,
Rachel Baiman with Anthony da Costa,Rachel Baiman with Anthony da Costa,1,low,false,
Radio Pachuco,Radio Pachuco,1,low,false,
Radio Roadhouse,Radio Roadhouse,1,low,false,
Rainy Day,Rainy Day,1,low,false,
Rainy Eyes,Rainy Eyes,1,low,false,
Ralph Dollimore And His Orchestra,Ralph Dollimore And His Orchestra,1,low,false,
Ralph McTell,Ralph McTell,1,low,false,
Ramblin' Jack Elliott,Ramblin' Jack Elliott,1,low,false,
Randy and The Rainbows,Randy and The Rainbows,1,low,false,
Randy Palmer,Randy Palmer,1,low,false,
Randy Travis,Randy Travis,1,low,false,
Raul Midón & Terence Blanchard,Raul Midón & Terence Blanchard,1,low,false,
Ray Campi,Ray Campi,1,low,false,
Ray Charles & The Count Basie Orchestra,Ray Charles & The Count Basie Orchestra,1,low,false,
Ray Collins’ HOT-CLUB,Ray Collins’ HOT-CLUB,1,low,false,
Ray Martin & His Orchestra,Ray Martin & His Orchestra,1,low,false,
Razorblades,Razorblades,1,low,false,
Reba McEntire,Reba McEntire,1,low,false,
Rebekka Lundstrøm,Rebekka Lundstrøm,1,low,false,
Reckless Ones,Reckless Ones,1,low,false,
Record Club,Record Club,1,low,false,
Red Clay River,Red Clay River,1,low,false,
Red Planets,Red Planets,1,low,false,
REMEZ & Sestra Blyznyuchka,REMEZ & Sestra Blyznyuchka,1,low,false,
Remigio Ducros,Remigio Ducros,1,low,false,
Renato Carosone,Renato Carosone,1,low,false,
REQ'D,REQ'D,1,low,false,
Respect Your Mom,Respect Your Mom,1,low,false,
Restless,Restless,1,low,false,
Retro21 Band,Retro21 Band,1,low,false,
Reverb Again,Reverb Again,1,low,false,
Reverend Beat-Man,Reverend Beat-Man,1,low,false,
Reverend Organdrum,Reverend Organdrum,1,low,false,
Reverend Red,Reverend Red,1,low,false,
Rezso Seress,Rezso Seress,1,low,false,
Rhett Akins,Rhett Akins,1,low,false,
Rhonda Vincent and the Rage,Rhonda Vincent and the Rage,1,low,false,
Rhythms Del Mundo feat. KT Tunstall,Rhythms Del Mundo feat. KT Tunstall,1,low,false,
Richard Arnold,Richard Arnold,1,low,false,
Richard Barone,Richard Barone,1,low,false,
Richie Allen & The Pacific Surfers,Richie Allen & The Pacific Surfers,1,low,false,
Rick Whittell,Rick Whittell,1,low,false,
Ricky King,Ricky King,1,low,false,
Righteous Brothers,Righteous Brothers,1,low,false,
Riot Rockers,Riot Rockers,1,low,false,
Riz Ortolani,Riz Ortolani,1,low,false,
Riz Ortolani e Nino Oliviero,Riz Ortolani e Nino Oliviero,1,low,false,
Robert And The Roboters,Robert And The Roboters,1,low,false,
Robert Gordon with Emanuela Hutter,Robert Gordon with Emanuela Hutter,1,low,false,
Robert Gordon with Joe Louis Walker,Robert Gordon with Joe Louis Walker,1,low,false,
"Robert Gordon, Jordan Rudess, Steve Morse, Nik Turner","Robert Gordon, Jordan Rudess, Steve Morse, Nik Turner",1,low,false,
Robert Parker,Robert Parker,1,low,false,
Roberta Flack,Roberta Flack,1,low,false,
Robin Dransfield,Robin Dransfield,1,low,false,
Rockin' Louie,Rockin' Louie,1,low,false,
Rockland Ladies,Rockland Ladies,1,low,false,
Rodney Crowell,Rodney Crowell,1,low,false,
Roger & The Wraybands,Roger & The Wraybands,1,low,false,
Roland Shaw & His Orchestra,Roland Shaw & His Orchestra,1,low,false,
Rollin' Dice,Rollin' Dice,1,low,false,
Rolling Stones,Rolling Stones,1,low,false,
Rollo Brothers,Rollo Brothers,1,low,false,
Romolo Grano & Gianni Oddi,Romolo Grano & Gianni Oddi,1,low,false,
Ron Sunshine & Full Swing,Ron Sunshine & Full Swing,1,low,false,
Ronnie Dyson,Ronnie Dyson,1,low,false,
Rosabella Gregory,Rosabella Gregory,1,low,false,
Rose City Band,Rose City Band,1,low,false,
Roseann Sureda,Roseann Sureda,1,low,false,
ROSS BAGDASARIAN,ROSS BAGDASARIAN,1,low,false,
Rowland S. Howard,Rowland S. Howard,1,low,false,
Royal Guardsman,Royal Guardsman,1,low,false,
Royalty,Royalty,1,low,false,
Ruby Ann & The Boppin' Boozers,Ruby Ann & The Boppin' Boozers,1,low,false,
Ruen Brothers,Ruen Brothers,1,low,false,
Ruki'v Bryuki,Ruki'v Bryuki,1,low,false,
Rumble King,Rumble King,1,low,false,
Russ Shipton,Russ Shipton,1,low,false,
Rustix,Rustix,1,low,false,
Ry Cooder,Ry Cooder,1,low,false,
Ryan Chrys & the Rough Cuts,Ryan Chrys & the Rough Cuts,1,low,false,
Ryan Ricks,Ryan Ricks,1,low,false,
Sade,Sade,1,low,false,
Saker,Saker,1,low,false,
Sam Mundy,Sam Mundy,1,low,false,
Same Old Story Blues Band,Same Old Story Blues Band,1,low,false,
Sammy Davis Jr.,Sammy Davis Jr.,1,low,false,
Sandie Shaw,Sandie Shaw,1,low,false,
Sandra Vanreys,Sandra Vanreys,1,low,false,
Sandro Brugnolini,Sandro Brugnolini,1,low,false,
Sangue de Androide,Sangue de Androide,1,low,false,
Santiago Bernhardt,Santiago Bernhardt,1,low,false,
Santo & Johnny,Santo & Johnny,1,low,false,
Santo & Johnny Farina,Santo & Johnny Farina,1,low,false,
Sara Bareilles,Sara Bareilles,1,low,false,
Sara Bradaschia and Emanuele Grafitti,Sara Bradaschia and Emanuele Grafitti,1,low,false,
Sara Gazarek,Sara Gazarek,1,low,false,
Sarabeth Tucek,Sarabeth Tucek,1,low,false,
Sarah Darling,Sarah Darling,1,low,false,
Sarah Eddy,Sarah Eddy,1,low,false,
Sarah McLachlan,Sarah McLachlan,1,low,false,
Sarah Noell,Sarah Noell,1,low,false,
Sarah Rose,Sarah Rose,1,low,false,
Sarah Shook & the Disarmers,Sarah Shook & the Disarmers,1,low,false,
Sarina Haggarty,Sarina Haggarty,1,low,false,
Satvrne,Satvrne,1,low,false,
Sax Gordon,Sax Gordon,1,low,false,
Scared Stiff,Scared Stiff,1,low,false,
Scott Bradlee's Postmodern Jukebox,Scott Bradlee's Postmodern Jukebox,1,low,false,
Scott Bradlee's Postmodern Jukebox & Dave Koz,Scott Bradlee's Postmodern Jukebox & Dave Koz,1,low,false,
Screamin Meemies,Screamin Meemies,1,low,false,
Screamin' Sirens!,Screamin' Sirens!,1,low,false,
Screamin` Meemies,Screamin` Meemies,1,low,false,
Seal,Seal,1,low,false,
Secret Agent,Secret Agent,1,low,false,
Seeds,Seeds,1,low,false,
Segensklang,Segensklang,1,low,false,
Senketsu No Night Club,Senketsu No Night Club,1,low,false,
Serge Fontane,Serge Fontane,1,low,false,
Sergio Mendes and Brasil 66,Sergio Mendes and Brasil 66,1,low,false,
Sestetto Dino Piana & Oscar Valdambrini,Sestetto Dino Piana & Oscar Valdambrini,1,low,false,
Sex Pistols,Sex Pistols,1,low,false,
Shakey Horton (Big Walter Horton),Shakey Horton (Big Walter Horton),1,low,false,
Shaky Hollows,Shaky Hollows,1,low,false,
Shane Fenton & The Fentones,Shane Fenton & The Fentones,1,low,false,
Shane Vain & The Village Vandals,Shane Vain & The Village Vandals,1,low,false,
Shangrilas,Shangrilas,1,low,false,
Shani Weiss,Shani Weiss,1,low,false,
Shannon Wardrop,Shannon Wardrop,1,low,false,
Shefita and Sabbaba,Shefita and Sabbaba,1,low,false,
Sheila K Cameron (SKC),Sheila K Cameron (SKC),1,low,false,
Shelby Merry,Shelby Merry,1,low,false,
Shocking blue,Shocking blue,1,low,false,
Shoobies,Shoobies,1,low,false,
Shoot the Pier,Shoot the Pier,1,low,false,
Shovels & Rope & Shakey Graves,Shovels & Rope & Shakey Graves,1,low,false,
Shovels & Rope with Preservation Hall Jazz Band,Shovels & Rope with Preservation Hall Jazz Band,1,low,false,
Shovels and Rope feat. John Fullbright,Shovels and Rope feat. John Fullbright,1,low,false,
Sick City Daggers,Sick City Daggers,1,low,false,
Sidewalk Skipper Band,Sidewalk Skipper Band,1,low,false,
Sidney Bechet,Sidney Bechet,1,low,false,
Silkworm,Silkworm,1,low,false,
Silver Jews,Silver Jews,1,low,false,
Simon Crashly & The Roadmasters,Simon Crashly & The Roadmasters,1,low,false,
Sing Song,Sing Song,1,low,false,
Sing Swing,Sing Swing,1,low,false,
Sinister Twist,Sinister Twist,1,low,false,
Siouxsie And The Banshees,Siouxsie And The Banshees,1,low,false,
Sir Julian & His Orchestra,Sir Julian & His Orchestra,1,low,false,
Six Fingered People,Six Fingered People,1,low,false,
Sky Rockets,Sky Rockets,1,low,false,
Slade,Slade,1,low,false,
Sleeper Bill,Sleeper Bill,1,low,false,
Slim Gaillard,Slim Gaillard,1,low,false,
Slow Motion Cowboys,Slow Motion Cowboys,1,low,false,
Slowey & The Boats ft. Shannon McGill,Slowey & The Boats ft. Shannon McGill,1,low,false,
Smog,Smog,1,low,false,
Solo Rhodes,Solo Rhodes,1,low,false,
Sonic Youth,Sonic Youth,1,low,false,
Sonichris,Sonichris,1,low,false,
Sonics,Sonics,1,low,false,
Sonny Rollins Quintet,Sonny Rollins Quintet,1,low,false,
Sophie B. Hawkins,Sophie B. Hawkins,1,low,false,
Soul Asylum,Soul Asylum,1,low,false,
Southern Culture On The Skids,Southern Culture On The Skids,1,low,false,
Southern Tropical Harmony Steel Band,Southern Tropical Harmony Steel Band,1,low,false,
Space PsychoTropic Plank-Tone,Space PsychoTropic Plank-Tone,1,low,false,
Spanky & Our Gang,Spanky & Our Gang,1,low,false,
Spanky and Our Gang,Spanky and Our Gang,1,low,false,
Spellbound,Spellbound,1,low,false,
Spiv Brativ,Spiv Brativ,1,low,false,
Splitsville,Splitsville,1,low,false,
SpyTones,SpyTones,1,low,false,
St. Vincent & Thomas Bartlett,St. Vincent & Thomas Bartlett,1,low,false,
St.Vincent,St.Vincent,1,low,false,
Stan Getz & Gerry Mulligan,Stan Getz & Gerry Mulligan,1,low,false,
Starlite & Campbell,Starlite & Campbell,1,low,false,
Starlite Campbell Band,Starlite Campbell Band,1,low,false,
Steely Dan,Steely Dan,1,low,false,
Stefano Torossi,Stefano Torossi,1,low,false,
Stellar Blue,Stellar Blue,1,low,false,
Stellar Corpses,Stellar Corpses,1,low,false,
Stephen 'Tin Tin' Duffy,Stephen 'Tin Tin' Duffy,1,low,false,
Stephen Lloyd,Stephen Lloyd,1,low,false,
Steve Alaimo,Steve Alaimo,1,low,false,
Steve Allen & George Cates & His Orchestra,Steve Allen & George Cates & His Orchestra,1,low,false,
Steve Harley,Steve Harley,1,low,false,
Steve Harley and Cockney Rebel,Steve Harley and Cockney Rebel,1,low,false,
Steve Mancha,Steve Mancha,1,low,false,
Steve Peisch ft. Suzanne Buell,Steve Peisch ft. Suzanne Buell,1,low,false,
Steve ´N´ Seagulls,Steve ´N´ Seagulls,1,low,false,
Steve ‘n’ Seagulls,Steve ‘n’ Seagulls,1,low,false,
Stevie D & the D-Tones,Stevie D & the D-Tones,1,low,false,
Stevie Wonder,Stevie Wonder,1,low,false,
Sting Kong,Sting Kong,1,low,false,
Strange Waters,Strange Waters,1,low,false,
Strawberry Switchblade,Strawberry Switchblade,1,low,false,
Strawman,Strawman,1,low,false,
Studeo,Studeo,1,low,false,
Sue Foley,Sue Foley,1,low,false,
Sugarpie and The Candymen,Sugarpie and The Candymen,1,low,false,
Suicide,Suicide,1,low,false,
Summer Set,Summer Set,1,low,false,
Sun Bus,Sun Bus,1,low,false,
Surf Muscle,Surf Muscle,1,low,false,
Surf Terraneos,Surf Terraneos,1,low,false,
Surfadelica,Surfadelica,1,low,false,
Surfuzzes,Surfuzzes,1,low,false,
Susan Tedeschi,Susan Tedeschi,1,low,false,
Suzi Quatro,Suzi Quatro,1,low,false,
Swamp Coolers,Swamp Coolers,1,low,false,
Sweet Emma and the Mood Swingers,Sweet Emma and the Mood Swingers,1,low,false,
Sydne Rome,Sydne Rome,1,low,false,
Sylvia,Sylvia,1,low,false,
Sylvia Sands,Sylvia Sands,1,low,false,
Symeon Cosburn,Symeon Cosburn,1,low,false,
Szafran Swingin' Orchestra,Szafran Swingin' Orchestra,1,low,false,
SЮR BAND,SЮR BAND,1,low,false,
SЮR Band,SЮR Band,1,low,false,
T Rex,T Rex,1,low,false,
Tadd Dameron & John Coltrane,Tadd Dameron & John Coltrane,1,low,false,
Take Five Quintet,Take Five Quintet,1,low,false,
Tammy Marler,Tammy Marler,1,low,false,
Tanita Tikaram,Tanita Tikaram,1,low,false,
Tanque Rudy Sheri Corleone,Tanque Rudy Sheri Corleone,1,low,false,
Tanya Tucker,Tanya Tucker,1,low,false,
Tea Ship,Tea Ship,1,low,false,
Teenage Fanclub & Donna Matthews,Teenage Fanclub & Donna Matthews,1,low,false,
Tenille Townes,Tenille Townes,1,low,false,
Tennessee Brando,Tennessee Brando,1,low,false,
Tennessee Drifters,Tennessee Drifters,1,low,false,
Tennessee Ernie,Tennessee Ernie,1,low,false,
The 415s,The 415s,1,low,false,
The 5.6.7.8's,The 5.6.7.8's,1,low,false,
The Album Show,The Album Show,1,low,false,
The Allman Brothers Band,The Allman Brothers Band,1,low,false,
The Angry Red Planet,The Angry Red Planet,1,low,false,
The Aquaholics,The Aquaholics,1,low,false,
The Astronaut Arcade,The Astronaut Arcade,1,low,false,
The Atomic Fireballs,The Atomic Fireballs,1,low,false,
The Baboons,The Baboons,1,low,false,
The Backwood Boys,The Backwood Boys,1,low,false,
The Balboas,The Balboas,1,low,false,
The Bangles,The Bangles,1,low,false,
The Barntwisters,The Barntwisters,1,low,false,
The Baronics,The Baronics,1,low,false,
The Be Good Tanyas,The Be Good Tanyas,1,low,false,
The Beach Bunnies,The Beach Bunnies,1,low,false,
The Beat From Palookaville,The Beat From Palookaville,1,low,false,
The Beverly Bombshells,The Beverly Bombshells,1,low,false,
The Big Red Rocket,The Big Red Rocket,1,low,false,
The Big Swell Drifters,The Big Swell Drifters,1,low,false,
The Big Three feat Mama Cass,The Big Three feat Mama Cass,1,low,false,
The Billy Rats,The Billy Rats,1,low,false,
The Billy Rubin Trio,The Billy Rubin Trio,1,low,false,
The Black Crowes,The Black Crowes,1,low,false,
The Black Heart Procession,The Black Heart Procession,1,low,false,
The Blasters,The Blasters,1,low,false,
The Blind Roosters,The Blind Roosters,1,low,false,
The Bloat Floaters,The Bloat Floaters,1,low,false,
The Blue Stingrays,The Blue Stingrays,1,low,false,
The Bomboras,The Bomboras,1,low,false,
The Brehms,The Brehms,1,low,false,
The Brothers band,The Brothers band,1,low,false,
The Bucannan,The Bucannan,1,low,false,
The Bugaloos,The Bugaloos,1,low,false,
The Burning Hell & Jenny Mitchell,The Burning Hell & Jenny Mitchell,1,low,false,
The Cactus Blossoms,The Cactus Blossoms,1,low,false,
The California Honeydrops,The California Honeydrops,1,low,false,
The Calm & Commotion,The Calm & Commotion,1,low,false,
The Cars,The Cars,1,low,false,
The Cats & the Fiddle,The Cats & the Fiddle,1,low,false,
The Centurions,The Centurions,1,low,false,
The Challengers,The Challengers,1,low,false,
The Cheekybenders,The Cheekybenders,1,low,false,
The Chi-Lites,The Chi-Lites,1,low,false,
The Chordettes,The Chordettes,1,low,false,
The Classics,The Classics,1,low,false,
The Clebanoff Strings & Percussion,The Clebanoff Strings & Percussion,1,low,false,
The Climbers,The Climbers,1,low,false,
The Clique,The Clique,1,low,false,
The Computers,The Computers,1,low,false,
The Concussions,The Concussions,1,low,false,
The Connels,The Connels,1,low,false,
The Contours,The Contours,1,low,false,
The Cooltrane Quartet,The Cooltrane Quartet,1,low,false,
The Cougars,The Cougars,1,low,false,
"The Country Dudes (vocal, Clay Allen)","The Country Dudes (vocal, Clay Allen)",1,low,false,
The Crests,The Crests,1,low,false,
The Cripple And The Tramp,The Cripple And The Tramp,1,low,false,
The Crossfires,The Crossfires,1,low,false,
The Cruncher,The Cruncher,1,low,false,
The Currie Brothers,The Currie Brothers,1,low,false,
The Daintees,The Daintees,1,low,false,
The Dale Cooper Quartet,The Dale Cooper Quartet,1,low,false,
The Dalles,The Dalles,1,low,false,
The Darkness,The Darkness,1,low,false,
The Dave Brubeck Quartet,The Dave Brubeck Quartet,1,low,false,
The Dead Show Dealers,The Dead Show Dealers,1,low,false,
The Deaf Surfers,The Deaf Surfers,1,low,false,
The deFenders,The deFenders,1,low,false,
The DeLorean Sisters,The DeLorean Sisters,1,low,false,
The Delta Bombers,The Delta Bombers,1,low,false,
The Deltas,The Deltas,1,low,false,
The Deoras,The Deoras,1,low,false,
The Despots,The Despots,1,low,false,
The Devil's Daughters w/ Danny B. Harvey,The Devil's Daughters w/ Danny B. Harvey,1,low,false,
The Devotions,The Devotions,1,low,false,
The Dip,The Dip,1,low,false,
The Dirty Licks,The Dirty Licks,1,low,false,
The Dirty Shwa,The Dirty Shwa,1,low,false,
The Distance,The Distance,1,low,false,
The Dixie Chicks,The Dixie Chicks,1,low,false,
The Doobie Brothers,The Doobie Brothers,1,low,false,
The Dramatics,The Dramatics,1,low,false,
The Dreadtones,The Dreadtones,1,low,false,
The Dufflecoats,The Dufflecoats,1,low,false,
The Eddie Higgins Trio,The Eddie Higgins Trio,1,low,false,
The Electric Prunes,The Electric Prunes,1,low,false,
The Epileptic Hillbilly's,The Epileptic Hillbilly's,1,low,false,
The Evanstones,The Evanstones,1,low,false,
The Exotic Guitars,The Exotic Guitars,1,low,false,
The Expendables,The Expendables,1,low,false,
The Family Monroe,The Family Monroe,1,low,false,
The Fathoms,The Fathoms,1,low,false,
The Finks,The Finks,1,low,false,
The Fivetones & The Blue Stars,The Fivetones & The Blue Stars,1,low,false,
The Flamingos,The Flamingos,1,low,false,
The Flashbulb,The Flashbulb,1,low,false,
The Flowerpot Men,The Flowerpot Men,1,low,false,
The Forest Rangers & White Buffalo & Billy Valentine & Franky Perez,The Forest Rangers & White Buffalo & Billy Valentine & Franky Perez,1,low,false,
THE FOUR SOUNDS,THE FOUR SOUNDS,1,low,false,
The Frank David Selection,The Frank David Selection,1,low,false,
The Free 'N' Easy,The Free 'N' Easy,1,low,false,
The Galaxy Trio,The Galaxy Trio,1,low,false,
The Gallows Dance,The Gallows Dance,1,low,false,
The Genies,The Genies,1,low,false,
The Ghastly Ones,The Ghastly Ones,1,low,false,
The Ghiblis,The Ghiblis,1,low,false,
The Good Stuff,The Good Stuff,1,low,false,
The Grand Piano Company,The Grand Piano Company,1,low,false,
The Graveyard Train,The Graveyard Train,1,low,false,
The Green Windows,The Green Windows,1,low,false,
The Grizzly Addams,The Grizzly Addams,1,low,false,
The Guess Who,The Guess Who,1,low,false,
The Gutter Boys,The Gutter Boys,1,low,false,
The Harptones,The Harptones,1,low,false,
The Heavy Horses,The Heavy Horses,1,low,false,
The Heritage,The Heritage,1,low,false,
The Hicadoolas,The Hicadoolas,1,low,false,
The Hidden Reefs,The Hidden Reefs,1,low,false,
The Highliners,The Highliners,1,low,false,
The Highwaymen,The Highwaymen,1,low,false,
The Hillbilly Moon Explosion & Mark 'Sparky' Philips,The Hillbilly Moon Explosion & Mark 'Sparky' Philips,1,low,false,
The Hillbilly Moon Explosion feat. Mark Phillips,The Hillbilly Moon Explosion feat. Mark Phillips,1,low,false,
The Holden Quartet,The Holden Quartet,1,low,false,
The Holy Gasp,The Holy Gasp,1,low,false,
The Honkytonk Wranglers,The Honkytonk Wranglers,1,low,false,
The Hot Rod Gang,The Hot Rod Gang,1,low,false,
The Hot Shoes,The Hot Shoes,1,low,false,
The House of the Hidden Light,The House of the Hidden Light,1,low,false,
The Huaraches,The Huaraches,1,low,false,
The Hula Girls,The Hula Girls,1,low,false,
The Hyperjax,The Hyperjax,1,low,false,
The Hypochondriacs,The Hypochondriacs,1,low,false,
The Ian Campbell Folk Group,The Ian Campbell Folk Group,1,low,false,
The IllumiGnarly,The IllumiGnarly,1,low,false,
The Incredible Mr Smith,The Incredible Mr Smith,1,low,false,
The Innocence Mission,The Innocence Mission,1,low,false,
The Innocents,The Innocents,1,low,false,
The Interrupters,The Interrupters,1,low,false,
The Irridescents,The Irridescents,1,low,false,
The Jam,The Jam,1,low,false,
The Jarnos,The Jarnos,1,low,false,
The Jim Carroll Band,The Jim Carroll Band,1,low,false,
The Johnstons,The Johnstons,1,low,false,
The Jolly Boys,The Jolly Boys,1,low,false,
The Kingsmen,The Kingsmen,1,low,false,
The Knack,The Knack,1,low,false,
The Knights,The Knights,1,low,false,
The Kodoks,The Kodoks,1,low,false,
The Krewmen,The Krewmen,1,low,false,
The Last Town Chorus,The Last Town Chorus,1,low,false,
The Lazy Foragers,The Lazy Foragers,1,low,false,
The Leopards,The Leopards,1,low,false,
THE LINCOLN TRIO,THE LINCOLN TRIO,1,low,false,
The Lions,The Lions,1,low,false,
The Lollipop Tree,The Lollipop Tree,1,low,false,
The London Symphony Orchestra,The London Symphony Orchestra,1,low,false,
The Lovecraft Sextet,The Lovecraft Sextet,1,low,false,
The Lovin' Spoonful,The Lovin' Spoonful,1,low,false,
The Low-Fi Drifters,The Low-Fi Drifters,1,low,false,
THE MAORI HI FIVE,THE MAORI HI FIVE,1,low,false,
The Marty Cooper Clan,The Marty Cooper Clan,1,low,false,
The Me Gustas,The Me Gustas,1,low,false,
The Mean Cat Daddies,The Mean Cat Daddies,1,low,false,
The Meantime,The Meantime,1,low,false,
The Medallions,The Medallions,1,low,false,
The Melismatics,The Melismatics,1,low,false,
The Mellows,The Mellows,1,low,false,
The Milk Lizards,The Milk Lizards,1,low,false,
The Miracles,The Miracles,1,low,false,
The Mockers,The Mockers,1,low,false,
The Mod Mods,The Mod Mods,1,low,false,
The Moments,The Moments,1,low,false,
The Moody Blues,The Moody Blues,1,low,false,
The Moonstompers,The Moonstompers,1,low,false,
The Mystic Monks,The Mystic Monks,1,low,false,
The Mystic Moods Orchestra,The Mystic Moods Orchestra,1,low,false,
The National,The National,1,low,false,
The Nebulas,The Nebulas,1,low,false,
The New Establishment,The New Establishment,1,low,false,
The New Seekers,The New Seekers,1,low,false,
The Orchestra of Mirrored Reflections,The Orchestra of Mirrored Reflections,1,low,false,
The Ouija Chords,The Ouija Chords,1,low,false,
The Overloaders,The Overloaders,1,low,false,
The P.O.X. aka The Psychobilly Orchestra X,The P.O.X. aka The Psychobilly Orchestra X,1,low,false,
The Peppermint Rainbow,The Peppermint Rainbow,1,low,false,
The Phantom Rockers,The Phantom Rockers,1,low,false,
The Pickin' Boppers,The Pickin' Boppers,1,low,false,
The Playboys,The Playboys,1,low,false,
The Playtones,The Playtones,1,low,false,
The Pogues and Joe Strummer,The Pogues and Joe Strummer,1,low,false,
The Pogues Feat Kirsty Mccoll,The Pogues Feat Kirsty Mccoll,1,low,false,
The Proclaimers,The Proclaimers,1,low,false,
The Protons,The Protons,1,low,false,
The Psychobilly Kadillaks,The Psychobilly Kadillaks,1,low,false,
The Psychonauts,The Psychonauts,1,low,false,
The Pyramids,The Pyramids,1,low,false,
The Raters,The Raters,1,low,false,
The Ray Charles Singers,The Ray Charles Singers,1,low,false,
The Raynbow,The Raynbow,1,low,false,
The Rayons,The Rayons,1,low,false,
The Razorblades,The Razorblades,1,low,false,
The Real Gone,The Real Gone,1,low,false,
The Replacements,The Replacements,1,low,false,
The Revels With Barbara Adkins,The Revels With Barbara Adkins,1,low,false,
The Reverbivores,The Reverbivores,1,low,false,
The Rhythm Boys,The Rhythm Boys,1,low,false,
The Rhythm Rockers,The Rhythm Rockers,1,low,false,
The Riot Rockers,The Riot Rockers,1,low,false,
The Rip Chords,The Rip Chords,1,low,false,
The Rock-It Dogs,The Rock-It Dogs,1,low,false,
The Rocker Covers,The Rocker Covers,1,low,false,
The Rockin Henrys,The Rockin Henrys,1,low,false,
The Rockin' Highliners,The Rockin' Highliners,1,low,false,
The Rockin' Rebels,The Rockin' Rebels,1,low,false,
The Rockit 88 Band & Meghan Parnell,The Rockit 88 Band & Meghan Parnell,1,low,false,
The Rollo Brothers,The Rollo Brothers,1,low,false,
The Rookies,The Rookies,1,low,false,
The Route 66 Killers,The Route 66 Killers,1,low,false,
The Rumblers,The Rumblers,1,low,false,
The Saints,The Saints,1,low,false,
The Sandals,The Sandals,1,low,false,
The Sandpipers,The Sandpipers,1,low,false,
The Scarlets,The Scarlets,1,low,false,
The Schwings Band,The Schwings Band,1,low,false,
The Schwings Band feat. Migloko,The Schwings Band feat. Migloko,1,low,false,
The Searchers,The Searchers,1,low,false,
The Shivas,The Shivas,1,low,false,
The Shocking Blue,The Shocking Blue,1,low,false,
The Shockwave!,The Shockwave!,1,low,false,
The Siddeleys,The Siddeleys,1,low,false,
The Silicon,The Silicon,1,low,false,
The Silver Bullets,The Silver Bullets,1,low,false,
The Silver Shine,The Silver Shine,1,low,false,
The Small Faces,The Small Faces,1,low,false,
The Soapbox Saints,The Soapbox Saints,1,low,false,
The Solid Studs,The Solid Studs,1,low,false,
The Sonny Bradshaw Seven,The Sonny Bradshaw Seven,1,low,false,
The Space Rangers,The Space Rangers,1,low,false,
The Speakeasies Swing Band,The Speakeasies Swing Band,1,low,false,
The Speakeasy Three,The Speakeasy Three,1,low,false,
The Specials,The Specials,1,low,false,
The Spiratones,The Spiratones,1,low,false,
The Stamps,The Stamps,1,low,false,
The Staple Singers,The Staple Singers,1,low,false,
The Stylistics,The Stylistics,1,low,false,
The Sun Skippers,The Sun Skippers,1,low,false,
The Surf Hermits,The Surf Hermits,1,low,false,
The Surf Trio,The Surf Trio,1,low,false,
The Surfmen,The Surfmen,1,low,false,
The Swallows,The Swallows,1,low,false,
The Swamp Dogs,The Swamp Dogs,1,low,false,
The Swampys,The Swampys,1,low,false,
The Switchblade 3,The Switchblade 3,1,low,false,
The Tadmen Twins,The Tadmen Twins,1,low,false,
The Tailgators,The Tailgators,1,low,false,
The Tarantinos Nyc,The Tarantinos Nyc,1,low,false,
The Temptations,The Temptations,1,low,false,
The Terminators,The Terminators,1,low,false,
The Tikiyaki Orchestra & Maria Arranz of L'Exotighost,The Tikiyaki Orchestra & Maria Arranz of L'Exotighost,1,low,false,
The Timetones,The Timetones,1,low,false,
The Titans,The Titans,1,low,false,
The Tourmaliners,The Tourmaliners,1,low,false,
The Trashmen,The Trashmen,1,low,false,
The Treble Spankers,The Treble Spankers,1,low,false,
The Tri-Gantics,The Tri-Gantics,1,low,false,
The Trillionairs,The Trillionairs,1,low,false,
The Turnpike Cruisers,The Turnpike Cruisers,1,low,false,
The Two Mile Pike,The Two Mile Pike,1,low,false,
The Undertones,The Undertones,1,low,false,
The Unnaturals,The Unnaturals,1,low,false,
The Unseen Guest,The Unseen Guest,1,low,false,
The Veils,The Veils,1,low,false,
The Velocity Raptors,The Velocity Raptors,1,low,false,
The Venus in Furs,The Venus in Furs,1,low,false,
The Volcanics,The Volcanics,1,low,false,
The Waifs,The Waifs,1,low,false,
The Walkabouts,The Walkabouts,1,low,false,
The Wanktones,The Wanktones,1,low,false,
The Wave Chargers,The Wave Chargers,1,low,false,
The Weisstronauts,The Weisstronauts,1,low,false,
The White Buffalo & The Forest Rangers,The White Buffalo & The Forest Rangers,1,low,false,
The Wolfgangs,The Wolfgangs,1,low,false,
The Woodhavens,The Woodhavens,1,low,false,
The Young Rascals,The Young Rascals,1,low,false,
Thee Apple Thieves,Thee Apple Thieves,1,low,false,
Thee Braindrops,Thee Braindrops,1,low,false,
Thelma Houston,Thelma Houston,1,low,false,
Them,Them,1,low,false,
Therapy,Therapy,1,low,false,
Theresa Andersson,Theresa Andersson,1,low,false,
Theuns Jordaan,Theuns Jordaan,1,low,false,
Thomas Ashby,Thomas Ashby,1,low,false,
Thomas Schoeffler Jr,Thomas Schoeffler Jr,1,low,false,
Thomas Schoeffler Jr.,Thomas Schoeffler Jr.,1,low,false,
Three Alley Cats,Three Alley Cats,1,low,false,
Thurston Lava Tube,Thurston Lava Tube,1,low,false,
Thurston Moore & Bobby Gillespie,Thurston Moore & Bobby Gillespie,1,low,false,
Tiger Shark Nilsson,Tiger Shark Nilsson,1,low,false,
Tiki Moondog,Tiki Moondog,1,low,false,
Tim Buckley,Tim Buckley,1,low,false,
Timur Popovkin,Timur Popovkin,1,low,false,
Tin Tin,Tin Tin,1,low,false,
Tina Turner,Tina Turner,1,low,false,
Tinsley Ellis,Tinsley Ellis,1,low,false,
Todd Bradley,Todd Bradley,1,low,false,
Todd Hearon,Todd Hearon,1,low,false,
Tom Russell,Tom Russell,1,low,false,
Tom Waits & Crystal Gayle,Tom Waits & Crystal Gayle,1,low,false,
Tommy Dorsey,Tommy Dorsey,1,low,false,
TomorrowMen,TomorrowMen,1,low,false,
Tompsons Band,Tompsons Band,1,low,false,
Torment,Torment,1,low,false,
Town Mountain,Town Mountain,1,low,false,
Tre Burt,Tre Burt,1,low,false,
Tres Chic,Tres Chic,1,low,false,
Trevor Lake,Trevor Lake,1,low,false,
Tricky Tales,Tricky Tales,1,low,false,
Trigg & Gusset,Trigg & Gusset,1,low,false,
Trini Lopez,Trini Lopez,1,low,false,
Trouble,Trouble,1,low,false,
Troy Turner,Troy Turner,1,low,false,
Tsunamish,Tsunamish,1,low,false,
Tufano Giammarese,Tufano Giammarese,1,low,false,
Turnpike Troubadours,Turnpike Troubadours,1,low,false,
Twang Inspectors,Twang Inspectors,1,low,false,
Ty Taylor,Ty Taylor,1,low,false,
Tyger Lamb,Tyger Lamb,1,low,false,
Tyla J. Pallas,Tyla J. Pallas,1,low,false,
Tyrannosaurus Rex,Tyrannosaurus Rex,1,low,false,
U2,U2,1,low,false,
UB40 & Chrissie Hynde,UB40 & Chrissie Hynde,1,low,false,
Ukulena feat. Henry Wagons,Ukulena feat. Henry Wagons,1,low,false,
Uncle Tupelo,Uncle Tupelo,1,low,false,
Underwater Bosses,Underwater Bosses,1,low,false,
Up-Stairs,Up-Stairs,1,low,false,
Urban Zotel,Urban Zotel,1,low,false,
VadioRadio,VadioRadio,1,low,false,
Vainoras and the altar of the drill,Vainoras and the altar of the drill,1,low,false,
Valentina Favara,Valentina Favara,1,low,false,
Van Der Graaf Generator,Van Der Graaf Generator,1,low,false,
Vangelis,Vangelis,1,low,false,
VaraTones,VaraTones,1,low,false,
Vashti Bunyan & Max Richter,Vashti Bunyan & Max Richter,1,low,false,
Vespa,Vespa,1,low,false,
Vic Damone,Vic Damone,1,low,false,
Vic Dana,Vic Dana,1,low,false,
Vicky Leandros,Vicky Leandros,1,low,false,
Vince Guaraldi & Bola Sete,Vince Guaraldi & Bola Sete,1,low,false,
Vitamin String Quartet,Vitamin String Quartet,1,low,false,
Vittorio Impiglia,Vittorio Impiglia,1,low,false,
Voodoo Dolls,Voodoo Dolls,1,low,false,
VOU VOU,VOU VOU,1,low,false,
Waldo Unit,Waldo Unit,1,low,false,
Wally Richardson,Wally Richardson,1,low,false,
Wanda Jackson,Wanda Jackson,1,low,false,
Watchhouse,Watchhouse,1,low,false,
Wayne Hancock,Wayne Hancock,1,low,false,
We the People,We the People,1,low,false,
Weasletones,Weasletones,1,low,false,
Wendell Watts,Wendell Watts,1,low,false,
Wendy LeBeau & Her Beaus,Wendy LeBeau & Her Beaus,1,low,false,
Wes Pudsey and The Sonic Aces,Wes Pudsey and The Sonic Aces,1,low,false,
Whistle Bait,Whistle Bait,1,low,false,
Wilbur De Paris,Wilbur De Paris,1,low,false,
Wilco,Wilco,1,low,false,
Wild Rooster,Wild Rooster,1,low,false,
Will Padgett,Will Padgett,1,low,false,
Willie Nelson Feat. Lucinda Williams,Willie Nelson Feat. Lucinda Williams,1,low,false,
Wilson Pickett,Wilson Pickett,1,low,false,
With or Without You,With or Without You,1,low,false,
Wood Surfers,Wood Surfers,1,low,false,
Wovenhand & Ultima Vez,Wovenhand & Ultima Vez,1,low,false,
WyattChristmas Five,WyattChristmas Five,1,low,false,
Yo la Tengo,Yo la Tengo,1,low,false,
You Am I,You Am I,1,low,false,
Yuu Takami,Yuu Takami,1,low,false,
Yvonne Elliman,Yvonne Elliman,1,low,false,
Z. Richard Rowling,Z. Richard Rowling,1,low,false,
Zebra Duo,Zebra Duo,1,low,false,
Zombies,Zombies,1,low,false,
ВІА Смерічка,ВІА Смерічка,1,low,false,
Директор Азовского моря,Директор Азовского моря,1,low,false,
Директор Азовського моря,Директор Азовського моря,1,low,false,
Захар Май,Захар Май,1,low,false,
Марiя Бурмака,Марiя Бурмака,1,low,false,
Мертвий пiвень,Мертвий пiвень,1,low,false,
Николая Сивч,Николая Сивч,1,low,false,
Пікардійська Терція,Пікардійська Терція,1,low,false,
Піккардійська Терція,Піккардійська Терція,1,low,false,
Срібний Креш,Срібний Креш,1,low,false,
ХоЖаЙ,ХоЖаЙ,1,low,false,
