Title,Artist,Album,Duration,"Media Type"
"I Need You Tonight","Bonnie Raitt","Dig In Deep",00:03:19,track
"The Ones We Couldn't Be","Bonnie Raitt","Dig In Deep",00:04:14,track
Undone,"Bonnie Raitt","Dig In Deep",00:04:12,track
"I Fall To Pieces","Cyndi Lauper",Detour,00:03:00,track
"The End Of The World","Cyndi Lauper",Detour,00:03:12,track
"The Open Chord","Elton John","Wonderful Crazy Night (Deluxe)",00:04:04,track
"I Will Be There","Eric Clapton","I Still Do",00:04:37,track
Drive,"Lera Lynn",Resistor,00:04:11,track
"Scratch + Hiss","Lera Lynn",Resistor,00:04:56,track
"Don't Say A Thing","Mick Harvey","Delirium Tremens",00:03:03,track
"The Decadance","Mick Harvey","Delirium Tremens",00:05:33,track
"The Man With The Cabbage Head","Mick Harvey","Delirium Tremens",00:02:46,track
"Ghost Babe",Nekromantix,"A Symphony Of Wolf Tones & Ghost Notes",00:03:26,track
NekroTopia,Nekromantix,"A Symphony Of Wolf Tones & Ghost Notes",00:03:22,track
"We of Me","Suzanne Vega",Unknown,00:02:52,track
"Harper Lee","Suzanne Vega",Unknown,00:03:43,track
"The Ballad of Miss Amelia","Suzanne Vega",Unknown,00:04:18,track
"Baddest Girls In Town","The Devil's Daughters","The Devil's Daughters",00:03:31,track
"I'm Comin For You","The Devil's Daughters","The Devil's Daughters",00:02:27,track
"Just One Day","The Devil's Daughters","The Devil's Daughters",00:04:47,track
"Call Me","The Hillbilly Moon Explosion",Unknown,00:03:39,track
"Midnight Blues","The Hillbilly Moon Explosion","With Monsters and Gods",00:03:11,track
"Rose Outside","The Hillbilly Moon Explosion","With Monsters and Gods",00:04:08,track
Temptation,"The Hillbilly Moon Explosion","With Monsters and Gods",00:03:50,track
"With Monsters and Gods","The Hillbilly Moon Explosion","With Monsters and Gods",00:03:17,track
"Half an Hour",coma.fm,Unknown,00:00:09,track
"coma.fm liner",coma.fm,Unknown,00:00:17,track
"Больше кларнета, православные",Coma.fm,Unknown,00:00:11,track
"Великий электрик",Coma.fm,Unknown,00:00:12,track
Восьмидесятые,Coma.fm,Unknown,00:00:17,track
"Купил зеркалку - и фотограф",Coma.fm,Unknown,00:00:10,track
"Молоко за вредность",Coma.fm,Unknown,00:00:10,track
"Неловкое молчание",Coma.fm,Unknown,00:00:12,track
"Непреодолимое желание",Coma.fm,Unknown,00:00:15,track
"Ничего не хочется делать",Coma.fm,Unknown,00:00:16,track
"Приходит девочка",Coma.fm,Unknown,00:00:14,track
"Рок, Рок, Чок, Чок",Coma.fm,Unknown,00:00:18,track
"Унтер-офицерская вдова",Coma.fm,Unknown,00:00:10,track
Фантомас,Coma.fm,Unknown,00:00:20,track
"Школа Жизни",Coma.fm,Unknown,00:00:16,track
"Это наш сферический дом",Coma.fm,Unknown,00:00:10,track
"Это не Карл Маркс!",Coma.fm,Unknown,00:00:14,track
"Я ворую твои таблетки",Coma.fm,Unknown,00:00:35,track
Лолита,Coma.fm,Unknown,00:00:27,track
"Boom Boom",coma.fm,Unknown,00:00:13,track
"I want you",coma.fm,Unknown,00:00:23,track
"Daddy O",coma.fm,Unknown,00:00:18,track
"I`m your slave",coma.fm,Unknown,00:00:13,track
"Latest trick",coma.fm,Unknown,00:00:23,track
"Not alone",coma.fm,Unknown,00:00:21,track
Fuzz,coma.fm,Unknown,00:00:19,track
"Recover Program",coma.fm,Unknown,00:00:24,track
"Музыка народная, слова МВД",coma.fm,Unknown,00:00:31,track
Times,coma.fm,Unknown,00:00:21,track
Riff,coma.fm,Unknown,00:00:16,track
"These days",coma.fm,Unknown,00:00:21,track
"Surfin` Safari",coma.fm,Unknown,00:00:20,track
"Valentine`s day",coma.fm,Unknown,00:00:26,track
"We know who you are",coma.fm,Unknown,00:00:24,track
"Where are we now",coma.fm,Unknown,00:00:21,track
"Far More Blue","Dave Brubeck Quartet","Time Further Out",00:04:39,track
Sorrow,"The National",youtube.com/watch?v=RLhUZxQHUIE,00:03:22,track
"Cha Cha Twist","Ty Taylor","VINYL: Music from the HBO Original Series - Volume 1",00:02:38,track
"Hemingway's Whiskey","Guy Clark",watch?v=RVdaEZ2NF1w,00:02:50,track
"Alabama Song","Marianne Faithfull","20th Century Blues",00:04:18,track
"Canadian Whiskey","Tom Russell",watch?v=6YXh2gpH6qk,00:03:00,track
"Johnny B. Goode","Chuck Berry","The Very Best Of Rock'N'Roll C",00:02:42,track
"Sweet Little Sixteen","Chuck Berry",Unknown,00:03:01,track
"Thirty Days","Chuck Berry","Blues Berry (The Blues Collection Vol.3)",00:02:24,track
"Too Much Monkey Business","Chuck Berry",Unknown,00:02:56,track
"Back Door Man","Howlin' Wolf","London Sessions (The Blues Collection Vol.7)",00:02:49,track
"Little Red Rooster","Howlin' Wolf","London Sessions (The Blues Collection Vol.7)",00:03:51,track
"Smokestack Lightnin'","Howlin' Wolf","Blues From Hell (Disc 1)",00:03:06,track
"What A Woman!","Howlin' Wolf","London Sessions (The Blues Collection Vol.7)",00:02:53,track
"Stop Breakin' Down Blues","Robert Johnson","Red Hot Blues (The Blues Collection Vol.6)",00:02:17,track
"Sweet Home Chicago","Robert Johnson","Red Hot Blues (The Blues Collection Vol.6)",00:03:02,track
"Walkin' Blues","Robert Johnson","Red Hot Blues (The Blues Collection Vol.6)",00:02:30,track
"When You Got A Good Friend","Robert Johnson","Red Hot Blues (The Blues Collection Vol.6)",00:02:38,track
"Drive In Saturday","David Bowie","A Crash Course For The Ravers",00:04:38,track
"The Whole Shebang","Grant Lee Buffalo","Velvet Goldmine",00:04:11,track
"Hot One","Shudder To Think","Velvet Goldmine",00:03:05,track
"China Girl","Iggy Pop Feat. David Bowie","Glam Rock Anthology",00:05:06,track
Vicious,"Lou Reed",Transformer,00:02:58,track
"The Man Who Sold the World",Lulu,"Oh Yes We Can Love: The History of Glam Rock",00:03:52,track
"Billy Porter","Mike Ronson","Glam Rock Anthology",00:03:36,track
"Roll Away The Stone","Mott The Hoople","It's Glam Rock",00:03:06,track
"Saturday Gig","Mott The Hoople","Glam Stars Vol 2",00:04:19,track
"In The Summertime","Mungo Jerry","The Glam Rock Years",00:03:40,track
"Personality Crisis","The New York Dolls","Glam Rock Anthology",00:03:51,track
"Ballad Of Maxwell Demon","Shudder To Think","Velvet Goldmine",00:04:47,track
Psychomodo,"Steve Harley","The Psychomodo",00:04:05,track
"Make Me Smile (Come Up And See Me)","Steve Harley & Cockney Rebel","It's Glam Rock",00:03:57,track
"Here Comes the Sun","Steve Harley and Cockney Rebel","Glam Stars Vol 2",00:03:00,track
"Get It On","T. Rex","Glam Stars Vol 2",00:04:27,track
"Hot Love","T. Rex","Glam Stars Vol 2",00:04:59,track
"Metal Guru","T. Rex","Oh Yes We Can Love: The History of Glam Rock",00:02:28,track
"Children Of The Revolution","T. Rex","Glam Rock Anthology",00:02:30,track
"Baby Strange","T. Rex","Glam Rock Anthology",00:03:05,track
Lola,"The Kinks","Oh Yes We Can Love: The History of Glam Rock",00:04:10,track
"Baby's On Fire","The Venus In Furs","Velvet Goldmine",00:03:19,track
Bitter-Sweet,"The Venus In Furs","Velvet Goldmine",00:04:54,track
"Music Non Stop",Coma.fm,Unknown,00:00:22,track
"Juke box",Coma.fm,Unknown,00:00:17,track
"For Your Love","Eric Clapton & The Yardbirds","Greatest Hits (The Blues Collection Vol.14)",00:02:30,track
"Jenny Jenny","Little Richard","Rock'N'Roll  - CD 02",00:02:05,track
"Send Me Some Lovin'","Little Richard","Long Tall Sally (The Blues Collection Vol.12)",00:02:15,track
"I Put A Spell On You","Screamin' Jay Hawkins",Unknown,00:02:26,track
"It's Only Make Believe","Screamin' Jay Hawkins","Blues Shouter (The Blues Collection Vol.62)",00:03:19,track
"We Love","Screamin' Jay Hawkins","Blues Shouter (The Blues Collection Vol.62)",00:02:51,track
"Same Damn Thing","Screamin' Jay Hawkins","Blues Shouter (The Blues Collection Vol.62)",00:05:50,track
"Hoochie Coochie Man","Willie Dixon","Little Red Rooster (The Blues Collection Vol.60)",00:02:46,track
"Little Red Rooster","Willie Dixon","Little Red Rooster (The Blues Collection Vol.60)",00:02:25,track
"Mellow Down Easy","Willie Dixon","Little Red Rooster (The Blues Collection Vol.60)",00:02:41,track
"Stormy Monday Blue","T-Bone Walker","The Blues At Christmas 1 (The Blues Collection)",00:02:50,track
"Groovin High (Live - Storyville)","Charlie Parker","50 Best Of Blue Note",00:05:04,track
Ornithology,"Charlie Parker","The Best of Blue Note: A Selection from 25 Best Albums",00:04:25,track
"I Get Along Without You Very Well (Except Sometimes) ","Chet Baker","50 Best Of Blue Note",00:02:57,track
"Holy Thursday","David Axelrod","100 Best Of Blue Note",00:05:27,track
Mother-In-Law,"Ernie K-Doe","60 Rock N Roll Jukebox-CD 2",00:02:34,track
"Hum Drum Blues","Holly Cole  Javon Jackson","100 Best Of Blue Note",00:05:35,track
Spoonful,"Howlin' Wolf","Blues From Hell (Disc 1)",00:02:45,track
"The Red Rooster","Howlin' Wolf",Unknown,00:03:56,track
"Stormy Monday","Joe Carter","The Best Of Blues - CD2",00:05:59,track
"Don`t Look Back","John Lee Hooker","Blues Planet. The Best Of Blues Music",00:04:10,track
"Boom Boom","John Lee Hooker","Plays And Sings The Blues",00:02:36,track
"Stormy Monday Blues","Junior Wells","Blow'n The Blues: Best Of The Great Harp Players",00:04:23,track
"Midnight Blue","Kenny Burrell","The Best of Blue Note: A Selection from 25 Best Albums",00:03:59,track
"It Dont Mean A Thing (If It Aint Got That Swing)","Louis Armstrong And The Duke Ellington Orchestra","50 Best Of Blue Note",00:03:56,track
Why,"Clare Teal",youtube.com/watch?v=X-aOJppftu0,00:05:15,track
"With or without you","Ladiva and Sylvain Daelemans",youtube.com/watch?v=gMkiJdx16EA,00:03:37,track
"Piece Of My Heart","Rachael Wood",youtube.com/watch?v=iE-I4cXrO3w,00:03:59,track
Why,"Sara Bradaschia and Emanuele Grafitti",youtube.com/watch?v=Nj3_Ln69i2M,00:04:52,track
Why,"Valentina Favara",youtube.com/watch?v=k2bpDT1e02g,00:04:47,track
"Streets of London","Glen Campbell",youtube.com/watch?v=UZxP-bFifrI,00:02:36,track
"Streets Of London","Mary Hopkin",youtube.com/watch?v=lQteP6oEHz8,00:04:26,track
"Streets Of London","Ralph McTell",youtube.com/watch?v=M2r97Fo_HWE,00:03:59,track
"Streets of London","Sinéad O'Connor",youtube.com/watch?v=NdKY8IzhEZI,00:04:07,track
"Streets Of London","The Johnstons",No,00:03:07,track
"Boppin The Blues","Carl Perkins","The Best Of",00:02:45,track
"Folsom Prison Blues","Carl Perkins","The Best Of",00:02:31,track
"Mean Woman Blues","Carl Perkins","The Best Of",00:02:09,track
"That's Allright","Carl Perkins","The Best Of",00:03:35,track
"The New Politician","Crazy Cavan And The Rhythm Rockers","The Best Of British Rockabilly",00:01:45,track
"Jailhouse Rock","Elvis Presley","Billboard Top Rock'n'Roll Hits 1957",00:02:27,track
"Little Girl","John & Jackie","Rockin' Bones: 1950s Punk and Rockabilly Disc 1",00:02:13,track
"Folsom Prison Blues","Johnny Cash","Rockabilly Rules Disc 2",00:02:49,track
Raw-Hide,"Link Wray","Rockabilly Rules Disc 2",00:02:08,track
"I'm a Woman","Peggy Lee","There's a Riot Goin' On! The Rock 'N' Roll Classics of Lieber and Stoller",00:02:09,track
"It's Saturday Night","The Riot Rockers","Best of Britsh Rockabillies V2",00:02:32,track
"Love Has No Pride","Bonnie Raitt","The Bonnie Raitt Collection",00:03:46,track
"Lover's Will","Bonnie Raitt","The Best of Bonnie Raitt on Capitol 1989-2003",00:04:29,track
Runaway,"Bonnie Raitt","The Bonnie Raitt Collection",00:03:55,track
Empire,"David Byrne","Grown Backwards",00:04:13,track
"Bell Bottom Blues","Derek & The Dominos","Layla And Other Assorted Love Songs (40th Anniversary Deluxe Edition) CD1",00:05:04,track
"I Looked Away","Derek & The Dominos","Layla And Other Assorted Love Songs (40th Anniversary Deluxe Edition) CD1",00:03:04,track
Layla,"Derek & The Dominos","Layla And Other Assorted Love Songs (40th Anniversary Deluxe Edition) CD1",00:07:06,track
"Little Wing","Derek & The Dominos","Layla And Other Assorted Love Songs (40th Anniversary Deluxe Edition) CD1",00:05:34,track
"Nobody Knows You When You're Down And Out","Derek & The Dominos","Layla And Other Assorted Love Songs (40th Anniversary Deluxe Edition) CD1",00:04:59,track
"Hava Nagila","Dick Dale","King Of The Surf Guitar",00:02:07,track
"Night Ride","Dick Dale","King Of The Surf Guitar",00:01:48,track
"Riders In The Sky","Dick Dale","King Of The Surf Guitar",00:02:14,track
"The Wedge","Dick Dale","King Of The Surf Guitar",00:02:01,track
"Take It Off","Dick Dale","King Of The Surf Guitar",00:02:10,track
"Tidal Wave","Dick Dale","King Of The Surf Guitar",00:02:04,track
Pipeline,"Dick Dale/Stevie Ray Vaughan","100 Greatest Surf Rock Songs",00:02:59,track
"Save Your Sundays For Surfin'","Fantastic Baggys","100 Greatest Surf Rock Songs",00:02:13,track
"Little Miss Red Riding Hood Surfer Queen Of Hollywood","Jim Pewter","100 Greatest Surf Rock Songs",00:02:47,track
"Surf Man","Richie Allen & The Pacific Surfers","100 Greatest Surf Rock Songs",00:02:19,track
Misirlou,"The Astronauts","Surfin' With The Astronauts",00:02:05,track
Pipeline,"The Astronauts","Surfin' With The Astronauts",00:02:06,track
Bombora,"The Atlantics","Flight of the Surf Guitar 21st Anniversary Edition",00:03:07,track
Runaway,"The Bel-Airs","More Surf Legends (And Rumors)",00:02:25,track
"Surfer's Life","The Blue Stingrays","100 Greatest Surf Rock Songs",00:04:11,track
"The Ninth Wave","The Bomboras","100 Greatest Surf Rock Songs",00:02:15,track
"Holiday Girl","The Centurions","Bullwinkle Pt. II",00:01:50,track
Pipeline,"The Chantays",Unknown,00:02:20,track
Runaway,"The Chantays",Pipeline,00:02:55,track
"Sleep Walk","The Chantays",Pipeline,00:02:36,track
Misirlou,"The Lively Ones","Surf Rider!",00:02:31,track
"Mr. Moto","The Lively Ones","Surf Drums",00:02:00,track
Rumble,"The Lively Ones","Surf Drums",00:04:09,track
"Wild Weekend","The Lively Ones","Surf Drums",00:02:11,track
"Don't Leave Me","The Pastel Six","Surf Legends (And Rumors) - Rockin' Instrumentals 1961 - 1964",00:03:19,track
"Surrfer Smootch","The Pastel Six","More Surf Legends (And Rumors)",00:02:40,track
Caravan,"The Rhythm Rockers","Soul Surfin'",00:01:35,track
"Big Wednesday","The Rip Chords","100 Greatest Surf Rock Songs",00:01:32,track
"Night Scene","The Rumblers","Surf Legends (And Rumors) - Rockin' Instrumentals 1961 - 1964",00:02:14,track
"Theme from The Endless Summer","The Sandals","100 Greatest Surf Rock Songs",00:02:50,track
Misirlou,"The Surfaris",Play,00:03:42,track
"Surfaris Stomp","The Surfaris",Play,00:02:15,track
"Surfing Drums","The Surfaris",Play,00:03:06,track
"Wipe Out","The Surfaris",Unknown,00:02:17,track
Malagueña,"The Tornadoes","Bustin' Surfboards",00:02:32,track
"Moon Dawg","The Tornadoes","Bustin' Surfboards",00:02:19,track
Summertime,"The Tornadoes","Bustin' Surfboards",00:03:02,track
Perfidia,"The Ventures","The Ventures Best Hit Collection 30",00:02:07,track
"Santa Cruz","The Ventures","100 Greatest Surf Rock Songs",00:02:43,track
"Book Song","Fairport Convention","Meet on the Ledge - The Classic Years (1967-1975) (disc 1)",00:03:15,track
"Crazy Man Michael","Fairport Convention","Meet on the Ledge - The Classic Years (1967-1975) (disc 1)",00:04:38,track
"Genesis Hall","Fairport Convention","Meet on the Ledge - The Classic Years (1967-1975) (disc 1)",00:03:39,track
"I'll Keep It With Mine","Fairport Convention","Meet on the Ledge - The Classic Years (1967-1975) (disc 1)",00:05:54,track
"Now Be Thankful","Fairport Convention","Meet on the Ledge - The Classic Years 1967-1975 Disc 2",00:02:24,track
"White Dress","Fairport Convention","Meet on the Ledge - The Classic Years 1967-1975 Disc 2",00:03:43,track
"Born To Be Burned","Grace Slick & The Great Society",Unknown,00:03:13,track
"Darkly Smiling","Grace Slick & The Great Society",Unknown,00:03:08,track
"Somebody To Love","Grace Slick & The Great Society",Unknown,00:04:27,track
"That`s How It Is","Grace Slick & The Great Society",Unknown,00:02:39,track
"Do It The Hard Way","Grace Slick",Dreams,00:04:59,track
"Face To The Wind","Grace Slick",Dreams,00:05:31,track
"Full Moon Man","Grace Slick",Dreams,00:05:07,track
"Garden Of Man","Grace Slick",Dreams,00:06:33,track
"Let It Go","Grace Slick",Dreams,00:05:42,track
"Call It Right Call It Wrong","Grace Slick",Software,00:03:56,track
"They Call It Stormy Monday","John Mayall","Looking Back [1990, 820 331-2]",00:04:38,track
"Saturday Sun","Nick Drake","1969 - Five Leaves Left",00:04:05,track
Sunday,"Nick Drake","1970 - Bryter Layter",00:03:43,track
"Nothing Compares 2 U",Prince,"Best Ballads",00:05:00,track
"The Most Beautiful Girl in the World",Prince,"Best Ballads",00:04:37,track
Rise,"Public Image Limited","The Greatest Hits, So Far",00:06:18,track
"This Is Not A Love Song","Public Image Limited","This Is Not A Love Song",00:04:30,track
"Good Morning Anya","Jaco Pastorius","Punk Jazz, The Jaco Pastorius Anthology (Disc 2)",00:06:10,track
Sunday,"Jaco Pastorius","Punk Jazz The Jaco Pastorius Anthology",00:04:19,track
"Bang and Blame",R.E.M.,Monster,00:05:30,track
"Dream (All I Have To Do)",R.E.M.,"Lifes Rich Pageant (1993 IRS Years)",00:02:38,track
"Everybody Hurts",R.E.M.,"Automatic For The People",00:04:59,track
"I'll Take The Rain",R.E.M.,Reveal,00:05:51,track
"Losing My Religion",R.E.M.,"Out Of Time",00:04:29,track
"Make It All Okay",R.E.M.,"Around The Sun",00:03:44,track
"Man on the Moon",R.E.M.,"Automatic for the People",00:05:14,track
"Perfect Circle",R.E.M.,"Murmur (2008 Deluxe Edition) CD1",00:03:31,track
"Shiny Happy People",R.E.M.,"Out Of Time",00:03:46,track
"The One I Love",R.E.M.,"Document (1993 IRS Years)",00:03:17,track
"What's the Frequency, Kenneth?",R.E.M.,Monster,00:04:00,track
Zither,R.E.M.,"New Adventures in Hi-Fi (2005 Remaster)",00:02:34,track
"Black Friday","Steely Dan",Unknown,00:03:37,track
"Charlie Don't Surf","The Clash",Sandinista!,00:04:54,track
"Gates of the West","The Clash","Sound System extras",00:03:25,track
"I Fought the Law","The Clash","Sound System extras",00:02:43,track
"London Calling","The Clash","London Calling",00:03:20,track
"Midnight to Stevens (Outtake)","The Clash","Sound System extras 2",00:04:36,track
"Rock the Casbah","The Clash","Combat Rock",00:03:42,track
"Should I Stay or Should I Go","The Clash","Combat Rock",00:03:09,track
"Every Night's A Saturday Night With","The Drifters",Unknown,00:03:20,track
"I Only Want to Be With You","The Tourists","Reality Effect",00:02:21,track
"Something in the Air Tonight","The Tourists","Reality Effect",00:04:04,track
"Brown Eyed Girl","Van Morrison","Still On Top: The Greatest Hits [Disc 1]",00:03:05,track
"Have I Told You Lately","Van Morrison",Unknown,00:04:19,track
"It's All Over Now Baby Blue","Van Morrison",Unknown,00:03:51,track
Consequently,"Weather Report","This Is This",00:04:56,track
"Face On the Barroom Floor","Weather Report","Sportin' Life",00:03:59,track
Harlequin,"Weather Report","Heavy Weather",00:04:01,track
"In A Silent Way","Weather Report",8:30,00:02:50,track
"Second Sunday In August","Weather Report","I Sing The Body Electric",00:04:13,track
Tears,"Weather Report","Weather Report",00:03:27,track
"The Orphan","Weather Report",8:30,00:03:18,track
"Music To Watch Girls Go By","Roger & The Wraybands","Chicago Surf Rally",00:02:27,track
"Grand Big Kiss",RvB,2020,00:03:04,track
"Sweet Nothin's","Brenda Lee","Billboard Top Rock'n'Roll Hits 1960",00:02:25,track
"Peggy Sue","Buddy Holly & The Picks","The Very Best Of Rock'N'Roll C",00:02:31,track
"Every Day","Buddy Holly","American Rock 'N' Roll Anthems - CD1",00:02:07,track
Heartbeat,"Buddy Holly","60 Rock N Roll Jukebox-CD 1",00:02:09,track
"Maybe Baby","Buddy Holly","All-Time Greatest Hits: Disc Two",00:02:04,track
"Peggy Sue Got Married","Buddy Holly","100 Hits Legends Of Rock'n'Roll - Disc 2",00:02:04,track
"Think It Over","Buddy Holly","All-Time Greatest Hits: Disc One",00:01:48,track
"Let's Twist Again","Chubby Checker","Greatest Hits of the 50's & 60's - Vol.2",00:02:24,track
"The Twist","Chubby Checker","Billboard Top Rock'n'Roll Hits 1960",00:02:36,track
"You Never Can Tell","Chuck Berry",Unknown,00:02:43,track
Maybelline,"Chuck Berry","The Very Best Of Rock'N'Roll C",00:02:36,track
"Rock & Roll Music","Chuck Berry","100 Hits Legends Of Rock'n'Roll - Disc 1",00:02:32,track
"Rock Over Beethoven","Chuck Berry","American Rock 'N' Roll Anthems - CD1",00:02:24,track
"Hats Off To Larry","Del Shannon","Greatest Hits of the 50's & 60's - Vol.4",00:02:07,track
"I Go To Pieces","Del Shannon","Rock'N'Roll  - CD 02",00:02:28,track
"Little Town Flirt","Del Shannon","Rock 'n' Roll (disc 3)",00:02:50,track
"Runaround Sue","Del Shannon","25 Rock'N'Roll Hits - CD 01",00:02:39,track
"A Teenager In Love","Dion And The Belmonts",Unknown,00:02:38,track
"Runaround Sue","Dion And The Belmonts","60 Rock N Roll Jukebox-CD 1",00:02:44,track
"C'mon Everybody","Eddie Cochran","Pure Rock & Roll CD 3",00:01:57,track
"Three Steps To Heaven","Eddie Cochran","100 Hits - Classic 60s Disc 5",00:02:22,track
"Twenty Flight Rock","Eddie Cochran","Pure  Rock & Roll CD 1",00:01:46,track
Weekend,"Eddie Cochran","100 Hits Legends Of Rock'n'Roll - Disc 3",00:01:51,track
"Hound Dog","Elvis Presley","Billboard Top Rock'n'Roll Hits 1956",00:02:18,track
"Love Me Tender","Elvis Presley","American Rock 'N' Roll Anthems - CD2",00:02:42,track
"That's All Right","Elvis Presley",Unknown,00:01:56,track
"Good Golly Miss Molly","Gene Vincent & The Shouts","Pure Rock & Roll CD 3",00:02:18,track
"Another Saturday Night","Gene Vincent","Pure Rock & Roll CD 2",00:01:43,track
"Rip It Up","Gene Vincent",Unknown,00:02:43,track
"Milkshake Mademoiselle","Jerry Lee Lewis",Unknown,00:02:07,track
"Sweet Little Sixteen","Jerry Lee Lewis","The very Best of Rock'n Roll C",00:02:56,track
Dimples,"John Lee Hooker",Unknown,00:02:10,track
"Be Bop A Lula","John Lennon",Unknown,00:02:36,track
"Johnny Remember Me","John Leyton","Greatest Hits of The 60's Cd7",00:02:41,track
"Ya Ya","John Lennon",Unknown,00:02:11,track
"Dream Lover","Johnny Burnette","Pure Rock & Roll CD 2",00:02:24,track
"I Walk The Line","Johnny Cash","American Rock 'N' Roll Anthems - CD1",00:02:46,track
"Ring Of Fire","Johnny Cash","The Legend Of",00:02:37,track
"A Thousand Stars","Kathy Young And The Innocents",Unknown,00:03:14,track
"Rock And Roll","Led Zeppelin",Unknown,00:03:39,track
"Heeby Jeebies","Little Richard",Unknown,00:02:11,track
Fever,"Little Willie John",Unknown,00:02:44,track
"Hoochie Coochie Man","Muddy Waters","American Rock 'N' Roll Anthems - CD1",00:02:50,track
"Mannish Boy","Muddy Waters","American Rock 'N' Roll Anthems - CD3",00:02:57,track
"Rollin' Stone","Muddy Waters","American Rock 'N' Roll Anthems - CD2",00:03:06,track
"I Fall To Pieces","Patsy Cline","The Golden Age Of American Rock 'n' Roll: Special Country Edition",00:02:49,track
"Girl Of My Best Friend","Ral Donner",Unknown,00:02:15,track
"You Don't Know What You've Got","Ral Donner",Unknown,00:02:11,track
"Drown In My Own Tears","Ray Charles","The Very Best Of Ray Charles",00:03:20,track
"Whole Lotta Shakin Goin On","Ricky Nelson","Pure  Rock & Roll CD 1",00:02:12,track
"Wonderful World","Sam Cooke","American Rock 'N' Roll Anthems - CD1",00:02:06,track
"Rock Around The Clock","Sex Pistols",Unknown,00:02:05,track
"Five Foot Two Eyes Of Blue","Shane Fenton & The Fentones","Pure Rock & Roll CD 2",00:02:13,track
"Leader Of The Pack",Shangrilas,Unknown,00:02:51,track
"I Got You Babe","Sonny & Cher","Simply The Best Of The 60's CD1",00:03:12,track
"I Love To Boogie","T Rex",Unknown,00:02:10,track
"Rock 'n' Roll Music","The Beatles",Unknown,00:02:30,track
"Only You","The Platters","Billboard Top Rock'n'Roll Hits 1955",00:02:40,track
"Fishnet Stockings","The Stray Cats",Unknown,00:02:21,track
"Ubangi Stomp","The Stray Cats",Unknown,00:03:16,track
Telstar,"The Tornadoes","100 Hits Legends Of Rock'n'Roll - Disc 5",00:03:14,track
"Saturday Night","Country Gentleman","Mindrockers, Vol.12",00:01:52,track
"Saturday Town",Darlings,"Fairytales Can Come True - UK Popsike From The Late 60's",00:01:55,track
"Gonna Hurry (As Slow As I Can)","Dolly Parton","Dolly - Disc 1 of 4",00:01:43,track
"Here You Come Again","Dolly Parton","Dolly (Disc 3)",00:02:53,track
"I Will Always Love You","Dolly Parton",#1983,00:02:55,track
"Save The Last Dance For Me (Recorded 1983)","Dolly Parton","Dolly - Disc 4 of 4",00:03:50,track
"Touch Your Woman","Dolly Parton","Dolly - Disc 2 of 4",00:02:40,track
"We Used To","Dolly Parton","Dolly (Disc 3)",00:03:11,track
"You're The Only One","Dolly Parton","Dolly (Disc 3)",00:03:19,track
"Catch The Wind",Donovan,"100 Hits - Classic 60s Disc 4",00:02:54,track
Colours,Donovan,"The British Invasion : The History of British Rock Vol.3",00:02:47,track
Atlantis,Donovan,"Simply The Best Of The 60's CD3",00:05:01,track
"Hurdy Gurdy Man",Donovan,"The British Invasion : The History of British Rock Vol.8",00:03:16,track
"Mellow Yellow",Donovan,"Greatest Hits...And More",00:03:41,track
Lalena,Donovan,"The British Invasion : The History of British Rock Vol.9",00:02:58,track
"Universal Soldier",Donovan,Unknown,00:02:13,track
"Candle in the Wind","Elton John","Greatest Hits [1992 Polydor 314 512 532-2] USA",00:03:49,track
"Crocodile Rock","Elton John","Greatest Hits [1992 Polydor 314 512 532-2] USA",00:03:55,track
"Don't Go Breaking My Heart","Elton John","Greatest Hits Volume II [1984 Carrere 96.088] France",00:04:23,track
"Goodbye Yellow Brick Road","Elton John","Greatest Hits [1992 Polydor 314 512 532-2] USA",00:03:14,track
"I Saw Her Standing There","Elton John feat. John Lennon","Rare Masters CD2 [1992 DJM Records 514 305-2] Germany",00:03:51,track
"I've Been Loving You","Elton John","Rare Masters CD1 [1992 DJM Records 514 305-2] Germany",00:03:18,track
"I'm Still Standing","Elton John","Greatest Hits Volume III 1979-1987 [1987 Geffen 9 24153-2] USA",00:03:04,track
"It's Me That You Need","Elton John","Lady Samantha [1998 Phonogram 832 019-2] Germany",00:03:59,track
"Your Song","Elton John","Greatest Hits [1992 Polydor 314 512 532-2] USA",00:04:01,track
"Beautiful Girl",INXS,"Shine Like It Does - The Anthology - 1979-1997 (disc 2)",00:03:11,track
"Elegantly Wasted",INXS,"Shine Like It Does - The Anthology - 1979-1997 (disc 2)",00:03:54,track
"Devil Inside",INXS,"Shine Like It Does - The Anthology - 1979-1997 (disc 2)",00:03:57,track
"Need You Tonight",INXS,"Shine Like It Does - The Anthology - 1979-1997 (disc 2)",00:03:04,track
"Never Tear Us Apart",INXS,"Shine Like It Does - The Anthology - 1979-1997 (disc 2)",00:03:06,track
"Suicide Blonde",INXS,Unknown,00:03:51,track
"A Thousand Kisses Deep","Leonard Cohen","Ten New Songs",00:06:25,track
"Alexandra Leaving","Leonard Cohen","Ten New Songs",00:05:22,track
"Ain't No Cure for Love","Leonard Cohen","I'm Your Man",00:04:49,track
Anthem,"Leonard Cohen","The Future",00:06:05,track
"Chelsea Hotel #2","Leonard Cohen","New Skin For The Old Ceremony",00:03:08,track
"Closing Time","Leonard Cohen","The Future",00:05:58,track
"Coming Back to You","Leonard Cohen","Various Positions",00:03:33,track
"Dance Me to the End of Love","Leonard Cohen","Various Positions",00:04:40,track
Democracy,"Leonard Cohen","The Future",00:07:12,track
"Everybody Knows","Leonard Cohen","I'm Your Man",00:05:34,track
"Famous Blue Raincoat","Leonard Cohen","Songs of Love and Hate",00:05:10,track
"First We Take Manhattan","Leonard Cohen","I'm Your Man",00:05:59,track
Hallelujah,"Leonard Cohen","Various Positions",00:04:37,track
"Here It Is","Leonard Cohen","Ten New Songs",00:04:14,track
"I'm Your Man","Leonard Cohen","I'm Your Man",00:04:25,track
"If I Didn't Have Your Love","Leonard Cohen","You Want It Darker",00:03:36,track
"If It Be Your Will","Leonard Cohen","Various Positions",00:03:44,track
"In My Secret Life","Leonard Cohen","Ten New Songs",00:04:53,track
"Leaving the Table","Leonard Cohen","You Want It Darker",00:03:47,track
"So Long, Marianne","Leonard Cohen","Songs of Leonard Cohen (Bonus Track Version)",00:05:40,track
"String Reprise / Treaty","Leonard Cohen","You Want It Darker",00:03:27,track
Suzanne,"Leonard Cohen",Unknown,00:03:51,track
"Take This Waltz","Leonard Cohen","I'm Your Man",00:05:59,track
"The Future","Leonard Cohen","The Future",00:06:40,track
"Tower of Song","Leonard Cohen","I'm Your Man",00:05:38,track
Treaty,"Leonard Cohen","You Want It Darker",00:04:02,track
"Waiting for the Miracle","Leonard Cohen","The Future",00:07:41,track
"Who By Fire","Leonard Cohen","New Skin for the Old Ceremony",00:02:33,track
"You Want It Darker","Leonard Cohen","You Want It Darker",00:04:44,track
"A Rainy Night In Soho","The Pogues","The Very Best Of The Pogues",00:04:45,track
"Half Step Off",SpyTones,"SpyTones 3",00:03:03,track
"Mother Earth and Father Time (Feat. The Secret Sisters)","Shovels & Rope","Busted Jukebox Vol. 3",00:02:21,track
"What a Wonderful World (Feat. John Paul White)","Shovels & Rope","Busted Jukebox Vol. 3",00:03:16,track
"I'll Be Fine","Sierra Hull","Weighted Mind (The Original Sessions)",00:03:21,track
"We Are Storm","The Daintees","""Big Sky"" (FREE EP)",00:03:42,track
"One Drop","Bob Marley & The Wailers","Natural Mystic",00:03:52,track
"Women And Wives","Paul McCartney","McCartney III",00:02:52,track
"Bold As Love","The Jimi Hendrix Experience","Axis Bold As Love",00:04:11,track
"Crazy Little Thing","Captain Beefheart","Clear Spot",00:02:39,track
"Her Eyes Are a Blue Million Miles","Captain Beefheart","Clear Spot",00:02:57,track
"My Head Is My Only House Unless It Rains","Captain Beefheart","Clear Spot",00:03:00,track
"Too Much Time","Captain Beefheart","Clear Spot",00:02:50,track
"Harry Irene","Captain Beefheart",Out-Takes,00:03:33,track
"Love You Till Tuesday","David Bowie","David Bowie",00:03:08,track
"Rubber Band","David Bowie","David Bowie",00:02:17,track
"Cygnet Committee","David Bowie","Space Oddity",00:09:32,track
"God Knows I'm Good","David Bowie","Space Oddity",00:03:16,track
"Space Oddity","David Bowie","Best of Bowie",00:05:15,track
"Black Country Rock","David Bowie","The Man Who Sold the World (Remastered)",00:03:34,track
"All the Madmen","David Bowie","The Man Who Sold the World (Remastered)",00:05:38,track
"The Man Who Sold the World","David Bowie","The Man Who Sold the World (Remastered)",00:03:56,track
"Oh! You Pretty Things","David Bowie","Hunky Dory",00:03:12,track
Quicksand,"David Bowie","Hunky Dory",00:05:03,track
"Life On Mars?","David Bowie","Hunky Dory",00:03:49,track
"Five Years","David Bowie","The Rise and Fall of Ziggy Stardust and the Spiders from Mars (30th Anniversary Edition)",00:04:43,track
"Rock 'N' Roll Suicide","David Bowie","The Rise and Fall of Ziggy Stardust and the Spiders from Mars (30th Anniversary Edition)",00:02:59,track
"Moonage Daydream","David Bowie",Unknown,00:04:39,track
"Soul Love","David Bowie","The Rise and Fall of Ziggy Stardust and the Spiders from Mars (30th Anniversary Edition)",00:03:33,track
Starman,"David Bowie","The Rise and Fall of Ziggy Stardust and the Spiders from Mars (30th Anniversary Edition)",00:04:13,track
"Ziggy Stardust","David Bowie","The Rise and Fall of Ziggy Stardust and the Spiders from Mars (30th Anniversary Edition)",00:03:14,track
"All the Young Dudes","David Bowie","Aladdin Sane (30th Anniversary Edition)",00:04:11,track
"Friday On My Mind","David Bowie","Pin Ups",00:02:56,track
"Rebel Rebel","David Bowie",Unknown,00:04:32,track
"Across the Universe","David Bowie","Young Americans",00:04:31,track
"Wild Is the Wind","David Bowie","Station to Station (Deluxe Edition)",00:06:01,track
Heroes,"David Bowie","""Heroes"" (Remastered)",00:06:08,track
"Ashes to Ashes","David Bowie","Scary Monsters (And Super Creeps)",00:04:24,track
"China Girl","David Bowie",Unknown,00:04:11,track
"Modern Love","David Bowie","Let's Dance",00:04:47,track
"Let's Dance","David Bowie","Let's Dance",00:07:39,track
"God Only Knows","David Bowie",Tonight,00:03:08,track
Tonight,"David Bowie",Tonight,00:03:47,track
"Jump They Say","David Bowie","Black Tie White Noise (10th Anniversary Version)",00:04:25,track
"Something In The Air","David Bowie","Hours... (Bonus Track Version)",00:05:45,track
"Thursday's Child","David Bowie","Hours... (Bonus Track Version)",00:05:21,track
"Slow Burn","David Bowie",Heathen,00:04:40,track
Sunday,"David Bowie",Heathen,00:04:45,track
"Lady Stardust","David Bowie","The Rise and Fall of Ziggy Stardust and the Spiders from Mars (30th Anniversary Edition)",00:03:33,track
"Moonage Daydream (Arnold Corns Version)","David Bowie","The Rise and Fall of Ziggy Stardust and the Spiders from Mars (30th Anniversary Edition)",00:03:53,track
"Velvet Goldmine","David Bowie","The Rise and Fall of Ziggy Stardust and the Spiders from Mars (30th Anniversary Edition)",00:03:13,track
"Ziggy Stardust (Demo)","David Bowie","The Rise and Fall of Ziggy Stardust and the Spiders from Mars (30th Anniversary Edition)",00:03:38,track
Days,"David Bowie",Reality,00:03:19,track
"The Stars (Are Out Tonight)","David Bowie","The Next Day Extra",00:03:57,track
"Valentine's Day","David Bowie","The Next Day Extra",00:03:02,track
"Where Are We Now","David Bowie","The Next Day (Deluxe Version)",00:04:09,track
"'Tis a Pity She Was a Whore","David Bowie",Blackstar,00:04:52,track
"Dollar Days","David Bowie",Blackstar,00:04:44,track
Blackstar,"David Bowie",Blackstar,00:09:57,track
Lazarus,"David Bowie",Blackstar,00:06:22,track
"Sue (Or In a Season of Crime)","David Bowie",Blackstar,00:04:40,track
Америка,"Брати Гадюкiни","Всьо Чотко",00:04:51,track
"Боже не дай","Брати Гадюкiни","Було не любити",00:04:18,track
"Звьоздочка Моя","Брати Гадюкiни","Всьо Чотко",00:04:14,track
"На долинi туман шейк","Брати Гадюкiни","Було не любити",00:04:06,track
"Файне мiсто Тернопiль","Брати Гадюкiни","Було не любити",00:04:35,track
"Наркомани на городі","Брати Гадюкiни","Всьо Чотко",00:04:31,track
"Чуваки, всьо чотко","Брати Гадюкiни","Всьо Чотко",00:05:28,track
"Емігрант сонг","Брати Гадюкіни","Щасливої дороги",00:03:43,track
"Ми - хлопці з Бандерштадту","Брати Гадюкіни","Ми - хлопці з Бандерштадту",00:05:23,track
"Місячне сяйво твого тіла","Брати Гадюкіни","Ми - хлопці з Бандерштадту",00:04:34,track
"На Україні лад і спокій","Брати Гадюкіни","Ми - хлопці з Бандерштадту",00:03:59,track
Соломія,"Брати Гадюкіни","Щасливої дороги",00:03:12,track
"Я вернувся домів","Брати Гадюкіни","Щасливої дороги",00:04:04,track
Капелюх,"ВІА Смерічка",Unknown,00:02:27,track
"Минає день","Захар Май","Снэпшот для Юрчика",00:03:45,track
"Вена на чолi","Калич Блюз",Unknown,00:05:47,track
"Країна навпаки","Калич Блюз","El padrino",00:03:53,track
"Ми рок-н-рол","Калич Блюз",Unknown,00:05:28,track
"Слово сонця","Калич Блюз","El padrino",00:04:24,track
"Час повинен змiнитись","Калич Блюз",Unknown,00:05:26,track
"Я дощ","Калич Блюз","El padrino",00:04:51,track
"Чорно-білий блюз","Калич Блюз",Unknown,00:06:39,track
"Я йду по вулицi","Калич Блюз",Unknown,00:05:20,track
"Дочка мельника",Мандри,"Романсеро про нiжну королеву",00:03:21,track
Гоголя,Мандри,"Романсеро про нiжну королеву",00:04:20,track
"Картата Сорочка",Мандри,"Романсеро Про Нiжну Королеву",00:03:25,track
"Вiдлiтає печаль","Марiя Бурмака","Знову люблю",00:03:40,track
"Коли ти смієшся","Мертвий пiвень","Вибраний народом (2008)",00:02:22,track
"Мала гвизда","Николая Сивч",Unknown,00:03:49,track
Деточка,"Обмен веществ",Unknown,00:03:00,track
"Я вчера","Обмен веществ",Unknown,00:04:28,track
"Старенький трамвай","Пікардійська Терція","Пікардійська: Старенький трамвай",00:02:56,track
"Нехай і холод і вітри","Піккардійська Терція",Unknown,00:03:43,track
Капелюх,"Срібний Креш",Unknown,00:02:15,track
"If You Catch Me Stealing","Eilen Jewell","Letters From Sinners & Strangers",00:04:09,track
"Pink Rebel","Grant-Lee Phillips","Pink Rebel",00:03:24,track
"High Shelf Booze","Eilen Jewell","Letters From Sinners & Strangers",00:03:38,track
"Where They Never Say Your Name","Eilen Jewell","Letters From Sinners & Strangers",00:02:32,track
"$1000 Wedding","Gram Parsons","- 2001 - Sacred Hearts & Fallen Angels (The Gram Parsons Anthology) (Disc 2)",00:05:03,track
"Brass Buttons","Gram Parsons","- 2001 - Sacred Hearts & Fallen Angels (The Gram Parsons Anthology) (Disc 2)",00:03:29,track
"Hearts on Fire","Gram Parsons","- 2001 - Sacred Hearts & Fallen Angels (The Gram Parsons Anthology) (Disc 2)",00:03:50,track
"In My Hour of Darkness","Gram Parsons","- 2001 - Sacred Hearts & Fallen Angels (The Gram Parsons Anthology) (Disc 2)",00:03:47,track
"Love Hurts","Gram Parsons","- 2001 - Sacred Hearts & Fallen Angels (The Gram Parsons Anthology) (Disc 2)",00:03:41,track
She,"Gram Parsons",GP,00:05:01,track
"The New Soft Shoe","Gram Parsons","- 2001 - Sacred Hearts & Fallen Angels (The Gram Parsons Anthology) (Disc 2)",00:03:53,track
"To Love Somebody","Gram Parsons and The Flying Burrito Bros","- 2001 - Sacred Hearts & Fallen Angels (The Gram Parsons Anthology) (Disc 2)",00:03:21,track
"Dark End of the Street","Gram Parsons and The Flying Burrito Bros","Sacred Hearts & Fallen Angels (The Gram Parsons Anthology) (disc 1)",00:03:59,track
"Hot Burrito #1","Gram Parsons and The Flying Burrito Bros","Sacred Hearts & Fallen Angels (The Gram Parsons Anthology) (disc 1)",00:03:41,track
"Older Guys","Gram Parsons and The Flying Burrito Bros","Sacred Hearts & Fallen Angels (The Gram Parsons Anthology) (disc 1)",00:02:31,track
"Wild Horses","Gram Parsons and The Flying Burrito Bros","Sacred Hearts & Fallen Angels (The Gram Parsons Anthology) (disc 1)",00:06:23,track
"Me & Bobby McGee","Grateful Dead","Grateful Dead (Skull & Roses)",00:05:42,track
Deal,"Grateful Dead","The Random 'Grateful Dead' Playlist CD1",00:03:16,track
"Me & My Uncle","Grateful Dead","The Random 'Grateful Dead' Playlist CD2",00:03:06,track
"One More Saturday Night","Grateful Dead","The Random 'Grateful Dead' Playlist CD2",00:04:33,track
Sugaree,"Grateful Dead","The Random 'Grateful Dead' Playlist CD2",00:05:56,track
"We Can Run","Grateful Dead","The Random 'Grateful Dead' Playlist CD2",00:05:35,track
Loser,"Grateful Dead","The Random 'Grateful Dead' Playlist CD3",00:04:12,track
"Looks Like Rain","Grateful Dead","The Random 'Grateful Dead' Playlist CD4",00:06:16,track
"Mississippi Half-Step Uptown Toodeloo","Grateful Dead","The Random 'Grateful Dead' Playlist CD4",00:05:48,track
"I'm The Urban Spaceman","Bonzo Dog Doo Dah Band","Greatest Hits of The 60's Cd4",00:02:24,track
"Out of Time","Chris Farlowe",Unknown,00:03:34,track
"The Good, The Bad, and The Ugly ","Ennio Morricone","Cinema Themes and Music",00:02:40,track
"Lady Jane","David Garrick",Unknown,00:03:11,track
"Keep Searchin'","Del Shannon","Greatest Hits Collection of the 60's",00:02:10,track
"A Rockin' Good Way (To Mess Around And Fall In Love)","Dinah Washington & Brook Bento","The Ultimate Jukebox Hits of the 60s - Volume 5",00:02:26,track
"Jersey Thursday",Donovan,Unknown,00:02:11,track
"Son Of A Preacher Man","Dusty Springfield","Hits Collection (K2HD)",00:02:28,track
War,"Edwin Starr","Billboard Top Rock'n'Roll Hits 1970",00:03:25,track
"Let It Be Me","Everly Brothers, The","Greatest Hits of The 60's Cd3",00:02:37,track
"Pistol Packin' Mama","Gene Vincent","100 Hits - Classic 60s Disc 3",00:02:09,track
"It Aint Me Babe","The Turtles","Back to the 60s Rock n Roll",00:02:09,track
"Love Is Blue (L'Amour Est Bleu)","Jeff Beck","100 Hits - Classic 60s Disc 3",00:02:57,track
"Two In One Goes","Jimi Hendrix",Unknown,00:02:13,track
"Purple Haze","Jimmy Hendrix",Unknown,00:03:02,track
"Love Letters","Ketty Lester","Love Is for Everyone (The 1962 Sessions)",00:02:43,track
"Going Out Of My Head","Little Anthony & The Imperials","100 Hits - Classic 60s Disc 4",00:02:27,track
"Alone Again Or",Love,"Forever Changes",00:03:17,track
"California Dreamin`","Mamas and The Papas",Unknown,00:02:40,track
"Go Where You Wanna Go","Mamas and The Papas",Unknown,00:02:28,track
"Monday Monday","Mamas and The Papas",Unknown,00:03:26,track
"I Call Your Name","Mamas and The Papas",Unknown,00:02:37,track
"Lady Madelaine","Marianne Faithfull",Faithless,00:04:26,track
"The Last Mile",Nico,Unknown,00:02:49,track
"These Days",Nico,"Chelsea Girl (UK RE)",00:03:33,track
"Hey Paula","Paul & Paula",Unknown,00:02:28,track
"When A Man Loves A Woman","Percy Sledge","Greatest Hits of the 50's & 60's - Vol.2",00:03:00,track
Downtown,"Petula Clark","Songs Of My Life (The Essential) (disc 1)",00:03:05,track
Homburg,"Procol Harum","Greatest Hits Collection of the 60's",00:03:39,track
"I (Who Have Nothing)","Shirley Bassey","100 Hits - Classic 60s Disc 4",00:02:41,track
"The Sound Of Silence","Simon & Garfunkel","The Rolling Stone Magazines 500 Greatest Songs Of All Time",00:03:03,track
"We Gotta Get Out Of This Place","The Animals","100 Hits - Classic 60s Disc 2",00:03:13,track
"Eleanor Rigby","The Beatles","The Rolling Stone Magazines 500 Greatest Songs Of All Time",00:02:07,track
"Day in the Life","The Beatles","Sgt. Pepper's Lonely Hearts Club Band",00:05:33,track
"Till Then","The Classics","Doo Wop Box 2: 101 More Vocal Group Gems",00:02:17,track
"Saturday Nite At The Duckpond","The Cougars","100 Hits - Classic 60s Disc 3",00:02:13,track
"Step By Step","The Crests","Doo Wop Box 2: 101 More Vocal Group Gems",00:02:31,track
"Lets Go To San Francisco","The Flowerpot Men",Unknown,00:03:34,track
"Oh Gee, Oh Gosh","The Kodoks","Doo Wop Box 2: 101 More Vocal Group Gems",00:02:51,track
"Smoke From Your Cigarette","The Mellows","Doo Wop Box 2: 101 More Vocal Group Gems",00:02:27,track
"Dear One","The Scarlets","Doo Wop Box 2: 101 More Vocal Group Gems",00:03:05,track
Venus,"The Shocking Blue","Billboard Top Rock'n'Roll Hits 1970",00:03:05,track
"I Wanna Be Your Dog","The Stooges","The Stooges (LP) [Elektra, EKS-74051]",00:03:12,track
"In My Heart","The Timetones","Doo Wop Box 2: 101 More Vocal Group Gems",00:02:33,track
"Wild Thing","The Troggs","Simply The Best Of The 60's CD1",00:02:37,track
"I Can't Explain","The Who","The Who Collection (Disc 1)",00:02:11,track
"Crimson And Clover","Tommy James & The Shondells","It's A New Vibration * An Ultimate Anthology (Disc 1)",00:03:29,track
Rococo,"Cocteau Twins","Lullabies To Violaine CD1",00:03:06,track
"Mud And Dark","Cocteau Twins","Lullabies To Violaine CD3",00:03:40,track
"Rilkean Heart [Acoustic Version]","Cocteau Twins","Lullabies To Violaine CD3",00:02:22,track
"Pink Orange Red [Acoustic Version]","Cocteau Twins","Lullabies To Violaine CD3",00:04:30,track
"Primitive Heart","Cocteau Twins","Lullabies To Violaine CD4",00:04:07,track
Changes,"David Bowie",Unknown,00:03:34,track
"Було не любити","Брати Гадюкiни","Було не любити",00:04:32,track
"Blue And Lonesome","The Rolling Stones","Blue and Lonesome",00:03:07,track
"Hounds Of Love","Kate Bush","Before The Dawn",00:03:33,track
"Running Up That Hill (A Deal With God)","Kate Bush",Unknown,00:05:04,track
"The Great Pretender","The Platters",Unknown,00:03:21,track
"Unchained melody","The Platters","20 Greatest Hits",00:04:56,track
Filthy,"Nick Curran & The Lowlifes","Reform School Girl",00:02:48,track
Psycho,"Nick Curran & The Lowlifes","Reform School Girl",00:01:57,track
"Reform School Girl","Nick Curran & The Lowlifes","Reform School Girl",00:03:53,track
"Come Back","Nick Curran & The Nightlifes",Player!,00:02:38,track
"Heeby Jeebies","Nick Curran & The Nightlifes",Player!,00:02:32,track
"No Fun","Nick Curran & The Nightlifes",Player!,00:04:10,track
"You Know My Love","Nick Curran & The Nitelifes","Nitelife Boogie",00:03:05,track
"She's Gone","Nick Curran & The Nitelifes","Doctor Velvet",00:03:39,track
"Sleep Walk","Martin Cilia","Sleep Walk",00:04:15,track
"Old Guitars","Martin Cilia","The Odd One Out",00:04:04,track
"Road to Ballarat","Martin Cilia","The Odd One Out",00:02:31,track
"The Same Song Remains","Martin Cilia","The Odd One Out",00:05:02,track
"West of Bondi","Martin Cilia","The Odd One Out",00:03:34,track
Apache,"Martin Cilia",Surfersaurus,00:02:41,track
"Endless Summer","Martin Cilia",Surfersaurus,00:03:27,track
Misirlou,"Martin Cilia",Surfersaurus,00:02:26,track
Pipeline,"Martin Cilia",Surfersaurus,00:03:02,track
Telstar,"Martin Cilia",Surfersaurus,00:03:01,track
"Walk Don't Run","Martin Cilia",Surfersaurus,00:02:34,track
Wipeout,"Martin Cilia",Surfersaurus,00:02:59,track
"End of Summer","Martin Cilia","Going to Kaleponi",00:04:26,track
"Hawaiian Moon","Martin Cilia","Going to Kaleponi",00:02:55,track
"It's Only Make Believe","Vince Eager","The Complete (CD II)",00:02:19,track
"Dream Lover","Vince Eager","The Complete (CD II)",00:02:29,track
"I Want You, I Need You, I Lo..","Vince Eager","The Complete (CD II)",00:02:55,track
"Jailhouse Rock","Vince Eager","The Complete (CD II)",00:02:38,track
"The Most Beautiful Girl","Vince Eager","The Complete (CD II)",00:02:54,track
"A Sunday Kind Of Love","Dion & The Belmonts","Bronx Blues: (1962-1965)",00:02:49,track
"Paint It Black","The Quakes","Voice Of America",00:02:28,track
Suburbia,"The Quakes","New Generation",00:05:02,track
"Go-Get Out","The Quakes","Quiff Rock!",00:02:21,track
Breakdown,"The Quakes","Last Of The Human Beings",00:03:33,track
"Killing Moon","The Quakes",Unknown,00:03:11,track
"Beer & Cigarettes","The Quakes",Psyops,00:01:42,track
"Home Again","The Quakes",Psyops,00:03:43,track
"Lifetime to Go","The Quakes",Psyops,00:02:50,track
"Everything Must Die","The Quakes","Negative Charge",00:03:18,track
"Ghost Town","The Quakes","Negative Charge",00:03:19,track
"Raining All My Life","The Quakes","Negative Charge",00:02:20,track
"Turn On You Tomorrow","The Quakes","Negative Charge",00:02:31,track
Alone,"The Pretenders",Alone,00:03:49,track
"Blue Eyed Sky","The Pretenders",Alone,00:04:51,track
"Death Is Not Enough","The Pretenders",Alone,00:03:32,track
"Holy Commotion","The Pretenders",Alone,00:04:12,track
"Let's Get Lost","The Pretenders",Alone,00:03:03,track
"Never Be Together","The Pretenders",Alone,00:04:02,track
"I Hate Myself","The Pretenders",Alone,00:04:43,track
"Always On My Mind","Willie Nelson",Unknown,00:03:33,track
"On The Road Again","Willie Nelson","Biky's Golden Country Songs (Part 05)",00:02:34,track
"Memory Lane","Van Morrison","Keep Me Singing",00:04:08,track
Congratulations,"The Rolling Stones","12 x 5 (2006, Japan Mini LP)",00:02:29,track
"Biggest Mistake","The Rolling Stones","A Bigger Bang",00:04:06,track
"Streets Of Love","The Rolling Stones","A Bigger Bang",00:05:10,track
"Lady Jane","The Rolling Stones",Flowers,00:03:12,track
"Mother's Little Helper","The Rolling Stones","Aftermath (UK Version)",00:02:45,track
"Stupid Girl","The Rolling Stones","Aftermath (UK Version)",00:02:56,track
"Take It or Leave It","The Rolling Stones","Aftermath (UK Version)",00:02:47,track
"What to Do","The Rolling Stones","Aftermath (UK Version)",00:02:32,track
"Under My Thumb","The Rolling Stones","Aftermath (UK Version)",00:03:42,track
Complicated,"The Rolling Stones","Between the Buttons (UK Version)",00:03:16,track
"Yesterday's Papers","The Rolling Stones","Between the Buttons (UK Version)",00:02:05,track
"Fool to Cry","The Rolling Stones","Black And Blue",00:05:07,track
Melody,"The Rolling Stones","Black And Blue",00:05:51,track
"Already Over Me","The Rolling Stones","Bridges to Babylon",00:05:23,track
"Always Suffering","The Rolling Stones","Bridges to Babylon",00:04:43,track
"Memory Motel","The Rolling Stones",Unknown,00:06:55,track
"Anybody Seen My Baby?","The Rolling Stones","Bridges to Babylon",00:04:30,track
"How Can I Stop","The Rolling Stones","Bridges to Babylon",00:06:53,track
Gunface,"The Rolling Stones","Bridges to Babylon",00:05:02,track
"Too Tight","The Rolling Stones","Bridges to Babylon",00:03:37,track
"As Tears Go By","The Rolling Stones","December's Children (And Everybody's) (2006, Japan Mini LP)",00:02:46,track
"Get Off Of My Cloud","The Rolling Stones","December's Children (And Everybody's) (2006, Japan Mini LP)",00:02:56,track
"The Singer Not The Song","The Rolling Stones","December's Children (And Everybody's) (2006, Japan Mini LP)",00:02:23,track
"Sleep Tonight","The Rolling Stones","Dirty Work",00:05:13,track
"All About You","The Rolling Stones","Emotional Rescue",00:04:19,track
"Down In The Hole","The Rolling Stones","Emotional Rescue",00:03:57,track
"Not Fade Away","The Rolling Stones","England's Newest Hit Makers (2006, Japan Mini LP)",00:01:49,track
"Shine A Light","The Rolling Stones","Exile On Main Street",00:04:17,track
"Stop Breaking Down","The Rolling Stones","Exile On Main Street",00:04:35,track
"100 Years Ago","The Rolling Stones","Goats Head Soup",00:03:59,track
Angie,"The Rolling Stones","Goats Head Soup",00:04:33,track
"If You Really Want To Be My Friend","The Rolling Stones","It's Only Rock 'N Roll (1994 Remastered)",00:06:16,track
"Time Waits For No One","The Rolling Stones","It's Only Rock 'N Roll (1994 Remastered)",00:06:37,track
"Gimme Shelter","The Rolling Stones","The Rolling Stone Magazines 500 Greatest Songs Of All Time",00:04:36,track
"Let It Bleed","The Rolling Stones","Let It Bleed (2006, Japan Mini LP)",00:05:27,track
"Love In Vain","The Rolling Stones","Let It Bleed (2006, Japan Mini LP)",00:04:19,track
"You Got The Silver","The Rolling Stones","Let It Bleed (2006, Japan Mini LP)",00:02:50,track
"Blue Turns to Grey","The Rolling Stones","Necrophilia (Unreleased Album)",00:02:44,track
"Heart of Stone","The Rolling Stones","Necrophilia (Unreleased Album)",00:03:47,track
"Out of Time","The Rolling Stones","Necrophilia (Unreleased Album)",00:03:23,track
"Little Red Rooster","The Rolling Stones","Now! (2006, Japan Mini LP)",00:03:07,track
"Good Times","The Rolling Stones","Out Of Our Heads (UK Version)",00:01:59,track
"Miss You","The Rolling Stones","The Rolling Stone Magazines 500 Greatest Songs Of All Time",00:04:48,track
"Almost Hear You Sigh","The Rolling Stones","Steel Wheels",00:04:37,track
"Brown Sugar","The Rolling Stones","Sticky Fingers",00:03:51,track
"Dead Flowers","The Rolling Stones","Sticky Fingers",00:04:05,track
"I Got The Blues","The Rolling Stones","Sticky Fingers",00:03:54,track
"Sister Morphine","The Rolling Stones","Sticky Fingers",00:05:34,track
Sway,"The Rolling Stones","Sticky Fingers",00:03:52,track
"Wild Horses","The Rolling Stones",Unknown,00:05:43,track
"You Gotta Move","The Rolling Stones","Sticky Fingers",00:02:34,track
"Paint It Black","The Rolling Stones","The Rolling Stone Magazines 500 Greatest Songs Of All Time",00:03:49,track
"Ruby Tuesday","The Rolling Stones","Between the Buttons",00:03:18,track
"Time Is On My Side","The Rolling Stones","The Rolling Stones No.2",00:03:01,track
"New Faces","The Rolling Stones","Voodoo Lounge",00:02:52,track
"The Worst","The Rolling Stones","Voodoo Lounge",00:02:24,track
"Out of Tears","The Rolling Stones",Unknown,00:05:27,track
"There She Goes Again",R.E.M.,"R.E.M. Singles Collected",00:02:49,track
"Moonage Daydream","Milky Edwards & The Chamberlings",Unknown,00:03:01,track
Starman,"Milky Edwards & the Chamberlings",Starman,00:03:09,track
Psychobojca,Lubomski,"Polska mlodziez spiewa zagraniczne piosenki!!!",00:03:10,track
Jesus,"Glen Campbell","Meet Glen Campbell",00:03:10,track
"Here, There, and Everywhere","David Gilmour & Friends",Unknown,00:03:12,track
"Sunday Morning","Matthew Sweet & Susanna Hoffs","Under The Covers Vol. 1",00:03:25,track
Starman,"John C. Reilly","Walk Hard: The Dewey Cox Story ""Original Motion Picture Soun",00:03:40,track
"Satellite of Love","Milla Jovovich","The Million Dollar Hotel",00:04:12,track
Starman,"Culture Club","Starman: A Tribute To David Bowie (Uncut)",00:05:13,track
"For No One","Emmylou Harris","Pieces Of The Sky",00:03:39,track
"A Whiter Shade Of Pale","Bonnie Tyler",Unknown,00:04:30,track
"King Of Bongo","Boppin B",Unknown,00:03:28,track
"Don't Think Twice It`s Alright","Brian Ferry",Unknown,00:03:52,track
"Psycho Killer","Bruce Lash",Unknown,00:04:23,track
"All Along The Watchtower","Bryan Ferry",Dylanesque,00:03:46,track
"I Want You","Caroline Doctorow",Unknown,00:03:43,track
"Time After Time","Cassandra Wilson",Unknown,00:04:00,track
"Golden Slumbers","Catherine Grenier",Unknown,00:04:15,track
"Je Suis Venu Te Dire Que Je M'en Vais","Catherine Ringer & Gotan Project",Unknown,00:03:49,track
"Sunday Morning",Chaco,Unknown,00:02:24,track
"I've Just Seen A Face","Charles River Valley Boys",Help!,00:02:38,track
"Wicked Game","Chris Isaak, Erik Jacobsen","Tribute to David Lynch",00:04:02,track
"St. James Infirmary Blues","Chris Randall",Unknown,00:04:46,track
Jammin',"Chrissie Hynde & Jimmy Cliff","One Love - The Bob Marley All-Star Tribute",00:03:58,track
"Let It Be","Chrissie Hynde",Unknown,00:03:55,track
"Waiting In Vain","Chrissie Hynde","One Love - The Bob Marley All-Star Tribute",00:03:19,track
"All My Love","Classic Orchestra",Unknown,00:06:03,track
"Je Suis Venu Te Dire Que Je M'en Vais","Coeur de Pirate",Unknown,00:03:31,track
"I Will Wait For You","Connie Francis",Unknown,00:03:11,track
"First We Take Manhattan","Cookies 'n Beans","Cohen - The Scandinavian Report",00:04:05,track
"Strawberry Fields Forever","Cyndi Lauper",Unknown,00:03:49,track
"Que Sont Devenues Les Fleurs",Dalida,"Superstars De La Chanson N°11",00:02:26,track
"Walk On The Wild Side","Dave Stewart and  Vanessa Paradis",Unknown,00:03:09,track
"I`m Waiting For The Man","David Bowie",Unknown,00:06:00,track
"I Got You Babe","David Bowie and Marianne Faithfull",Unknown,00:03:48,track
"Stormy Monday","Davy Graham","99 Best Covers Ever (III) - The Look Of Love - Midnight Man",00:03:40,track
"Strawberry Fields Forever","Debbie Harry and Los Fabulosos Cadillacs",Unknown,00:04:07,track
"D`yer Mak`er","Dini Kimmel",Unknown,00:03:49,track
"Heart Of Glass","Dini Kimmel",Unknown,00:03:33,track
"Here, There and Everywhere","Dini Kimmel",Unknown,00:02:16,track
Maria,"Dini Kimmel",Unknown,00:03:47,track
"With Or Without You","Dini Kimmel",Unknown,00:04:25,track
"Wuthering Heights","Dini Kimmel",Unknown,00:03:43,track
"Don't Think Twice It`s Alright","Doc & Merle Watson",Unknown,00:02:43,track
"Sunday Morning","Donovan Alex",Unknown,00:02:06,track
"But Beautiful","Doris Day",Unknown,00:03:23,track
"I Only Want To Be With You","Donna Lynn",Unknown,00:02:35,track
"Can`t Help Falling In Love","Doris Day",Unknown,00:02:42,track
"Femme Fatale",Dramarama,Unknown,00:03:14,track
"Walk On The Wild Side","Edie Brickell & New Bohemians",Unknown,00:05:09,track
"Where Are We Now","Ein Astronaut",Unknown,00:04:22,track
"Bridge Over Troubled Water","Elvis Presley","Elvis Sings...",00:04:29,track
"Early Mornin' Rain","Elvis Presley","Elvis Sings...",00:02:56,track
"Don't Think Twice It`s Alright","Elvis Presley",Unknown,00:05:20,track
"I Want You, I Need You, I Love You","Elvis Presley",Unknown,00:02:39,track
"I'm So Lonesome I Could Cry","Elvis Presley","Elvis Sings...",00:02:15,track
"Only The Strong Survive","Elvis Presley","Elvis Sings...",00:02:45,track
"Proud Mary","Elvis Presley","Elvis Sings...",00:02:48,track
Something,"Elvis Presley","Aloha From Hawaii Via Satellite - 20 Original Albums  (CD12)",00:03:28,track
Words,"Elvis Presley","Elvis Sings...",00:02:34,track
"You Don't Have To Say You Love","Elvis Presley","Elvis Sings...",00:02:31,track
"You Don't Know Me","Elvis Presley","Elvis Sings...",00:02:30,track
"Touch Me","Enoch Light And The Brass Menagerie",Unknown,00:02:25,track
"Wish you were Here","Eric Clapton & Roger Waters",Unknown,00:03:52,track
"In My Secret Life","Eric Burdon",Unknown,00:05:50,track
"Burning Of The Midnight Lamp","Eric Clapton","Power Of Soul: A Tribute To Jimi Hendrix",00:04:23,track
"Sunday Morning","Etienne Daho",Unknown,00:04:12,track
"Love Hurts","Everly Brothers","Walk Right Back",00:02:22,track
"Gimme Danger","Ewan McGregor","None, sadly",00:04:12,track
"I Started A Joke","Faith No More",Unknown,00:03:02,track
"Je Suis Venu Te Dire Que Je M'en Vais","France Gall",Unknown,00:03:21,track
"Je Suis Venu Te Dire Que Je M'en Vais",Frieda,Unknown,00:03:18,track
"Bang Bang My Baby Shot Me Down","Gabor Szabo",Unknown,00:02:26,track
"Music For a While","Gabor Szabo",Unknown,00:06:42,track
"Take Ten","Gabor Szabo",Unknown,00:06:05,track
"Nothing Compares 2 U","George White Group",Unknown,00:03:49,track
Ol`55,"Gina Fabiani","Female Tribute To Tom Waits - Vol.3 [CD1]",00:04:02,track
"Sunday Mornin' Comin' Down","The Handsome Family","Nothing Left to Lose: A Tribute to Kris Kristofferson",00:04:43,track
"I Only Want To Be With You",Happyness,Unknown,00:03:10,track
"The Man Comes Around","Harald Thune",Unknown,00:04:23,track
"Chytila jsem na pasece motylka","Helena Vondrackova",Unknown,00:02:29,track
"Famous Blue Raincoat","Henk Hofstede","Yesterday's Tomorrow",00:05:17,track
"The Boxer","Henson Cargill",Unknown,00:03:44,track
"N'y pense plus, tout est bien","Hugues Auffray",Unknown,00:03:12,track
"The Passenger","Iggy Pop",Unknown,00:04:40,track
"Proud Mary","Ike & Tina Turner","A Tribute To Creedence Clearwater Revival",00:04:57,track
"Sunday Morning",James,"Fifteen Minutes - A Tribute To Velvet Underground",00:04:55,track
"Psycho Killer","James Hall",Unknown,00:03:00,track
"Por Que Te Vas",Jeanette,"Intenso 1",00:03:24,track
Time,"Jenny Choi & Sanawon","Female Tribute To Tom Waits - Vol.3 [CD2]",00:04:17,track
"Bad Moon Rising","Jerry Lee Lewis","A Tribute To Creedence Clearwater Revival",00:02:40,track
"The Highwayman","Jimmy Webb and Mark Knopfler",Unknown,00:04:17,track
Carrickfergus,"Joan Baez",Unknown,00:05:33,track
"Famous Blue Raincoat","Joan Baez",Unknown,00:04:53,track
"No Woman No Cry","Joan Baez",Unknown,00:03:45,track
"One of Us","Joan Osborne",Unknown,00:05:05,track
"Heart of Stone","Joe Louis Walker","Paint It Blue: Songs of the Rolling Stones",00:04:34,track
"I Got You Babe","Joey Ramone & Holly Beth Vincent",Unknown,00:03:34,track
"Walk On The Wild Side","Joe Strummer",Unknown,00:05:02,track
"What A Wonderful World","Joey Ramone","99 Best Covers Ever (III) - The Look Of Love - Don't Worry About Me",00:02:23,track
"Famous Blue Raincoat","John Bergeron","We Love You Mr Cohen",00:05:43,track
"Ashes to Ashes","John Lewis",Unknown,00:03:31,track
"Redemption Song","Johnny Cash & Joe Strummer",Unknown,00:03:28,track
"Don't Think Twice It`s Alright","Johnny Cash",Unknown,00:03:00,track
"Father and Son","Johnny Cash and Fiona Apple",Unknown,00:02:50,track
"Father and daughter","Johnny Cash and Rosie Nix Adams",Unknown,00:02:55,track
Highwayman,"Johnny Cash, Kris Kristofferson, Waylon Jennings, Willie Nelson","The Essential Johnny Cash Disc 2",00:03:03,track
"The Man Comes Around","Jorma Kaukonen",Unknown,00:04:08,track
"Black Trombone","Jose Estela",Unknown,00:03:37,track
"Stephanie Says","Joseph Arthur",Lou,00:02:52,track
"Somewhere Over The Rainbow","Judy Garland",Unknown,00:02:48,track
"Fly Me to the Moon","Julie London","Unforgettable Lovesongs",00:02:32,track
"Sunday Morning","June & Lula",Unknown,00:02:41,track
"The Heart Of Saturday Night","Karen Lanaud","Female Tribute To Tom Waits - Vol.3 [CD2]",00:03:45,track
"In My Secret Life","Katie Melua",Unknown,00:04:32,track
"Do You Want To Know A Secret","Keely Smith",Unknown,00:02:51,track
"Sunday Morning","Kelley Stoltz",Unknown,00:03:22,track
"A Whiter Shade Of Pale","King Curtis",Unknown,00:05:24,track
Heroes,"King Crimson","Rebel Rebel: A Tribute to David Bowie",00:04:57,track
"Where Have All The Flowers Gone","Kingston Trio","Tom Dooley",00:03:04,track
Runaway,Komety,Komety,00:01:40,track
"In My Secret Life",Krjesnice,Unknown,00:04:42,track
"Touch Me","La Lupe",Unknown,00:02:22,track
"Black Trombone","La Negra",Unknown,00:04:18,track
"After Hours","Las e Felipe",Unknown,00:02:18,track
"I`ll Be Your Mirror","Lauren Hoffman",Unknown,00:02:38,track
"One Way Or Another","Lee Rocker",Unknown,00:02:59,track
Greensleeves,"Loreena McKennitt","The Visit",00:04:24,track
"My Heart Will Go On","Los Straitjackets",Unknown,00:04:29,track
"Moon river","Louis Armstrong",Unknown,00:02:56,track
"The Heart Of Saturday Night","Lovely Lise","Female Tribute To Tom Waits - Vol.3 [CD1]",00:05:02,track
"I Started A Joke",Low,Unknown,00:04:42,track
"Moonage Daydream","Low Vs Diamond","99 Best Covers Ever (III) - The Look Of Love - The Saturday Sessions",00:04:50,track
"Not Alone Anymore","Lucy Walsh",Unknown,00:03:27,track
"I Started A Joke",Lulu,Unknown,00:02:41,track
"The Highwayman","Maciej Maleczuk & Nergal, Gienek Loska, John Porter",Unknown,00:03:52,track
"Martha My Dear","Madeleine Peyroux",Unknown,00:02:32,track
"Sunday Morning",Manu,Unknown,00:03:11,track
"Golden Brown","Mariachi Mexteca feat. Hugh Cornwell",Unknown,00:03:28,track
"D'Etre a Vous","Marie Laforet",Unknown,00:03:00,track
"As Tears Go By","Marianne Faithfull","Strange Weather",00:03:46,track
"Je L`Aime A Mourir","Marina D`amico",Unknown,00:03:07,track
"Where Have All The Flowers Gone","Marlene Dietrich",1,00:03:34,track
Martha,"Meat Loaf",Unknown,00:04:41,track
"Sunday Morning","Martha Berner",Unknown,00:02:49,track
"Grow Old With Me","Mary Chapin Carpenter","A Tribute To John Lennon - W..",00:03:19,track
"I'll Be Your Mirror","Meklit Hadero","UnderCover Presents: The Velvet Underground and Nico",00:03:41,track
"As Tears Go By",Melanie,Unknown,00:04:02,track
"Under My Thumb","Michael Hutchence and London Symphony Orchestra",Unknown,00:03:31,track
"I Have Come To Tell You I'm Going","Mick Harvey",Unknown,00:02:53,track
"Don't Think Twice It`s Alright","Mike Ness",Unknown,00:03:47,track
"Moonlight Shadow","Mike Oldfield",Unknown,00:03:38,track
"Time After Time","Miles Davis",Unknown,00:03:38,track
Martha,Molliemusicable,Unknown,00:04:10,track
"These Days",Molliemusicable,Unknown,00:03:35,track
"Walk On The Wild Side","Monica da Silva",Unknown,00:03:58,track
"No Surprises",Motorama,Unknown,00:03:32,track
"All My Love","Musica Mundi",Unknown,00:03:29,track
"All My Love","Nashville Superpickers",Unknown,00:04:59,track
"I Love You...Nor Do I","Nick Cave & Anita Lane","Mick Harvey ""Pink Elephants""",00:04:38,track
"What A Wonderful World","Nick Cave & Shane MacGowan","What A Wonderful World",00:03:03,track
"By The Time I Get To Phoenix","Nick Cave & The Bad Seeds","99 Best Covers Ever (III) - The Look Of Love - Kicking Against The Pricks",00:03:39,track
"Here Comes the Sun","Nick Cave","Here Comes the Sun",00:03:00,track
"I'm Your Man","Nick Cave","Leonard Cohen I'm Your Man",00:04:31,track
"Let It Be","Nick Cave","Here Comes the Sun",00:03:29,track
"I`m Waiting For The Man",Nico,Unknown,00:04:17,track
"Personal Jesus","Nina Hagen","billy's club",00:04:03,track
Sonntagmorgen,"Nina Hagen","billy's club",00:03:26,track
"Wicked Game","Nine Lives",Unknown,00:03:07,track
"Gyongyhaju Lany",Omega,"Ten Thousand Steps",00:05:46,track
"All My Love","One Sun One Moon",Unknown,00:02:59,track
"Your Latest Trick","Olivier Hoarau",Unknown,00:05:12,track
Cryin',"Otis Clay","Sweet Emotion - Blues on Fire",00:05:15,track
"Wonderful Tonight","Otis Clay","Blues Power - Songs Of Eric Clapton",00:04:24,track
"Hey Joe","Otis Taylor","billy's club",00:04:33,track
Crazy,"Patsy Cline",Unknown,00:02:45,track
"Sexy Sadie","Paul Weller","Mojo presents The White Album Recovered No. 0000002",00:02:41,track
"Passenger  Fever","Peggy Lee Vs Iggy Pop","billy's club",00:03:06,track
"A Whiter Shade Of Pale","Percy Sledge",Unknown,00:03:43,track
"Famous Blue Raincoat","Perla Batalla","Bird On The Wire - The Songs Of Leonard Cohen",00:05:11,track
"Personality Crisis","Teenage Fanclub & Donna Matthews","Velvet Goldmine",00:03:49,track
"The Times They Are A-Changin'","Peter, Paul & Mary",Unknown,00:03:16,track
"Don't Think Twice It`s Alright","Peter, Paul and Mary",Unknown,00:03:16,track
"Where Have All the Flowers Gone","Peter, Paul and Mary","American Folk",00:03:55,track
"I Only Want To Be With You","Philipp van Endert Trio",Unknown,00:05:52,track
"All My Love","Pri Souza",Unknown,00:05:00,track
"Hot One","Psychedelic Breakfast",Unknown,00:03:01,track
"All My Love","Quarteto Scherzo",Unknown,00:04:45,track
"I`ll Be Your Mirror","Rainy Day",Unknown,00:02:32,track
"Don't Think Twice It`s Alright","Ramblin' Jack Elliott",Unknown,00:03:13,track
"Don't Think Twice It`s Alright","Randy Travis",Unknown,00:04:13,track
"Llorando (Crying)","Rebekah Del Rio","Tribute to David Lynch",00:03:32,track
"Sunday Morning","Record Club",Unknown,00:03:15,track
Imagine,"Rhythms del Mundo",Unknown,00:04:13,track
"Under Pressure","Rhythms del Mundo",Unknown,00:04:06,track
"Walk On The Wild Side","Rhythms del Mundo",Unknown,00:04:13,track
"Rape Me","Richard Cheese","billy's club",00:01:55,track
"All Along The Watchtower","Richie Havens",Unknown,00:03:16,track
"I Started A Joke","Richie Havens",Unknown,00:02:57,track
"Strawberry Fields Forever","Richie Havens",Unknown,00:03:14,track
"Almost Saturday Night","Rick Nelson","A Tribute To Creedence Clearwater Revival",00:02:52,track
"Touch Me","Robert Gordon, Jordan Rudess, Steve Morse, Nik Turner","Light My Fire - A Classic Rock Salute To The Doors",00:03:49,track
"Your Latest Trick","Rosabella Gregory",Unknown,00:04:47,track
"Chelsea Hotel No. 2","Rufus Wainwright","Leonard Cohen I'm Your Man",00:03:47,track
"Je Suis Venu Te Dire Que Je M'en Vais","Rufus Wainwright",Unknown,00:04:06,track
"Golden Brown","Ryan Ricks",Unknown,00:03:36,track
"Father And Son","Sandie Shaw",Unknown,00:03:19,track
"Sunday Morning","Santiago Bernhardt",Unknown,00:02:49,track
"Take On Me","Sara Bareilles",Unknown,00:03:01,track
"Good Night","Sarabeth Tucek","Mojo presents The White Album Recovered No. 0000002",00:03:36,track
"After Hours","Sarah Eddy",Unknown,00:02:43,track
Time,"Sarah Rose","Female Tribute To Tom Waits - Vol.3 [CD1]",00:04:18,track
"Je T'Aime Moi Non Plus","Serge Fontane",Unknown,00:05:45,track
"Sunday Morning","Shannon Wardrop",Unknown,00:02:35,track
"Karma Police","Shefita and Sabbaba","billy's club",00:04:06,track
"D'yer Mak'er","Sheryl Crow","Encomium (A Tribute To Led Zep",00:04:20,track
"The Passenger","Siouxsie And The Banshees","billy's club",00:05:09,track
"I Want You","Sophie B. Hawkins","Tongues and Tails",00:05:19,track
"These Days",St.Vincent,Unknown,00:03:50,track
"Stand By Me","Steve Alaimo",Unknown,00:03:04,track
"Sunday Morning","Strawberry Switchblade",Unknown,00:02:33,track
"Don't Think Twice It`s Alright","Susan Tedeschi",Unknown,00:04:43,track
"Walk On The Wild Side","Suzanne Vega",Unknown,00:04:44,track
"T.V. Eye","Wylde Ratttz","Velvet Goldmine",00:05:24,track
"Golden Brown","Symeon Cosburn",Unknown,00:04:04,track
"Cold Cold Ground","The Blind Roosters",Unknown,00:03:27,track
"All My Loving","The Brothers Four","A Beatles Songbook. Sing John Lennon - Paul McCartney",00:03:07,track
Girl,"The Brothers Four","A Beatles Songbook. Sing John Lennon - Paul McCartney",00:03:09,track
Help,"The Brothers Four","A Beatles Songbook. Sing John Lennon - Paul McCartney",00:03:15,track
"If I Fell","The Brothers Four","A Beatles Songbook. Sing John Lennon - Paul McCartney",00:03:07,track
"We Can Work It Out","The Brothers Four","A Beatles Songbook. Sing John Lennon - Paul McCartney",00:02:42,track
"The Times They Are A-Changin'","The Byrds","The Byrds Box Set - We Have Ignition (disc 1)",00:02:19,track
"Mr Tambourine Man","The Byrds","The Rolling Stone Magazines 500 Greatest Songs Of All Time",00:02:29,track
"Turn! Turn! Turn! (To Everything There Is A Season)","The Byrds","Simply The Best Of The 60's CD1",00:03:42,track
"Folsom Prison Blues","The Cripple And The Tramp",Unknown,00:02:31,track
"Sunday Morning","The Family Monroe",Unknown,00:03:22,track
"Sweet Jane","The Jim Carroll Band",Unknown,00:04:03,track
"All Along The Watchtower","The Jimi Hendrix Experience","The Rolling Stone Magazines 500 Greatest Songs Of All Time",00:04:00,track
"Hey Joe","The Jimi Hendrix Experience","Are You Experienced?",00:03:30,track
"Modern Love","The Last Town Chorus","Wire Waltz (Final Master)",00:04:28,track
"Sunday Morning","The Melismatics",Unknown,00:03:56,track
"Paint It Black","The Meteors",Unknown,00:02:21,track
"The Passenger","The P.O.X. aka The Psychobilly Orchestra X",Unknown,00:03:02,track
"London Calling","The Pogues and Joe Strummer",Unknown,00:03:30,track
"Psycho Killer","The Sonics",Psycho,00:03:10,track
"TV Eye","The Stooges","Fun house (LP) [Elektra, EKS-74071]",00:04:16,track
"Search And Destroy","The Stooges","The Rolling Stone Magazines 500 Greatest Songs Of All Time",00:03:30,track
Ann,"The Stooges","The Stooges (LP) [Elektra, EKS-74051]",00:03:00,track
"No Fun","The Stooges","The Stooges (LP) [Elektra, EKS-74051]",00:05:18,track
"Passing Cloud","The Stooges","The weirdness (2LP) [Virgin, 7243 8 64648 1 1]",00:04:04,track
"The End Of Christianity","The Stooges","The weirdness (2LP) [Virgin, 7243 8 64648 1 1]",00:04:19,track
"The Weirdness","The Stooges","The weirdness (2LP) [Virgin, 7243 8 64648 1 1]",00:03:45,track
Trollin',"The Stooges","The weirdness (2LP) [Virgin, 7243 8 64648 1 1]",00:03:06,track
Something,"The Stranglers",10,00:04:09,track
"And The Boat Sails By","The Stranglers","About Time",00:04:35,track
"Lies And Deception","The Stranglers","About Time",00:03:50,track
"Coup De Grace","The Stranglers","Coup De Grace",00:03:24,track
"In The End","The Stranglers","Coup De Grace",00:03:14,track
"Jump Over My Shadow","The Stranglers","Coup De Grace",00:04:31,track
"Miss You","The Stranglers","Coup De Grace",00:05:04,track
"Always The Sun","The Stranglers",Dreamtime,00:04:52,track
"Since You Went Away","The Stranglers",Dreamtime,00:02:50,track
"You'll Always Reap What You Sow","The Stranglers",Dreamtime,00:05:15,track
"Boom Boom","The Stranglers",Giants,00:03:22,track
"Dutch Moon","The Stranglers","Norfolk Coast",00:03:56,track
"European Female","The Stranglers",Unknown,00:03:59,track
"Long Black Veil","The Stranglers","Norfolk Coast",00:04:01,track
"My Fickle Resolve","The Stranglers","Giants (CD2 Live Acoustic Tour 2011)",00:04:40,track
"Southern Mountains","The Stranglers","Stranglers In The Night",00:03:45,track
"Hanging Around","The Stranglers","IV - Rattus Norvegicus",00:04:27,track
"Golden Brown","The Stranglers",Unknown,00:03:18,track
"La Folie","The Stranglers","La Folie",00:06:04,track
"No More Heroes","The Stranglers","No More Heroes [Bonus Tracks]",00:03:28,track
Brainbox,"The Stranglers","Stranglers In The Night",00:02:48,track
"Grand Canyon","The Stranglers","Stranglers In The Night",00:04:10,track
"Heaven Or Hell","The Stranglers","Stranglers In The Night",00:04:30,track
"Laughing At The Rain","The Stranglers","Stranglers In The Night",00:03:41,track
"Leave It To The Dogs","The Stranglers","Stranglers In The Night",00:05:31,track
"This Town","The Stranglers","Stranglers In The Night",00:05:18,track
"Time To Die","The Stranglers","Stranglers In The Night",00:03:50,track
"Barbara (Shangri-La)","The Stranglers","Suite XVI",00:03:43,track
"Anything Can Happen","The Stranglers","Suite XVI",00:03:54,track
"Bless You (Save You Spare You Damn You)","The Stranglers","Suite XVI",00:05:34,track
"She's Slipping Away","The Stranglers","Suite XVI",00:03:28,track
"Spectre of Love","The Stranglers","Suite XVI",00:03:34,track
Duchess,"The Stranglers","The Raven",00:02:30,track
"In A While","The Stranglers","Written In Red",00:03:18,track
"In Heaven She Walks","The Stranglers","Written In Red",00:03:48,track
"Summer In The City","The Stranglers","Written In Red",00:03:27,track
"Valley Of The Birds","The Stranglers","Written In Red",00:03:15,track
"Blue Sister","The Stranglers",Unknown,00:03:57,track
"In One Door","The Stranglers",Unknown,00:02:53,track
"Let Me Down Easy","The Stranglers",Unknown,00:04:10,track
Laughing,"The Stranglers",Unknown,00:04:12,track
"Let's Tango In Paris","The Stranglers",Unknown,00:03:12,track
Paradise,"The Stranglers",Unknown,00:03:46,track
"New Blue Moon","The Traveling Wilburys","The Traveling Wilburys Vol.3",00:03:22,track
"End Of The Line","The Traveling Wilburys","Traveling Wilburys, Vol. 1",00:03:26,track
"Handle With Care","The Traveling Wilburys","Traveling Wilburys, Vol. 1",00:03:19,track
"Not Alone Any More","The Traveling Wilburys","Traveling Wilburys, Vol. 1",00:03:25,track
"Ride Into The Sun","The Velvet Underground","Another View",00:03:26,track
"We're Gonna Have A Real Good Time Together","The Velvet Underground","Another View",00:02:57,track
"Beginning to See the Light","The Velvet Underground","The Velvet Underground",00:04:34,track
Heroin,"The Velvet Underground","The Rolling Stone Magazines 500 Greatest Songs Of All Time",00:07:12,track
"I'll Be Your Mirror","The Velvet Underground","The Best of The Velvet Underground: Words and Music of Lou Reed",00:02:10,track
"Lisa Says","The Velvet Underground",VU,00:02:55,track
"Pale Blue Eyes","The Velvet Underground","The Velvet Underground",00:05:39,track
"Stephanie Says","The Velvet Underground",VU,00:02:51,track
"Run Run Run","The Velvet Underground","The Best of The Velvet Underground: Words and Music of Lou Reed",00:04:21,track
"What Goes On","The Velvet Underground","The Velvet Underground",00:04:52,track
"After Hours","The Velvet Underground","The Velvet Underground",00:02:08,track
"Candy Says","The Velvet Underground","The Velvet Underground",00:04:03,track
Jesus,"The Velvet Underground","The Velvet Underground",00:03:24,track
"That's the Story of My Life","The Velvet Underground","The Velvet Underground",00:02:03,track
"Temptation Inside Your Heart","The Velvet Underground",VU,00:02:30,track
"One Of These Days","The Velvet Underground",VU,00:03:52,track
"O Foolish Heart","Tom Verlaine","Cover [1989, UK, Virgin, CDV 2314]",00:04:30,track
"Mary Marie","Tom Verlaine","Dreamtime [2008, US, Collectors Choice Music, CCM-950]",00:03:24,track
"Souvenir From A Dream","Tom Verlaine","Tom Verlaine [2002, US, Collectors Choice Music, CCM-316-2]",00:03:47,track
"Hang Down Your Head","Tom Waits","Glitter And Doom: Live In Atlanta (CD2)",00:03:35,track
"I Had Too Much To Dream Last Night","Wayne Jayne County","Rock'n'Roll Cleopatra",00:04:15,track
"Midnight Pal","Wayne Jayne County","Wayne\Jayne County and the Electric Chairs",00:04:19,track
"Time Machine (I Wish I Had A)","Wayne Jayne County","Wayne\Jayne County and the Electric Chairs",00:03:58,track
"Fridays Tie Dye Nightmare","Carole King",Unknown,00:04:32,track
"Good Friday",CocoRosie,"La Maison De Mon Rêve",00:04:23,track
"Good Friday","Cowboy Junkies",Unknown,00:04:01,track
"It's Friday","Dean Brody Ft. Great Big Sea",Unknown,00:03:08,track
"It's Finally Friday","George Jones",Unknown,00:02:42,track
"Friday Night Fever","George Strait",Unknown,00:02:25,track
"Friday Night On A Dollar Bill","Huelyn Duvall",Unknown,00:02:08,track
Friday,J.J.Cale,Unknown,00:04:10,track
"Friday Kind of Monday","Johnny Farnham",Unknown,00:02:30,track
"Friday Night","Johnnie Taylor",Unknown,00:03:01,track
"Friday's Child","Nancy Sinatra",Unknown,00:03:02,track
"Friday's Child","Lisa Stansfield",Unknown,00:03:45,track
"Friday Street","Paul Weller",Unknown,00:02:23,track
"Friday Night Saturday Morning","Nouvelle Vague",Unknown,00:04:19,track
"Friday Night","Roy Orbison",Unknown,00:03:29,track
"Good Friday","The Black Crowes",Unknown,00:05:14,track
"Friday On My Mind","The Easybeats","Good Friday",00:02:40,track
"Angeline is Always Friday","The Seekers",Unknown,00:02:37,track
"Friday's child",Them,Unknown,00:03:26,track
"It's Saturday Night","Wayne Hancock",Unknown,00:02:25,track
"Lookin' Out My Backdoor","The Stray Cats","A Tribute To Creedence Clearwater Revival",00:02:36,track
"Blowin` In The Wind  Don't Think Twice It`s Alright","The Ventures",Unknown,00:03:24,track
"Strawberry Fields Forever","The Ventures",Unknown,00:03:18,track
2HB,"The Venus In Furs","Velvet Goldmine",00:05:39,track
"Tumbling Down","The Venus in Furs","Velvet Goldmine",00:03:28,track
"Don't Think Twice It`s Alright","The Waifs",Unknown,00:03:52,track
"Gimme Danger",Therapy,"Gimme Back My Brain",00:04:12,track
"Under My Thumb","Tina Turner",Unknown,00:03:19,track
"Every Breath You Take",UB40,Unknown,00:03:55,track
"I Can`t Help Falling In Love With You",UB40,Unknown,00:03:23,track
"I`m Waiting For The Man","Vanessa Paradis",Unknown,00:03:25,track
"Walk On The Wild Side","Vanessa Paradis",Unknown,00:04:36,track
"Martha My Dear","Vashti Bunyan & Max Richter","Mojo Presents: The White Album Recovered (N° 0000001)",00:02:45,track
"Velvet Spacetime","Carter Burwell","Velvet Goldmine",00:04:10,track
"Virginia Plain","Roxy Music","Velvet Goldmine",00:03:00,track
"Sunday Morning","Vitamin String Quartet",Unknown,00:02:55,track
"Stormy Monday Blues","Buddy Guy & Junior Wells",Unknown,00:04:25,track
"Jam On A Monday Morning","Buddy Guy",Unknown,00:02:49,track
"Monday Without You","Carole King",Unknown,00:03:59,track
"It Might As Well Stay Monday",Cher,Unknown,00:02:58,track
"A Monday Date","Earl Hines",Unknown,00:03:09,track
"Monday Morning","Fleetwood Mac","Fleetwood Mac",00:02:45,track
"Stormy Monday","Jethro Tull",Unknown,00:04:06,track
"Come Monday","Jimmy Buffett",Unknown,00:03:07,track
"Laundromat Monday","Joe Jackson",Unknown,00:03:22,track
"Our Monday date","Louis Armstrong",Unknown,00:02:28,track
"Might As Well Stay Monday","Lynda Carter",Unknown,00:02:52,track
"If You're Not Back In Love By Monday","Millie Jackson","Ramblin' Fever",00:04:47,track
"Monday Morning","Peter Paul And Mary",Unknown,00:03:14,track
"Any Wednesday","Royal Guardsman",Unknown,00:02:09,track
Monday,"Sonny & Cher",Unknown,00:02:56,track
"On a Monday","Ry Cooder",Unknown,00:02:47,track
"Call It Stormy Monday","T-Bone Walker",Unknown,00:03:00,track
"I Don't Like Mondays","The Boomtown Rats","The Fine Art of Surfacing",00:04:01,track
"Rainy Days And Mondays","The Carpenters",Carpenters,00:03:39,track
Monday,"The Jam",Unknown,00:02:56,track
"I Don't Like Mondays","Tori Amos","The Fine Art of Surfacing",00:04:19,track
Monday,Wilco,Unknown,00:03:33,track
"Tuesday's Dead","Cat Stevens","Teaser And The Firecat",00:03:37,track
"Barely Out Of Tuesday","Counting Crows",Unknown,00:04:42,track
"Sun Comes Up Its Tuesday Morning","Cowboy Junkies",Unknown,00:03:51,track
"Ruby Tuesday","Marianne Faithfull",Unknown,00:04:36,track
"Every Tuesday Night","Miss Leslie",Unknown,00:03:10,track
"Drunken Tuesday","Paddy And The Rats",Unknown,00:02:54,track
"Forever Tuesday Morning","The Mockers",Unknown,00:03:45,track
"Tuesday Afternoon","The Moody Blues",Unknown,00:03:24,track
"(One Of These Days) Sunday's Gonna Come On Tuesday","The New Establishment",Unknown,00:02:57,track
"Tuesday Morning","The Pogues","Waiting for Herb",00:03:28,track
"Groovy Tuesday","The Smithereens",Unknown,00:02:36,track
"Tuesday, The Riff","Van Der Graaf Generator",Unknown,00:02:42,track
"Wednesday Week","Elvis Costello and the Attractions","Armed Forces",00:02:02,track
"Wednesday Evening Blues","John Lee Hooker",Unknown,00:03:54,track
"Ash Wednesday","Elvis Perkins",Unknown,00:06:27,track
"A Wednesday Car","Johnny Cash",Unknown,00:02:13,track
"Wednesday Morning Dew","Majic Ship",Unknown,00:03:04,track
"A Wednesday In Your Garden","Ronnie Dyson",Unknown,00:03:15,track
"Wednesday Morning, 3 A.M.","Simon & Garfunkel",Unknown,00:02:12,track
"Wednesday Jones (Dixie)","Stephen 'Tin Tin' Duffy",Unknown,00:03:51,track
"It's Wednesday over here","The Everly Brothers",Unknown,00:02:01,track
"Wednesday in Your Garden","The Guess Who",Unknown,00:03:19,track
"Every Wednesday Night At Eight","The Innocents",Unknown,00:02:09,track
"My Favourite Wet Wednesday Afternoon","The Siddeleys",Unknown,00:03:29,track
"A Wednesday In Your Garden","The Staple Singers",Unknown,00:02:59,track
"Wednesday Week","The Undertones",Hypnotised,00:02:13,track
"Wednesday Evening Blues","Van Morrison",Unknown,00:03:37,track
Thursday,"Country Joe & The Fish",Unknown,00:03:19,track
"Mrs Thursday","Dave Dee, Dozy, Beaky, Mick & Tich",Unknown,00:03:47,track
"Thursday's Child","Eartha Kitt",Unknown,00:03:57,track
"Thursday Morning","Giles Giles and Fripp",Unknown,00:02:48,track
Thursday,"Jim Croce",Unknown,00:02:23,track
"Thursday (Here's Why I Did Not Go To Work Today)","Harry Nilsson",Unknown,00:04:04,track
"Thursday Blues","Jimmy Rushing",Unknown,00:02:47,track
"Sweet Thursday","Johnny Mathis",Unknown,00:02:31,track
"Thursday Morning","Jon And Robin",Unknown,00:02:16,track
"Another Saturday Night","Cat Stevens","Ain't That Good News",00:02:28,track
"Saturday In the Park",Chicago,"Chicago V",00:03:50,track
"Lonely Saturday Night","Don French",Unknown,00:02:40,track
"On A Saturday Night","Eddie Floyd",Unknown,00:02:46,track
"Benny´s Сoming Home on Saturday","Ella Fitzgerald",Unknown,00:03:23,track
"Saturday Night at The World.","Esther Ofarim",Unknown,00:03:06,track
"I've Got Five Dollars And It's Saturday Night","George Jones & Gene Pitney",Unknown,00:02:12,track
"Dancin’ (On A Saturday Night)","Flash Cadillac & The Continental Kids",Unknown,00:02:51,track
"It's Saturday Night","The Proclaimers",Unknown,00:03:19,track
"Almost Saturday Night","John Fogerty","John Fogerty",00:02:25,track
"Livingston Saturday Night","Jimmy Buffett",Unknown,00:03:08,track
"Saturday NIght At The World","Mason Williams",Unknown,00:03:42,track
"Brooklyn On A Saturday Night","Neil Diamond",Unknown,00:03:40,track
"Killing Saturday Night","Nim Vind",Unknown,00:03:14,track
"Juke Box Saturday Night","Nino & the Ebb Tides",Unknown,00:02:36,track
"It Always Rains On Saturday","Reba McEntire",Unknown,00:04:27,track
"Bluegrass Saturday Night","Rhonda Vincent and the Rage",Unknown,00:02:58,track
"Another Saturday Night","Sam Cooke","Ain't That Good News",00:02:39,track
"Come Saturday Morning","The Sandpipers","SuperHits of the 70's Volume 1",00:03:04,track
"Baron Saturday","The Pretty Things",Unknown,00:03:58,track
"Joe Harper Saturday Morning","Van Morrison",Unknown,00:04:13,track
"Sunday Sunrise","Brenda Lee",Unknown,00:02:35,track
"Sunday Will Never Be The Same",Californians,Unknown,00:02:34,track
"Never on Sunday","Connie Francis",Unknown,00:02:38,track
"Beautiful Sunday","Daniel Boone",Unknown,00:02:54,track
"What Are You Doing Sunday","Dawn feat. Tony Orlando",Unknown,00:02:30,track
"Sunday Morning","Earth, Wind & Fire",Millennium,00:01:51,track
"Sunday will never be the same","Eleanor Bodel",Unknown,00:02:34,track
"A Sunday Kind Of Love","Ella Fitzgerald",Unknown,00:03:20,track
"A Sunday Kind Of Love","Etta James",Unknown,00:03:15,track
"Like a Sunday In Salem","Gene Cotton",Unknown,00:04:11,track
"Sunday Morning Sunshine","Harry Chapin","Cats In the Cradle",00:03:51,track
"Whiskey on a Sunday","Irish Rovers",Unknown,00:02:38,track
"Sun On Sunday","James Blunt",Unknown,00:03:20,track
"A Sunday Kind of Love","Jo Stafford",Unknown,00:02:49,track
"Sunday Morning Coming Down","Johnny Cash","The Johnny Cash Show",00:04:08,track
"Sunny Sunday","Joni Mitchell",Unknown,00:02:34,track
"Like A Sunday Morning","Lana Cantrell",Unknown,00:03:06,track
"Saturday Night Sunday Morning",Madness,Unknown,00:04:13,track
"Sunday Sun","Neil Diamond",Unknown,00:02:44,track
"Sunday For Tea","Peter & Gordon",Unknown,00:02:19,track
"Never On Sunday","The Chordettes",Unknown,00:02:43,track
"Lazing On A Sunday Afternoon",Queen,"A Night at the Opera",00:01:08,track
"Never On Sunday","Petula Clark",Unknown,00:02:40,track
"Will You Be Staying After Sunday",Royalty,Unknown,00:02:59,track
"Sunday Will Never Be The Same","Spanky & Our Gang","Spanky and Our Gang",00:02:55,track
"Sunday Barbecue","Tennessee Ernie",Unknown,00:02:20,track
"Sunday Mornin`","Spanky and Our Gang","Like to Get to Know You",00:03:38,track
"Sugar On Sunday","The Clique",Unknown,00:03:05,track
"Another Park, Another Sunday","The Doobie Brothers",Unknown,00:04:20,track
"A Sunday Kind of Love","The Harptones",Unknown,00:02:57,track
Sunday,"The Moments",Unknown,00:02:42,track
"Pleasant Valley Sunday","The Monkees","Pisces, Aquarius, Capricorn & Jones Ltd.",00:03:15,track
"Will You Be Staying After Sunday","The Peppermint Rainbow",Unknown,00:02:25,track
"Groovin' On A Sunday Afternoon","The Young Rascals",Groovin',00:02:27,track
"Saturday Night, Sunday Morning","Thelma Houston",Unknown,00:03:54,track
"Will You Be Staying After Sunday","Wendell Watts",Unknown,00:02:44,track
"Sugar On Sunday","Tommy James & The Shondells",Unknown,00:03:24,track
"Sunday Bloody Sunday",U2,War,00:04:36,track
"Whiskey On A Sunday","Danny Doyle",Unknown,00:03:31,track
"Sunday Mornin' Comin' Down","Willie Nelson","Have a Little Talk With Myself",00:07:00,track
Mother,"David Bowie",Unknown,00:05:03,track
Starman,Nena,"Cover Me",00:03:47,track
"Between the Space and Hell",Dillberriezz,Unknown,00:02:32,track
"Dillberrie Boogie",Dillberriezz,Unknown,00:02:51,track
"Fuck Off",Dillberriezz,Unknown,00:02:20,track
"Summer In The City",Dillberriezz,Unknown,00:02:13,track
"Maniac Ripper",Dillberriezz,Unknown,00:03:00,track
"When I Am Drunk",Dillberriezz,Unknown,00:03:30,track
Motorpsyho,"Freno De Pedales","1-é Óêðàèíñêèé Ðîêàáèëüíûé Ôðîíò",00:02:25,track
"Marry Cook","Freno de Pedales",FishyCycletrip,00:03:16,track
"Poison Tree","Freno de Pedales",FishyCycletrip,00:04:03,track
Space,"Freno de Pedales",FishyCycletrip,00:03:44,track
"Wings & Bombs","Freno de Pedales",FishyCycletrip,00:04:14,track
"Mighty Mighty Man","Hot Dozzer","12 Dirty Tunes",00:02:45,track
"Ice Cold Water","Hot Dozzer","12 Dirty Tunes",00:04:03,track
"One Hand Loose","Hot Dozzer","12 Dirty Tunes",00:02:21,track
"Crazy Gella","Shakin Guts",Unknown,00:02:38,track
"Carpathians-Georgia Express","Shakin Guts",Unknown,00:02:25,track
"I Don't Need More","Shakin' Guts","Psychobilly Frenzy",00:03:02,track
"10 Minutes Before","Smokin A",Unknown,00:03:38,track
"The Carnival of Death","Strait Jacket",Unknown,00:03:29,track
"Waiting For The Night","The Troubled",Unknown,00:05:17,track
"Rockabilly Man","The Boomerangs",Unknown,00:02:41,track
"Boogie In My Pants","The Hypnotunez",Unknown,00:03:35,track
Badass,"The Hypnotunez","New Origins (LP)",00:05:14,track
Breath,"The Hypnotunez","Shout. Dark & Mysterious",00:02:52,track
Callin',"The Hypnotunez","New Origins (LP)",00:06:12,track
"Devil's French Kiss","The Hypnotunez","SHOUT. Dark & Mysterious",00:04:26,track
"Night Call Dance","The Hypnotunez",Unknown,00:05:06,track
"Opacha Blues","The Hypnotunez","Shout. Dark & Mysterious",00:05:21,track
"Personal Jesus","The Hypnotunez",Unknown,00:03:01,track
"Love Song","The Troubled","True Story",00:02:10,track
"Edge Of The City","The Troubled","True Story",00:02:24,track
Patience,"The Troubled",Unknown,00:02:31,track
"Rusty Crown","The Troubled","True Story",00:02:48,track
"Bad Damn Cats","The Twilighters",Unknown,00:02:54,track
"Cosmic Pirates","The Twilighters",Unknown,00:01:01,track
"Go On Girl","The Twilighters",Unknown,00:03:39,track
"Sad and Angry","The Twilighters",Unknown,00:04:26,track
"Hello My Cat","Tomato Juice","Psycho Country Breack",00:04:15,track
"Don't Touch My Greasy Hair","The Wise Guyz","Don't Touch My Greasy Hair",00:02:38,track
Hooker,"The Boomerangs",Unknown,00:02:58,track
"Let's Rock","The Boomerangs",Unknown,00:02:18,track
"Lonesome Train","The Boomerangs",Unknown,00:01:50,track
"Red Hot","The Boomerangs",Unknown,00:02:14,track
"Swingin' swing",RvB,Unknown,00:02:56,track
Сапоги,Coma.fm,Unknown,00:00:24,track
Наклал,Coma.fm,Unknown,00:00:29,track
"У меня все последнее",Coma.fm,Unknown,00:00:19,track
"Холодная война",Coma.fm,Unknown,00:00:26,track
"Show Me","Neil Young","Peace Trail",00:04:02,track
"Terrorist Suicide Hang Gliders","Neil Young","Peace Trail",00:03:17,track
"Keep Breathin`","Night Surf",Unknown,00:04:28,track
"High Waves","Night Surf",Unknown,00:03:11,track
"Low Surf","Night Surf","Moonlight Surfin'",00:02:22,track
Strawberry,"Night Surf",Unknown,00:02:43,track
"From California to Outer Space","Space PsychoTropic Plank-Tone",Unknown,00:05:06,track
Bandarlog,"Waikiki Makaki",Unknown,00:02:43,track
Alhambra,"Waikiki Makaki",Unknown,00:01:50,track
"El Nino","Waikiki Makaki",Unknown,00:01:59,track
"Interstate Death Toll","Waikiki Makaki",Unknown,00:02:15,track
"Ruby Tuesday",Melanie,"Candles In The Rain",00:04:32,track
"Ashes To Ashes","Michael Stipe & Karen Elson",Unknown,00:05:04,track
"Everything What Makes Me Bad","The Rocket Dogz","Mad Dog Holocaust",00:03:14,track
"Bad Girl","Konstantin Kolesnichenko",Hypnotized,00:05:42,track
"Bill Brother Jack and Gator","Konstantin Kolesnichenko",Hypnotized,00:03:16,track
"Canto de Ossahna","Konstantin Kolesnichenko",Hypnotized,00:02:46,track
"East Breeze","Konstantin Kolesnichenko",Hypnotized,00:06:06,track
Hypnotized,"Konstantin Kolesnichenko",Hypnotized,00:05:41,track
"The Dogs Tail","Konstantin Kolesnichenko",Hypnotized,00:03:10,track
"Tribute to William Clarke","Konstantin Kolesnichenko",Hypnotized,00:02:33,track
Temperence,"Gemini 13",Unknown,00:02:49,track
Psychoplasm,"The IllumiGnarly","The End is Gnar",00:03:27,track
Apache,"Link Wray",Unknown,00:03:42,track
"Big City After Dark","Link Wray",Unknown,00:02:49,track
"Boom Babba Do Ba Dabba",PowerSolo,Unknown,00:02:18,track
Popcorn,Necronomikids,Unknown,00:02:01,track
"Squad Car","The Bel-Airs",Unknown,00:02:53,track
"She's Funny That Way","Buddy Tate & Milt Buckner","Midnight Slows No.1",00:04:46,track
"White Rabbit","Gabor Szabo And The California Dreamers",Unknown,00:02:27,track
"Sultans Of Swing","Pink Turtle",Unknown,00:03:26,track
"Für Elise","The Galaxy Trio",Unknown,00:02:56,track
"I Walk The Line","The Ventures",Unknown,00:02:23,track
"Life on Mars","Mike Garson",Unknown,00:05:23,track
"Life on Mars","The London Symphony Orchestra",Unknown,00:04:18,track
"Il Padrino","Dusk SRC",Unknown,00:03:55,track
"The Long Ride","Crazy Aces","Surfadelic Spy-a-Go-Go",00:02:36,track
Trinity,Introducers,"Close Ups",00:03:11,track
"One Gun Is All You Need...",Sonichris,"For A Few Waves More",00:02:45,track
"Lonely Siren","The Aqua Barons","(NEW) * Southeast Stompers (CD)",00:03:14,track
"Ola Vida","The Cholla",Unknown,00:03:03,track
"Math Debate","The Isotopes",Unknown,00:01:56,track
"Swan Lake","The Nebulas","Nebula One",00:03:22,track
"Eleanor Rigby","The Real Gone",Unknown,00:02:19,track
"Ode To My Bohemian Lifestyle","The Razorblades","Snapshots From The Underground",00:04:43,track
"Take On Me","The Shockwave!",Unknown,00:03:09,track
Greenfields,"The Ventures","The Colorful Ventures",00:02:51,track
"Rode Hard and Put Away Wet",WJLP,Unknown,00:03:03,track
"Back In My Day","The Handsome Family",Unseen,00:03:30,track
Gold,"The Handsome Family",Unseen,00:04:00,track
"Green Willow Valley","The Handsome Family",Unseen,00:04:33,track
"The Silver Light","The Handsome Family",Unseen,00:03:51,track
"Budapest Incident","Stereophonic Space Sound Unlimited","The Fluid Soundbox",00:03:25,track
"Project QX 5","Stereophonic Space Sound Unlimited","The Fluid Soundbox",00:03:02,track
"Section 5","Stereophonic Space Sound Unlimited","The Spacesound Effect",00:02:57,track
"Samba Patrol","Stereophonic Space Sound Unlimited","The Spacesound Effect",00:03:09,track
"Señor Lopez","Stereophonic Space Sound Unlimited","The Spacesound Effect",00:02:33,track
"The Spacesound Effect","Stereophonic Space Sound Unlimited","The Spacesound Effect",00:03:37,track
"Waltz Underneath","Stereophonic Space Sound Unlimited","The Spacesound Effect",00:03:33,track
"Emerald Coast","Stereophonic Space Sound Unlimited","Jet Sound Inc.",00:03:21,track
Kowalski,"Stereophonic Space Sound Unlimited","Jet Sound Inc.",00:02:51,track
Snakecharmer,"Stereophonic Space Sound Unlimited","Jet Sound Inc.",00:03:04,track
"The Pool Scene","Stereophonic Space Sound Unlimited","Jet Sound Inc.",00:02:43,track
"November Morning","Stereophonic Space Sound Unlimited","The Spooky Sound Sessions",00:02:41,track
"The Whistler Returns","Stereophonic Space Sound Unlimited","The Spooky Sound Sessions",00:03:13,track
"La Pluie Et Le Beau Temps","Nouvelle Vague","I Could Be Happy",00:03:32,track
"The Garden","The Creepshow",Unknown,00:03:14,track
"The Devil's Son","The Creepshow",Unknown,00:02:49,track
Creep,Mutilators,Unknown,00:04:25,track
"These Boots Are Made For Walking","Robert Gordon",Unknown,00:02:53,track
Remember,"The Hillbilly Moon Explosion",Unknown,00:03:30,track
Roxanne,"The Rocker Covers",Unknown,00:04:31,track
Sirens,"Mr. Blonde",Unknown,00:02:11,track
"In The Hall Of The Mountain King","The Coffin Daggers","Out of Limits",00:04:06,track
"The Water Is Wide","Chris Hillman","The Other Side",00:04:33,track
Motherland,"Joan Baez","Dark Chords On A Big Guitar",00:04:44,track
"The Lakes of Canada","The Innocence Mission","Birds of My Neighborhood",00:04:34,track
"Everybody Hurts","Patti Smith","Automatic for the People",00:06:15,track
"Take Five","Kashmere Stage Band",Unknown,00:03:42,track
Gold,"Iggy Pop ",Unknown,00:03:13,track
"You Gotta Move","Ivan БлюZ and Dрузі",Unknown,00:04:19,track
A.C.A.B.,Dillberriezz,Unknown,00:02:23,track
"Perfect Girl",Dillberriezz,Unknown,00:04:25,track
"Stay With Me",Dillberriezz,Unknown,00:02:00,track
Вiй,Dillberriezz,Unknown,00:02:19,track
"Married Man Blues","Freeky Cleen",Unknown,00:02:25,track
Алкоголь,"Outer Space",Unknown,00:02:02,track
"Son Of Tramp","Konstantin Kolesnichenko and Bullet Blues Band feat Dmitry Litvinenko",Unknown,00:04:50,track
"Monsters by the Fire","Poison Bar",Unknown,00:02:43,track
"Я вигадав світ","Ruki'v Bryuki",Unknown,00:03:14,track
"10 Minutes After","Smokin A",Unknown,00:02:32,track
"Asteroid Neila","Space Psycho Tropic Plank-Tone",Unknown,00:03:26,track
"The Story of My Love","Sasha Nabokova","The Road Behind",00:02:55,track
"Move! Move!","The Mystification","Psychobilly. The Lost Temptation",00:03:33,track
"What Are You Waiting For-","Your Inner God","Nightmares (Demo Album)",00:04:04,track
"Old Timer","Willie Nelson","God's Problem Child",00:03:34,track
"True Love","Willie Nelson","God's Problem Child",00:03:01,track
"Blue Monday","Fats Domino","25 Rock'N'Roll Hits - CD 01",00:02:29,track
"Fell In Love On Monday","Fats Domino",Unknown,00:01:55,track
"17 Again",Eurythmics,Unknown,00:04:56,track
"Anything But Strong",Eurythmics,Unknown,00:05:02,track
"Come Together",Eurythmics,Unknown,00:03:23,track
"Hello I Love You",Eurythmics,Unknown,00:02:53,track
"I Saved The World Today",Eurythmics,Unknown,00:04:52,track
"Satellite Of Love",Eurythmics,Unknown,00:04:36,track
"The King And Queen Of America",Eurythmics,Unknown,00:04:31,track
"The Miracle Of Love",Eurythmics,Unknown,00:05:07,track
"There Must Be An Angel (Playing With My Heart)",Eurythmics,Unknown,00:05:24,track
Intoxica,"The Revels With Barbara Adkins","Intoxica! The Best Of The Revels",00:02:20,track
"The Nearness Of You","George Shearing","On The Sunny Side Of The Strip",00:03:59,track
"He Ain't No Good","Imperial Swing Orchestra","Stay Hot",00:03:13,track
"Secret Admirer","Imperial Swing Orchestra","Stay Hot",00:02:43,track
"A Slip Of The Lip","Lara Luppi & The Vintage Kings","Hot Cherries",00:02:50,track
"Tennessee Saturday Night","Lara Luppi & The Vintage Kings","Hot Cherries",00:02:06,track
"Comes Love","Lara Luppi & The Vintage Kings","Hot Cherries",00:03:47,track
Hello,"Paul Anka","Rock Swings",00:05:14,track
"So Good To Be Back","Sweet Emma and the Mood Swingers","Home Sweet Home",00:02:51,track
"Love Me Or Leave Me Ft. Mark Isham","The Jive Aces","Recipe For Rhythm",00:03:29,track
"Once More Ft. Chick Corea","The Jive Aces","Recipe For Rhythm",00:03:06,track
"Tu Vuo Fa L’Americano","The Puppini Sisters","Best Of The Puppini Sisters",00:01:54,track
"Java Jive","The Puppini Sisters","Best Of The Puppini Sisters",00:03:36,track
"Too Crazy","Tia Brazda",Unknown,00:02:46,track
"A Place in Your Heart","Ray Davies",Americana,00:05:03,track
"The Deal","Ray Davies",Americana,00:05:03,track
"The Great Highway","Ray Davies",Americana,00:04:43,track
Poetry,"Ray Davies",Americana,00:05:05,track
"Sunday Morning","Postmodern Jukebox ","Fake Blues",00:03:38,track
Sledgehammer,"Postmodern Jukebox ","Fake Blues",00:03:27,track
"Dont Get Caught","Procol Harum",Novum,00:05:12,track
"Sunday Morning","Procol Harum",Novum,00:05:28,track
Soldier,"Procol Harum",Novum,00:05:28,track
"The Only One","Procol Harum",Novum,00:06:10,track
"Call Me","Imelda May","Life Love Flesh Blood (Deluxe)",00:03:28,track
"Black Tears (feat. Jeff Beck)","Imelda May","Life Love Flesh Blood (Deluxe)",00:04:03,track
"How Bad Can a Good Girl Be","Imelda May","Life Love Flesh Blood (Deluxe)",00:03:27,track
"Leave Me Lonely","Imelda May","Life Love Flesh Blood (Deluxe)",00:04:01,track
Human,"Imelda May","Life Love Flesh Blood (Deluxe)",00:03:40,track
Levitate,"Imelda May","Life Love Flesh Blood (Deluxe)",00:03:33,track
"Should've Been You","Imelda May","Life Love Flesh Blood (Deluxe)",00:03:38,track
"Sixth Sense","Imelda May","Life Love Flesh Blood (Deluxe)",00:04:14,track
XXX,"Jack Rabbit Slim","Rockin' With... Vols. 1&2",00:03:08,track
"Next Time","Jack Rabbit Slim","Rockin' With... Vols. 1&2",00:01:55,track
"Wild Child","Lee Rocker","Night Train To Memphis",00:01:55,track
"Hey Hey Veronica","Peter & the Wolves","Papa's Goin' Out Of Town!",00:02:34,track
"Blue Skies","T-Bird Gang","It's SHOWTIME!",00:02:49,track
"Treat Her Right","The Switchblade 3","Triple Homocidio",00:03:14,track
"Down Hill","Crazy Horses","Down Hill",00:03:17,track
"Radio Star Babies","Daisy Dick & The Cannibal Sinners","Daisy Dick & The Cannibal Sinners",00:02:54,track
Marisnatchi,"Doyley And The Twanglords","Twang Solo",00:03:17,track
"Something's Wrong With My Radio",Gorilla,"Too Much for Your Heart",00:03:01,track
Radio,"Mad Sin","Hooligans United a Tribute to Rancid",00:03:20,track
"Psycho Radio",Rezurex,"Psycho Radio",00:04:06,track
"Countdown To A Breakdown","The Long Tall Texans","Headless (10"")",00:02:33,track
"Even The Cops Cried (The Day Elvis Died)","The Long Tall Texans","Headless (10"")",00:03:34,track
Headless,"The Long Tall Texans","Headless (10"")",00:03:13,track
"In My Dreams","The Long Tall Texans","Headless (10"")",00:04:23,track
Ladyboy,"The Long Tall Texans","Headless (10"")",00:02:59,track
"Who Told You","The Long Tall Texans","Headless (10"")",00:02:36,track
"Nothin' To Lose","The Omega Men","I Am Become Death...",00:01:48,track
"Sold My Soul","The Omega Men","I Am Become Death...",00:01:56,track
"Cyanide & Arsenic",Wanton,"Harmageddon Get​-​Together",00:03:14,track
Hyde,Wanton,"Harmageddon Get​-​Together",00:02:34,track
"Dime Store Cowgirl","Kacey Musgraves","Pageant Material",00:03:35,track
"Only One For Me (61 Amy)","Billy Lynn",Unknown,00:02:18,track
"Letter To A School Girl",Delcardos,"Doo Wop School Days",00:02:44,track
"Count Every Star","Five Boroughs",Unknown,00:03:30,track
Lorraine,"Five Boroughs",Unknown,00:03:51,track
"The Cockroach Stomp","Jack Blanchard & Misty Morgan","Epic 11030; wr. & pr. Jack Blanchard",00:02:19,track
"It's Murder For Roberta","Jennie Smith",Unknown,00:02:09,track
"I Won't Stand in Your Way","The Stray Cats","Runaway Boys: A Retrospective '81-'92",00:03:56,track
"I'm With You","Wally Lewis",Unknown,00:02:14,track
"White Bobby Socks","Wally Lewis",Unknown,00:02:24,track
"All around (Thru the Town)","The Wise Guyz",Unknown,00:03:46,track
"Bop Disease","The Wise Guyz","Hot Summer Nights",00:02:30,track
"Catch Your Wave","The Wise Guyz","Hot Summer Nights",00:03:27,track
"Do It Slow","The Wise Guyz","Let's Rock The Floor",00:03:23,track
"Let's Rock The Floor","The Wise Guyz","Let's Rock The Floor",00:01:52,track
"Really Rocket","The Wise Guyz","Don't Touch My Greasy Hair",00:02:33,track
"Rude Bad Boy","The Wise Guyz","Stay Cool!!",00:02:26,track
"Way That I Love","The Wise Guyz","Hot Summer Nights",00:02:58,track
"Time Is Really Gone","The Wise Guyz","Let's Rock The Floor",00:03:10,track
"I Get So Excited","Levi Dexter & The Ripchords","Fistful of Pussies",00:02:49,track
"No Dog","The Turnpike Cruisers","Fistful of Pussies",00:02:22,track
"Pointed Bra","Orson Family","Revenge of the Killer Pussies",00:02:19,track
"Seven Deadly Sins",Outcasts,"Revenge of the Killer Pussies",00:02:36,track
"Your Good Girl's Gonna Go Bad","Screamin' Sirens!","Revenge of the Killer Pussies",00:02:04,track
"Little Pixie","Imelda May",Tribal,00:03:38,track
"Round The Bend","Imelda May",Tribal,00:03:06,track
Tribal,"Imelda May",Tribal,00:03:00,track
"Come On It Out","The Mystification","Psychobilly. The Lost Temptation",00:03:05,track
"Dance Of Lair","The Mystification","Psychobilly. The Lost Temptation",00:03:21,track
"Fast Drink","The Mystification",Unknown,00:03:32,track
"Forgive Me, My Body","The Mystification","Psychobilly. The Lost Temptation",00:03:48,track
"Keep Going To Wreck","The Mystification","Psychobilly. The Lost Temptation",00:03:52,track
"Stay Out Of Trouble","The Mystification","Keep going to wreck (live 2011)",00:02:28,track
"We Don’t Care Of Us","The Mystification","Psychobilly.The Lost Temptation",00:02:34,track
"Without Glory","The Mystification","Psychobilly. The Lost Temptation",00:03:24,track
"Comming Like Crazy","The Twilighters",Unknown,00:02:12,track
Illusions,"The Twilighters",Unknown,00:02:50,track
"Lamp Posts","The Twilighters",Unknown,00:03:44,track
"Look Inside","The Twilighters",Unknown,00:02:58,track
"Moon Madness","The Twilighters",Unknown,00:03:11,track
"Now You're Psycho!","The Twilighters",Unknown,00:02:49,track
Rhythmbilly,"The Twilighters",Unknown,00:01:37,track
"Psycho Illusions","The Twilighters",Unknown,00:02:22,track
Twilighters,"The Twilighters",Unknown,00:03:07,track
"Girls, Babies, Chicks & Hunnies","The Wise Guyz","Don't Touch My Greasy Hair",00:02:36,track
"Dead Man's Blues","Your Inner God",Unknown,00:03:30,track
"Black Sun","Your Inner God",Unknown,00:03:12,track
"Evil Blues","Your Inner God",Unknown,00:02:33,track
"I Will Kill You, Jailer","Your Inner God","Nightmares (Demo Album)",00:04:28,track
Headstone,"Your Inner God","Nightmares (Demo Album)",00:02:54,track
"My Mama Told Me","Your Inner God",Unknown,00:03:24,track
Nightmares,"Your Inner God","Nightmares (Demo Album)",00:04:34,track
"Oh Death","Your Inner God",Unknown,00:03:25,track
"One Last Kiss","Your Inner God","Nightmares (Demo Album)",00:04:19,track
"Your Inner God","Your Inner God","Nightmares (Demo Album)",00:03:27,track
"Ain't Too Young","The Blues Nephews",Unknown,00:03:01,track
"Wild Black Bill","Derrick Big Walker and The Blues Nephews","Live at Route 66",00:05:11,track
"Damn Right, I've Got The Blues","The Blues Nephews","Live @ Liverpool Club, 2010 jan 09",00:03:56,track
"Dead Man Blues","The Blues Nephews",Unknown,00:05:22,track
Dreamin',"The Blues Nephews","Take One",00:03:16,track
"I Can't Be Satisfied","The Blues Nephews",Unknown,00:03:17,track
"Feels Like Rain","The Blues Nephews",Unknown,00:04:57,track
"Just A Little Bit","The Blues Nephews",Unknown,00:03:39,track
"Night-time Boogie","The Blues Nephews",Unknown,00:03:24,track
"Little Red Rooster","The Blues Nephews",Unknown,00:05:15,track
"Too Much Like","The Blues Nephews",Unknown,00:02:22,track
Dozzer,"Lucky Bar",Unknown,00:03:38,track
"Pretty girl with saxophone","Lucky Bar",Unknown,00:03:26,track
"Route 66","Lucky bar",Unknown,00:04:03,track
"Under My Thumb","Del Shannon","Home and Away: The Complete Recordings 1960-1970",00:02:47,track
"Words Of Truth","Manu Chao",Unknown,00:02:49,track
L.O.S.,"Tomato Juice","Psycho Country Breack",00:03:15,track
"Strange Place","Tomato Juice","Psycho Country Breack",00:03:12,track
"Three Comrades","Tomato Juice","Psycho Country Breack",00:03:48,track
"Перлина степу","Директор Азовского моря",Unknown,00:03:26,track
"Like A Rolling Stone","Jimi Hendrix","live @ Monterey International Pop Festival",00:06:29,track
"Wild Thing","Jimi Hendrix",Unknown,00:02:48,track
"Blue Suede Shoes","Jimi Hendrix","1975-Midnight Lightning",00:03:30,track
"Eleanor Rigby","Joan Baez","Hits Greatest And Others",00:02:18,track
"Day Tripper","The Jimi Hendrix Experience","BBC Sessions",00:03:24,track
"Bold As Love","The Pretenders","Stone Free: A Tribute To Jimi Hendrix",00:03:24,track
"Puttin' On The Ritz","The Space Lady","The Space Lady's Greatest Hits",00:03:28,track
"20th Century Fox","The Space Lady","The Space Lady's Greatest Hits",00:04:03,track
"Strap on","Brigitte Handley",Unknown,00:02:47,track
"Oompa Loompa","The Klingonz","Psycho's from beyond",00:01:52,track
"Tram In Lunacy","Mad Heads",Unknown,00:04:23,track
"Locked In A Room With Betty","P. Paul Fenech","I Spit On Your Gravy",00:02:43,track
"Just Run Away","Sgt Fury","Psychobilly Freakout",00:02:40,track
"Sealed With A Kiss","Les Jaguars",Unknown,00:02:17,track
"And I Love Her","The Concussions",Unknown,00:02:30,track
"Das Model","The Space Rangers",Unknown,00:04:02,track
"I Shot The Sheriff","Union Avenue","VA - ROCKABILLY HEAVEN Coverin' The Classics",00:03:55,track
"Wish You Were Here","Union Avenue",Unknown,00:04:10,track
"Turn Around","Mad Heads & Front","1-é Óêðàèíñêèé Ðîêàáèëüíûé Front",00:03:37,track
"Come And Be Mine","Mad Heads","1-é Óêðàèíñêèé Ðîêàáèëüíûé Front",00:02:45,track
"Undertaker's Party","Mad Heads",Unknown,00:03:53,track
"Night Cadillac","Non Stop","1-é Óêðàèíñêèé Ðîêàáèëüíûé Front",00:02:16,track
"C'mon Everybody","Rockland Ladies","1-é Óêðàèíñêèé Ðîêàáèëüíûé Front",00:03:23,track
"Cold Ice Lady","Shakin' Guts","1-é Óêðàèíñêèé Ðîêàáèëüíûé Front",00:02:29,track
"Black Parabellum","Tomato Juice",Unknown,00:02:39,track
"Don't Stop Me Now","Postmodern Jukebox ","33 Resolutions Per Minute",00:04:00,track
"Never Gonna Give You Up","Postmodern Jukebox ","33 Resolutions Per Minute",00:03:25,track
"April 1986","Poison Bar","Unknown Album (12/21/2011 7:20:16 PM)",00:03:17,track
Underground,"Poison Bar","Unknown Album (12/21/2011 7:20:16 PM)",00:03:05,track
"Barbie Girl","Postmodern Jukebox ","Emoji Antique",00:03:10,track
"Broken Bones","Roger Waters","Is This The Life We Really Want?",00:04:56,track
"Picture That","Roger Waters","Is This The Life We Really Want?",00:06:47,track
"The First Cut Is The Deepest","Cat Stevens","New Masters",00:03:03,track
"Hi It's Been A Long Time",Donovan,"The Hurdy Gurdy Man",00:02:35,track
"Jennifer Juniper",Donovan,"Greatest Hits...And More",00:02:43,track
"Lovely Day",Donovan,"Love, Death And The Lady",00:02:17,track
"Sunny Goodge Street",Donovan,"Fairytales And Colors",00:02:58,track
"(Marie's The Name Of) His Latest Flame","Elvis Presley","Elvis Is Back (Legacy Edition)",00:02:10,track
"Burning Of The Midnight Lamp","Jimi Hendrix","Electric Ladyland",00:03:39,track
"Young Love","Mary Hopkin",postcard,00:02:14,track
"She Wandered Through The Garden Fence","Procol Harum","1967 A Whiter Shade Of Pale",00:03:27,track
"Mrs. Robinson","Simon and Garfunkel",Bookends,00:04:05,track
"Leaves That Are Green","Simon and Garfunkel","Sounds Of Silence",00:02:23,track
"Seagull Woman","T. Rex","T. Rex",00:02:19,track
"God Only Knows","The Beach Boys","Pet Sounds",00:02:53,track
"Wouldn't It Be Nice","The Beach Boys","Pet Sounds",00:02:26,track
"Here, There And Everywhere","The Beatles","Revolver [2009 Stereo Remaster]",00:02:25,track
"I Will","The Beatles","The Beatles (White Album) [Disc 1] [2009 Mono Remaster]",00:01:45,track
"It's Only Love","The Beatles","Help! [2009 Mono Remaster]",00:02:00,track
"Martha My Dear","The Beatles","The Beatles (White Album) [Disc 1] [2009 Stereo Remaster]",00:02:28,track
"No Reply","The Beatles","Beatles For Sale [2009 Mono Remaster]",00:02:20,track
"We Can Work It Out","The Beatles","Past Masters, Vol. 2",00:02:15,track
"Lay Down Your Weary Tune","The Byrds","Turn Turn Turn",00:03:33,track
"Mr. Spaceman","The Byrds","Fifth Dimension",00:02:12,track
"Love Street","The Doors","Waiting For the Sun +",00:02:44,track
"People Are Strange","The Doors","Strange Days",00:02:12,track
"Sunny Afternoon","The Kinks","SIMPLY THE BEST of the 60's - disc 1",00:03:33,track
"Waterloo Sunset","The Kinks","Something Else By The Kinks",00:03:17,track
"Well Respected Man","The Kinks",Unknown,00:02:43,track
"Sweets For My Sweet","The Searchers","The Searchers' Hits",00:02:27,track
"I'll Never Find Another You","The Seekers","A Carnival Of Hits",00:02:43,track
"Cousin Jane","The Troggs",Unknown,00:02:25,track
"Jingle Jangle","The Troggs","From Nowhere",00:02:31,track
"With A Girl Like You","The Troggs","Hit Single Anthology",00:02:07,track
"Our Love Was ...Is","The Who","who sell out",00:03:23,track
Substitute,"The Who","The Who Collection (Disc 1)",00:03:52,track
"Lofty Skies","Tyrannosaurus Rex","A Beard Of Stars",00:02:54,track
"Summer City Blues","Freeky Cleen & Dickey F","Ins & Outs",00:03:19,track
Незнайомка,"Ivan БлюZ and Dрузі",Unknown,00:03:05,track
"Mrs Robinson ","Melody Girls Of Ukraine",Unknown,00:03:29,track
"King Of The Swamp","Mr. Hypno & His Lo-Fi",Unknown,00:02:04,track
Normal,"Smokin A",Smokin,00:03:42,track
Trippin69,Straytones,Unknown,00:04:45,track
"A Fool For Your Stockings","El Pistolero`s",Unknown,00:05:24,track
"Wars And Tears","Peter and The Wolves",Unknown,00:02:32,track
"I Cry","Sasha Nabokova",Unknown,00:02:47,track
"More Money","Smokin A",Smokin,00:03:12,track
Doctor,"Zukkor Zzov",Unknown,00:04:35,track
"Diddy Wah Diddy","Captain Beefheart & His Magic Band","Nuggets CD2",00:02:30,track
"Can't Seem To Make You Mine",Seeds,"Nuggets CD2",00:02:36,track
Strychnine,Sonics,"Nuggets CD2",00:02:12,track
"Louie Louie",Kingsmen,"Nuggets CD4",00:02:48,track
Dutchman,"Chuck Berry",Chuck,00:03:47,track
"Lady B. Goode","Chuck Berry",Chuck,00:02:55,track
"You Go To My Head","Chuck Berry",Chuck,00:03:21,track
"Blossom Lady","Shocking Blue","The Best CD2",00:03:33,track
"Hot Sand","Shocking Blue","The Best CD2",00:02:38,track
"I Like You","Shocking Blue","The Best CD2",00:02:09,track
"Out of Sight Out Of Mind","Shocking Blue","The Best CD2",00:02:44,track
"Rock In The Sea","Shocking Blue","The Best CD2",00:02:58,track
"Never Marry A Railroad Man","Shocking Blue","The Best CD2",00:03:03,track
Waterloo,"Shocking Blue","The Best CD2",00:03:25,track
"When I Was A Girl","Shocking Blue","The Best CD2",00:02:25,track
"Long And Lonesome Road","Shocking Blue","The Best CD1",00:02:49,track
"Send Me a Postcartd","Shocking Blue","The Best CD1",00:02:40,track
"Paxton's Back Street Carnival","Strawberry Alarm Clock","Strawberries Mean Love",00:02:04,track
"Pretty Song From 'Psych-Out'","Strawberry Alarm Clock","Strawberries Mean Love",00:03:16,track
Clockface,"Konstantin Kolesnichenko Quartet","Minor Differences",00:02:51,track
"In the Wee Hours","Konstantin Kolesnichenko Quartet","Minor Differences",00:04:27,track
"Johnny Comes Lately","Konstantin Kolesnichenko Quartet","Minor Differences",00:04:10,track
"Minor Differences","Konstantin Kolesnichenko Quartet","Minor Differences",00:03:30,track
"Joe`s Blues","Konstantin Kolesnichenko Quartet","Minor Differences",00:05:15,track
"Blues Junky","Banderas Blues Band",Unknown,00:03:34,track
"This Rainy Morning","Deluxe Blues Band","Except Of Love",00:05:10,track
"You Got The Blues, Not Me","El Pistolero`s",Unknown,00:04:29,track
"Early Grave","Freeky Cleen",Unknown,00:04:29,track
"Старий Будинок","Outer Space","EP ""From Outer Space""",00:03:04,track
"Не Відводити Погляд",Oxamyth,Unknown,00:03:12,track
Lost,"Respect Your Mom",Unknown,00:04:08,track
"Let The Bluesman Cry","Deluxe Blues Band",Unknown,00:04:50,track
"Spider Blues","Lets Play",Unknown,00:03:24,track
"Jack & Jil",Jillhouse,Unknown,00:03:57,track
"Happy B Song","Make Like a Tree",Unknown,00:05:29,track
Keys,Paradush,Unknown,00:03:33,track
Blacklist,NOUSINTHIS,Unknown,00:03:57,track
Reptiloid,"Poltva Rats",Unknown,00:02:30,track
"Де я","Retro21 Band",Unknown,00:05:21,track
"Roll On","Strait Jacket",Unknown,00:03:22,track
"Oh, Baby","The Brothers band",Unknown,00:02:36,track
"Rolling In The Ryegrass & Tam Lin","Tricky Tales",Unknown,00:03:18,track
"Cosmic Fool","The Raynbow",Unknown,00:05:16,track
'39,"Шановнi Пiшоходи",Unknown,00:03:23,track
"If I Fell","Шановнi Пiшоходи",Unknown,00:02:20,track
"Ring Of Fire","Dick Dale",Unknown,00:03:34,track
"Ghost Dance","Marianne Faithfull",Unknown,00:03:42,track
"Ship Song","Puddles Pity Party",Unknown,00:03:55,track
Summertime,"Ricky Nelson",Unknown,00:02:14,track
"Ballad For Beelzebub","The Graveyard Train",Unknown,00:03:54,track
"Evil Night Together","Jill Tracy",Unknown,00:04:31,track
"Брейк Данс",Coma.fm,Unknown,00:00:14,track
"Dream Girl","Nick Curran & The Lowlifes","Reform School Girl",00:04:32,track
1959,"Patti Smith","Outside Society",00:03:58,track
"Because The Night","Patti Smith","Outside Society",00:03:23,track
Frederick,"Patti Smith","Outside Society",00:03:02,track
"Ghost Dance","Patti Smith","Land (1975-2002)",00:04:41,track
"Paths That Cross","Patti Smith","Land (1975-2002)",00:04:20,track
"Smells Like Teen Spirit","Patti Smith","Outside Society",00:05:49,track
"Summer Cannibals","Patti Smith","Outside Society",00:04:09,track
"When Doves Cry","Patti Smith","Land (1975-2002)",00:04:59,track
Lemonie,"Carnival Nevermore",Unknown,00:04:52,track
Whale,"Tea Ship",Unknown,00:03:32,track
"Beach Song","The Tea Ship",Unknown,00:03:00,track
Mystical,"The Tea Ship",Unknown,00:03:45,track
"Yellow Surf","The Tea Ship",Unknown,00:02:37,track
"Take Five","Dave Brubeck",Jazz,00:05:23,track
"Kitchen Blues","David Lynch","Modern Noir",00:03:37,track
"Soul Town Girls","Freeky Cleen",Unknown,00:03:49,track
"Red Dance","Mr. Hypno & His Lo-Fi",Unknown,00:02:10,track
"Twin Peaks Theme","Steve ´N´ Seagulls",Unknown,00:05:20,track
"Find Your Way","Sasha Nabokova","The Road Behind",00:02:51,track
"Sleep Walk","Santo & Johnny Farina",Unknown,00:02:20,track
"You Need to Know","Sasha Nabokova","The Road Behind",00:02:35,track
"In Your Arms","Sasha Nabokova","The Road Behind",00:03:03,track
"Twin Peaks Theme","Solo Rhodes",Unknown,00:05:33,track
"The Rest Is The Dust","Casa Ukrania",Ноктурналія,00:03:13,track
J.C.,"Codex Nihilim",Ноктурналія,00:03:16,track
"The Fallen","Codex Nihilim",Ноктурналія,00:03:31,track
"Зубья созвездий","The House of the Hidden Light",Ноктурналія,00:02:26,track
"Sabre Dance",Playboys,"Board Boogie: Surf'n Twang From Down Under",00:02:03,track
"Theme from Dr. No",Playboys,"Board Boogie: Surf'n Twang From Down Under",00:02:12,track
"Nurse U 2 Death","Night Nurse","Nurse U 2 Death",00:03:22,track
"The Devil's Inside My Head","Stage Frite","Scarier Than Swans",00:03:07,track
"Just Me And This Guitar","The Caravans","If It Ain't Broke (10"")",00:02:27,track
"The Velvet Claw","The Caravans","If It Ain't Broke (10"")",00:02:15,track
"I'm Bad Like Jesse James","John Lee Hooker","Live At The Cafe Au Go-Go (And Soledad Prison)",00:05:31,track
"I´m gonna have some Fun","Bunny Paul","Such a Rock and Roll Night",00:02:38,track
"New Love","Bunny Paul","Such a Rock and Roll Night",00:02:22,track
"A Fool for Love","Chilli & the Baracudas","Ain't That a Thrill",00:02:37,track
"Been Mistakin'","Chilli & the Baracudas","Ain't That a Thrill",00:03:27,track
"King of Fuckin' Everything","Chilli & the Baracudas","Ain't That a Thrill",00:02:58,track
"West Bound Train","Leah and Her J-Walkers","Leah and Her J-Walkers",00:03:03,track
Gone,"Little Lesley & The Bloodshots","Little Lesley & The Bloodshots 45",00:03:41,track
"Little Ole You","Miss Mary Ann & The Ragtime Wranglers","Danger Moved West",00:02:27,track
"Strange Things","Miss Mary Ann & The Ragtime Wranglers","Danger Moved West",00:02:15,track
"You Made a Hit","Miss Mary Ann & The Ragtime Wranglers","Danger Moved West",00:02:32,track
"Wrecking Ball","Quarter Mile Combo","Motels Gas & Beer",00:03:33,track
"The Devil Made You","Jack Rabbit Slim","Rockin' With... Vols. 1&2",00:02:54,track
"Honey Don't","Lee Rocker","Night Train To Memphis",00:02:35,track
Nervous,"T-Bird Gang","My Best Of Modern Rockabilly     Vol 2",00:02:42,track
"The Sign","The Baseballs","Hit Me Baby...",00:02:54,track
"One Cup Of Coffee","The Sun Skippers","Boppin' Country Billy",00:02:04,track
"Sunday Drive In Dixie","Cody Cooke and the Bayou Outlaws",Unknown,00:04:10,track
Highwayman,"Kris Kristofferson, Willie Nelson, Shooter Jennings & Jamey Johnson",Unknown,00:03:05,track
"Bad Feeling","Kid Rock & Gretchen Wilson",Unknown,00:03:14,track
"Blue Skies","Lara Luppi & The Vintage Kings","Hot Cherries",00:03:12,track
Fever,"The Jive Aces","Recipe For Rhythm",00:03:34,track
"It Don’t Mean A Thing (If It Ain’t Got That Swing)","The Puppini Sisters","Best Of The Puppini Sisters",00:04:51,track
"In The Mood","The Puppini Sisters","Best Of The Puppini Sisters",00:03:10,track
"Mr Sandman","The Puppini Sisters","Best Of The Puppini Sisters",00:02:37,track
Spooky,"The Puppini Sisters","Best Of The Puppini Sisters",00:02:43,track
"Shadow Of The Apache","Huevos Rancheros","Get Outta Dodge",00:02:43,track
"Mission Impossible","Laika & The Cosmonauts","Instruments of Terror",00:02:08,track
Bailemos,"Los Protones","EP 2016",00:02:31,track
"Django ",TarantinosNYC,"Surfin' The Silver Screen",00:02:45,track
"Mozart-Rondo Alla Turca","The Baronics","Get Bach!",00:04:01,track
"Silver Bullet","The Crossfires","Out of Control",00:02:21,track
More,"The Charades",Unknown,00:02:15,track
"Since I Don't Have You","The Deoras","American Graffiti revisited.wat",00:02:44,track
"Unnatural Selection","The Isotopes",Unknown,00:04:17,track
"Love Hurts","The Knights","Tiempos Malos",00:05:16,track
"One Cream, One Sugar","The Protons","The Explanatory Gap",00:03:15,track
"Go the fuck out of here, sad bitch!","The Terminators","Start -",00:01:40,track
"People Say Nothing","The Tea Ship","Surface EP",00:02:22,track
"Surfer's Lullaby","The Titans","Surfer's Mood Vol. IV",00:02:05,track
"I Follow The Sun","The Treble Spankers",Hasheeda,00:02:43,track
"The Bond Variations","The Weisstronauts",Unknown,00:03:18,track
"Black Hole Sun","Haley Reinhart",Superunknown,00:04:51,track
"Black Hole Sun","Paul Anka",Unknown,00:04:24,track
"Everybody Hurts","Paul Anka",Unknown,00:04:09,track
"It's My Life","Paul Anka",Unknown,00:03:59,track
"Tears in Heaven","Paul Anka",Unknown,00:04:58,track
"I Kissed A Girl","Postmodern Jukebox ",Unknown,00:02:51,track
"Time After Time","Postmodern Jukebox ",Unknown,00:04:09,track
"Somebody That I Used To Know","Postmodern Jukebox ",Unknown,00:03:29,track
"Walk Like An Egyptian","Puppini Sisters",Unknown,00:02:42,track
"Rock the Casbah","Richard Cheese","Combat Rock",00:01:20,track
"Friday I'm in Love","The Billy Rubin Trio",Unknown,00:02:12,track
"Back To Black","The Cooltrane Quartet",Unknown,00:05:19,track
"I Will Survive","The Puppini Sisters",Unknown,00:03:59,track
"(You're The) Devil In Disguise",Spellbound,"God Save The King - A Psychobilly Tribute To Elvis",00:02:56,track
Chagrin,"Emanuela Hutter","A Girl Like You",00:02:56,track
"A Girl Like You","Emanuela Hutter","A Girl Like You",00:03:09,track
"Cold World","Emanuela Hutter","A Girl Like You",00:03:23,track
"Little Pray","Emanuela Hutter","A Girl Like You",00:02:56,track
"Should Have Been a Love Song","Emanuela Hutter","A Girl Like You",00:03:15,track
"What I See Has Changed","Emanuela Hutter","A Girl Like You",00:03:19,track
"I Asked For Water (She Gave Me Gasoline)","Howlin' Wolf","Blues From Hell (Disc 1)",00:02:52,track
"I Didn't Know","Howlin' Wolf","Blues From Hell (Disc 1)",00:02:26,track
"No Place To Go","Howlin' Wolf","Blues From Hell (Disc 1)",00:02:53,track
Gardenia,"Iggy Pop","Post Pop Depression",00:04:14,track
Sunday,"Iggy Pop","Post Pop Depression",00:06:06,track
"Les Feuilles Mortes","Iggy Pop",Préliminaires,00:03:55,track
"Spanish Coast","Iggy Pop",Préliminaires,00:03:58,track
"Hazy Days","Mick Ronson","Main Man CD2",00:04:27,track
"I'd Rather Be Me","Mick Ronson","Play Don't Worry",00:04:52,track
"Life On Mars","Mick Ronson","Main Man CD2",00:04:15,track
"All The Young Dudes","Mick Ronson","Heaven And Hull",00:03:48,track
"Life's A River","Mick Ronson","Heaven And Hull",00:05:20,track
"Like A Rolling Stone","Mick Ronson","Heaven And Hull",00:04:20,track
"When The World Falls Down","Mick Ronson","Heaven And Hull",00:04:22,track
"You And Me","Mick Ronson","Heaven And Hull",00:03:09,track
"Stone Love (Soul Love)","Mick Ronson","Main Man CD1",00:03:28,track
"40 inch love","The Hillbilly Kings",Unknown,00:03:41,track
"Rock me baby","The Hillbilly Kings",Unknown,00:02:18,track
Spain,"Hillbilly Kings",Unknown,00:03:30,track
"Light at your window","The Hillbilly Kings",Unknown,00:06:11,track
"Tell Me","Mr. Hypno & His Lo-Fi",Unknown,00:02:08,track
Enchanted,Straytones,Unknown,00:04:30,track
"Mean Daddy","Hot Midnight Combo",Unknown,00:02:44,track
"Nobody But You","Hot Midnight Combo",Unknown,00:02:36,track
"Billy Jean","Miss Kiddy and the Cads",Unknown,00:03:22,track
"Let`s Dance","Miss Kiddy and the Cads",Unknown,00:03:23,track
"I Was Born to Love You","Sing Swing",Unknown,00:05:22,track
"With Or Without You","Szafran Swingin' Orchestra",Unknown,00:04:02,track
"The Godfather","The Speakeasies Swing Band",Unknown,00:04:37,track
"When I Get Low, I Get High","The Speakeasy Three",Unknown,00:03:21,track
"General Lee","Johnny Cash",Unknown,00:02:52,track
"I Will Wait For You","Matt Monro",Unknown,00:02:47,track
"Yesterday When I Was Young","Matt Monro",Unknown,00:03:20,track
"Rhythm Land","Banditoz Band","Youve Got A Key from a Secret Door",00:03:30,track
"Wake up, Sinners!","Banditoz Band","Youve Got A Key from a Secret Door",00:02:50,track
"Брудні думки","Banditoz Band","Youve Got A Key from a Secret Door",00:02:10,track
"Если б твоя мама увидела тебя","Banditoz Band","Youve Got A Key from a Secret Door",00:02:34,track
Тачки,"Banditoz Band","Youve Got A Key from a Secret Door",00:02:54,track
"About Lucy and her Little Dog","The Mystification","Insidious Man",00:02:22,track
"Cosmorobick's Twist","The Mystification","Insidious Man",00:01:46,track
"Don't Think About Drink","The Mystification","Insidious Man",00:02:51,track
"I Never Promised To Say","The Mystification","Insidious Man",00:02:00,track
"Insidious Man","The Mystification","Insidious Man",00:03:18,track
"Love This","The Mystification","Insidious Man",00:02:03,track
"No peeking in your checking","The Mystification","Insidious Man",00:02:34,track
Meat-Plant,"The Mystification","Insidious Man",00:03:04,track
"Striping Surf","The Mystification","Insidious Man",00:02:42,track
"The Long Hand of the Law","The Mystification","Insidious Man",00:03:34,track
"When Corpses Wake Up","The Mystification","Insidious Man",00:02:44,track
"16 Chicks","Hot Dozzer","12 Dirty Tunes",00:02:33,track
"7 Nights To Rock","Hot Dozzer","12 Dirty Tunes",00:02:50,track
"Carribean Bop","Hot Dozzer","12 Dirty Tunes",00:03:33,track
"Castin' My Spell","Hot Dozzer","12 Dirty Tunes",00:02:42,track
"Cold Coat","Hot Dozzer","12 Dirty Tunes",00:01:42,track
"Gone, Gone, Gone","Hot Dozzer","12 Dirty Tunes",00:02:59,track
"Danchick Stomps","Hot Dozzer","12 Dirty Tunes",00:03:49,track
"Sweet Lovin'","Hot Dozzer","12 Dirty Tunes",00:03:54,track
"Shadow My Baby","Hot Dozzer","12 Dirty Tunes",00:02:31,track
"Slap Slap Wreck",Dillberriezz,Unknown,00:02:41,track
"Gonna Get (Completely Drunk)","Hot Dozzer",Unknown,00:02:39,track
"Mighty Man","Hot Dozzer",Unknown,00:02:38,track
Мрії,"Outer Space",Unknown,00:02:10,track
"Get The Fuck Out of Here - Boogie","Poison Bar",Unknown,00:02:31,track
"Чому мені так зле","Poison Bar",Unknown,00:02:58,track
"My Dreams","Rollin' Coffin",Unknown,00:02:17,track
"Underground World","Rollin' Coffin",Unknown,00:02:57,track
Next,"Tomato Juice","Psycho Country Breack",00:04:02,track
"From Outer Space","Outer Space","EP ""From Outer Space""",00:02:44,track
"Psycho Surf","Outer Space",Unknown,00:02:18,track
"Straight On","Outer Space",Unknown,00:02:32,track
"Галактичний паровоз","Outer Space",Unknown,00:03:00,track
Дзвоник,"Outer Space",Unknown,00:02:57,track
"Кістляві примари","Outer Space",Unknown,00:02:18,track
Машина,"Outer Space",Unknown,00:02:47,track
Ніч,"Outer Space",Unknown,00:02:59,track
Осiнь,"Outer Space",Unknown,00:03:15,track
Попса,"Outer Space",Unknown,00:03:20,track
Світанок,"Outer Space",Unknown,00:03:34,track
Страхи,"Outer Space",Unknown,00:02:22,track
"Я мушу йти","Outer Space",Unknown,00:03:08,track
"Щастя в руці","Outer Space",Unknown,00:02:28,track
"Light Of My Life","Freeky Cleen",Deliverance,00:03:48,track
"My Very Own","Freeky Cleen",Deliverance,00:03:11,track
"Remember Me","Freeky Cleen",Deliverance,00:02:33,track
"Silver Lining","Freeky Cleen",Deliverance,00:02:41,track
"Stay With Me","Freeky Cleen",Deliverance,00:03:05,track
"That Woman","Freeky Cleen",Deliverance,00:02:38,track
"Wrecking Ball","Freeky Cleen",Deliverance,00:02:19,track
"Your Best","Freeky Cleen",Deliverance,00:04:30,track
A.O.T.B.H.,"The Creepshow","Death at My Door",00:03:45,track
"Another Way Out","The Creepshow","Death at My Door",00:03:54,track
"Blood Blood Blood","The Creepshow","Death at My Door",00:03:48,track
"Death at My Door","The Creepshow","Death at My Door",00:02:10,track
"My Soul to Keep","The Creepshow","Death at My Door",00:05:12,track
"One Foot in the Grave","The Creepshow","Death at My Door",00:02:37,track
"Sticks & Stones","The Creepshow","Death at My Door",00:03:18,track
"Tomorrow May Never Come","The Creepshow","Death at My Door",00:03:01,track
"Twin Peaks theme","Robert Parker","The Next Peak vol. I [Twin Peaks tribute]",00:04:48,track
Falling,"The Astronaut Arcade","The Next Peak vol. I [Twin Peaks tribute]",00:05:31,track
"I'm Not Sleeping","Boogie Dance",Unknown,00:04:12,track
"Oh Yeah!","Boogie Dance",Unknown,00:04:43,track
"The Pink Pantera","Boogie Dance",Unknown,00:03:33,track
"Blue Suede Shoes","Carl Perkins","Rockin' Bones: 1950s Punk and Rockabilly",00:02:17,track
"Twist With Me Henry","Damita Jo","Rock And Roll",00:02:29,track
"Insistin' On Twistin","Fats And The Chessmen","Rock And Roll",00:02:29,track
"Twistin' With Linda","Isley Brothers","Rock And Roll",00:02:39,track
"Twistin' Pneumonia","The Genies","Rock And Roll",00:02:13,track
"I Will Wait for You","The Eddie Higgins Trio","Jazz Dictionary I-1",00:05:45,track
Fiesta,"The Pogues","The Very Best Of The Pogues",00:04:12,track
"It's All Right With Me","Champian Fulton Trio","Jazz Dictionary I-2",00:03:50,track
"One Bourbon, One Scotch and One Beer","John Lee Hooker","Chill Out",00:03:23,track
"2000 Miles","The Pretenders","Greatest Hits",00:03:38,track
"Back On The Chain Gang","The Pretenders","Greatest Hits",00:03:50,track
"Boots Of Chinese Plastic","The Pretenders","Break Up the Concrete",00:02:26,track
"Brass In Pocket","The Pretenders","Greatest Hits",00:03:06,track
"Break Up The Concrete","The Pretenders","Break Up the Concrete",00:02:41,track
"Day After Day","The Pretenders","The Best Of",00:04:03,track
"Don't Cut Your Hair","The Pretenders","Break Up the Concrete",00:02:15,track
"Don't Get Me Wrong","The Pretenders","Greatest Hits",00:03:46,track
"Don't Lose Faith In Me","The Pretenders","Break Up the Concrete",00:02:45,track
"Fools Must Die","The Pretenders","The Best Of",00:02:37,track
Human,"The Pretenders","Greatest Hits",00:03:54,track
"Forever Young","The Pretenders","Greatest Hits",00:05:03,track
"Hymn To Her","The Pretenders","Greatest Hits",00:04:57,track
"I Go To Sleep","The Pretenders","Greatest Hits",00:02:56,track
"I Got You Babe","UB40 & Chrissie Hynde","Greatest Hits",00:03:08,track
"I'll Stand By You","The Pretenders","Greatest Hits",00:04:00,track
"Love's A Mystery","The Pretenders","Break Up the Concrete",00:03:02,track
"Message Of Love","The Pretenders","Greatest Hits",00:03:25,track
Kid,"The Pretenders","Greatest Hits",00:03:03,track
"Middle Of The Road","The Pretenders","Greatest Hits",00:04:13,track
"Night In My Veins","The Pretenders","Greatest Hits",00:03:16,track
"My City Was Gone","The Pretenders","The Best Of",00:04:27,track
Popstar,"The Pretenders","Greatest Hits",00:03:40,track
"One Thing Never Changed","The Pretenders","Break Up the Concrete",00:03:45,track
Precious,"The Pretenders","The Best Of",00:03:38,track
"Stop Your Sobbing","The Pretenders","Greatest Hits",00:02:38,track
Rosalee,"The Pretenders","Break Up the Concrete",00:04:15,track
"Talk Of The Town","The Pretenders","Greatest Hits",00:03:13,track
"Tattooed Love Boys","The Pretenders","The Best Of",00:03:01,track
"The Last Ride","The Pretenders","Break Up the Concrete",00:03:41,track
"The Nothing Maker","The Pretenders","Break Up the Concrete",00:03:58,track
Thumbelina,"The Pretenders","The Best Of",00:03:19,track
"Up the Neck","The Pretenders","The Best Of",00:04:22,track
"You Didn't Have To","The Pretenders","Break Up the Concrete",00:03:10,track
"Burning Down the House","Talking Heads","The Best of Talking Heads (Remastered)",00:04:02,track
Heaven,"Talking Heads","The Best of Talking Heads (Remastered)",00:04:01,track
"Life During Wartime","Talking Heads","The Best of Talking Heads (Remastered)",00:03:42,track
"Once In a Lifetime","Talking Heads","The Best of Talking Heads (Remastered)",00:04:19,track
"Psycho Killer","Talking Heads","The Best of Talking Heads (Remastered)",00:04:19,track
"Road to Nowhere","Talking Heads","The Best of Talking Heads (Remastered)",00:04:19,track
"Take Me to the River","Talking Heads","The Best of Talking Heads (Remastered)",00:05:00,track
"This Must Be the Place (Naive Melody)","Talking Heads","The Best of Talking Heads (Remastered)",00:04:56,track
"Wild Wild Life","Talking Heads","The Best of Talking Heads (Remastered)",00:03:39,track
"Army Dreamers","Kate Bush","Never For Ever (CDP 7 46360 2)",00:02:59,track
"All We Ever Look For","Kate Bush","Never For Ever (CDP 7 46360 2)",00:03:49,track
Babooshka,"Kate Bush","Never For Ever (CDP 7 46360 2)",00:03:20,track
"Blow Away (For Bill)","Kate Bush","Never For Ever (CDP 7 46360 2)",00:03:35,track
Breathing,"Kate Bush","Never For Ever (CDP 7 46360 2)",00:05:30,track
"Delius (Song Of Summer)","Kate Bush","Never For Ever (CDP 7 46360 2)",00:02:51,track
Egypt,"Kate Bush","Never For Ever (CDP 7 46360 2)",00:04:12,track
"The Infant Kiss","Kate Bush","Never For Ever (CDP 7 46360 2)",00:02:50,track
"The Wedding List","Kate Bush","Never For Ever (CDP 7 46360 2)",00:04:16,track
Violin,"Kate Bush","Never For Ever (CDP 7 46360 2)",00:03:16,track
"Bad Moon Rising","Creedence Clearwater Revival","Bad Moon Rising: The Collection",00:02:21,track
"Born On the Bayou","Creedence Clearwater Revival","Bad Moon Rising: The Collection",00:05:15,track
"Born to Move","Creedence Clearwater Revival","Bad Moon Rising: The Collection",00:05:41,track
Chameleon,"Creedence Clearwater Revival","Bad Moon Rising: The Collection",00:03:20,track
"Cotton Fields","Creedence Clearwater Revival","Bad Moon Rising: The Collection",00:02:57,track
"Fortunate Son","Creedence Clearwater Revival","Bad Moon Rising: The Collection",00:02:26,track
"Green River","Creedence Clearwater Revival","Bad Moon Rising: The Collection",00:02:35,track
"It's Just a Thought","Creedence Clearwater Revival","Bad Moon Rising: The Collection",00:03:57,track
"Proud Mary","Creedence Clearwater Revival","Bad Moon Rising: The Collection",00:03:05,track
"Someday Never Comes","Creedence Clearwater Revival","Bad Moon Rising: The Collection",00:04:02,track
"I'll Keep It With Mine",Nico,"Chelsea Girl (UK RE)",00:03:21,track
"Somewhere There's A Feather",Nico,"Chelsea Girl (UK RE)",00:02:20,track
"The Fairest Of The Seasons",Nico,"Chelsea Girl (UK RE)",00:04:09,track
"A Sheltered Life","Lou Reed","1976 - Rock 'N' Roll Heart",00:02:20,track
"Banging On My Drum","Lou Reed","1976 - Rock 'N' Roll Heart",00:02:11,track
"City Lights","Lou Reed","1979 - The Bells",00:03:22,track
"Follow The Leader","Lou Reed","1976 - Rock 'N' Roll Heart",00:02:13,track
"I Believe In Love","Lou Reed","1976 - Rock 'N' Roll Heart",00:02:46,track
"Ladies Pay","Lou Reed","1976 - Rock 'N' Roll Heart",00:04:22,track
"Lady Day","Lou Reed",Unknown,00:03:59,track
"Rock And Roll Heart","Lou Reed","1976 - Rock 'N' Roll Heart",00:03:06,track
Wait,"Lou Reed","1978 - Street Hassle",00:03:13,track
"You Wear It So Well","Lou Reed","1976 - Rock 'N' Roll Heart",00:04:52,track
Fever,"Devil Doll","The Return of Eve",00:03:52,track
"Hunting for Sugar","JD McPherson","Undivided Heart and Soul",00:04:15,track
Sorrow,"Martin on the Wire",Unknown,00:03:32,track
"Life On Mars","Puddles Pity Party",Unknown,00:04:23,track
"Under Pressure / Let It Go Smoosh-Up","Puddles Pity Party",Unknown,00:04:48,track
Summertime,"The Go Getters","Electronically Tested",00:03:08,track
"On My Grave","The Hypnotunez","New Origins (LP)",00:04:02,track
"Sin Sin Sin","The Hypnotunez","New Origins (LP)",00:02:44,track
"Sullen Mood","The Hypnotunez","New Origins (LP)",00:03:24,track
"Bang Bang","Union Avenue",Unknown,00:02:29,track
"Nobody Knows You When You're Down And Out","King Curtis",Unknown,00:03:22,track
"Love Is Blue (L'amour est bleu)","Ralph Dollimore And His Orchestra",Unknown,00:02:51,track
"Don't Blame Them","Cat Stevens","The Laughing Apple",00:03:38,track
"I'm So Sleepy","Cat Stevens","The Laughing Apple",00:02:22,track
Dirty,"Smokin A",Smokin,00:03:12,track
Down,"Smokin A",Smokin,00:03:33,track
"Let It Inside","Smokin A",Smokin,00:03:12,track
Smokin,"Smokin A",Smokin,00:03:34,track
"Take It Easy","Smokin A",Smokin,00:03:45,track
Wishmaster,"Smokin A",Smokin,00:02:43,track
"Tell Me","Smokin A",Smokin,00:04:13,track
"Work Of Art","Smokin A",Smokin,00:05:17,track
"Flyn' Hotdogs","Godless Wicked Creeps","Victim of Science",00:02:13,track
"Graveyard Blues","Godless Wicked Creeps","Victim of Science",00:02:47,track
"Sunday Nights","Godless Wicked Creeps","Victim of Science",00:03:44,track
"Boy Scout","Godless Wicked Creeps",Hellcoholic,00:04:00,track
"Instrumental Disease","Godless Wicked Creeps",Hellcoholic,00:04:48,track
Masturbation,"Godless Wicked Creeps",Hellcoholic,00:04:42,track
"We Are Rockers","Godless Wicked Creeps",Hellcoholic,00:03:19,track
"The Other Side","Godless Wicked Creeps",Hystereo,00:03:12,track
"My Liquor","Godless Wicked Creeps",Smile,00:04:59,track
"A Gentle Awakening","JD McPherson","Signs & Signifiers",00:03:26,track
Jubilee,"JD McPherson","Undivided Heart and Soul",00:04:40,track
"Under the Spell of City Lights","JD McPherson","Undivided Heart and Soul",00:03:26,track
"Goodnight Ladies","Lou Reed",Transformer,00:04:21,track
"Andy's Chest","Lou Reed",Transformer,00:03:20,track
"I'm So Free","Lou Reed",Transformer,00:03:10,track
"Hangin' Round","Lou Reed",Transformer,00:03:35,track
"New York Telephone Conversation","Lou Reed",Transformer,00:01:25,track
"Make Up","Lou Reed",Transformer,00:03:02,track
"Satellite of Love","Lou Reed",Transformer,00:03:45,track
"Perfect Day","Lou Reed",Transformer,00:03:47,track
"Baby Face","Lou Reed","Sally Can't Dance",00:05:02,track
Ennui,"Lou Reed","Sally Can't Dance",00:03:40,track
"Ride Sally Ride","Lou Reed","Sally Can't Dance",00:04:06,track
"Charley's Girl","Lou Reed","Coney Island Baby",00:02:37,track
"Crazy Feeling","Lou Reed","Coney Island Baby",00:02:56,track
"Coney Island Baby","Lou Reed","Coney Island Baby",00:06:37,track
Gift,"Lou Reed","Coney Island Baby",00:03:48,track
"She's My Best Friend","Lou Reed","Coney Island Baby",00:06:00,track
"With You","Lou Reed","The Bells",00:02:25,track
"Growing up in Public","Lou Reed","Growing Up in Public",00:03:03,track
"How Do You Speak to an Angel?","Lou Reed","Growing Up in Public",00:04:07,track
"Love Is Here to Stay","Lou Reed","Growing Up in Public",00:03:11,track
Smiles,"Lou Reed","Growing Up in Public",00:02:44,track
"Teach the Gifted Children","Lou Reed","Growing Up in Public",00:03:21,track
"Standing on Ceremony","Lou Reed","Growing Up in Public",00:03:32,track
"Think It Over","Lou Reed","Growing Up in Public",00:03:27,track
"Day John Kennedy Died","Lou Reed","The Blue Mask",00:04:08,track
"Heavenly Arms","Lou Reed","The Blue Mask",00:04:48,track
Heroine,"Lou Reed","The Blue Mask",00:03:05,track
"My House","Lou Reed","The Blue Mask",00:05:28,track
"Doin' The Things That We Want To","Lou Reed","New Sensations",00:03:55,track
"Fly Into The Sun","Lou Reed","New Sensations",00:03:05,track
"My Friend George","Lou Reed","New Sensations",00:03:52,track
"Turn To Me","Lou Reed","New Sensations",00:04:22,track
"What Becomes A Legend Most","Lou Reed","New Sensations",00:03:39,track
"Don't Hurt A Woman","Lou Reed",Mistrial,00:04:00,track
Outside,"Lou Reed",Mistrial,00:03:03,track
"Tell It To Your Heart","Lou Reed",Mistrial,00:05:13,track
"Bottoming Out","Lou Reed","Legendary Hearts",00:03:44,track
"Legendary Hearts","Lou Reed","Legendary Hearts",00:03:30,track
"Rooftop Garden","Lou Reed","Legendary Hearts",00:03:05,track
"Beginning of a Great Adventure","Lou Reed","New York",00:04:57,track
"Endless Cycle","Lou Reed","New York",00:04:03,track
"Good Evening Mr. Waldheim","Lou Reed","New York",00:04:37,track
"Halloween Parade [(Aids)]","Lou Reed","New York",00:03:33,track
"Last Great American Whale","Lou Reed","New York",00:03:42,track
"Romeo Had Juliette","Lou Reed","New York",00:03:10,track
"Sick of You","Lou Reed","New York",00:03:26,track
"There Is No Time","Lou Reed","New York",00:03:47,track
Strawman,"Lou Reed","New York",00:05:54,track
Berlin,"Lou Reed","Lou Reed",00:05:17,track
"Going Down","Lou Reed","Lou Reed",00:02:58,track
"I Love You","Lou Reed","Lou Reed",00:02:19,track
"Lisa Says","Lou Reed","Lou Reed",00:05:36,track
"Ride into the Sun","Lou Reed","Lou Reed",00:03:17,track
"Wild Child","Lou Reed","Lou Reed",00:04:37,track
"All Tomorrow's Parties","Nico and The Velvet Underground","Velvet Underground & Nico",00:06:01,track
"Femme Fatale","Nico and The Velvet Underground","Velvet Underground & Nico [Deluxe Edition] Disc 2",00:02:39,track
"I'm Waiting for the Man [Mono Version]","Nico and The Velvet Underground","Velvet Underground & Nico [Deluxe Edition] Disc 2",00:04:47,track
"Sunday Morning","Nico and The Velvet Underground","Velvet Underground & Nico [Deluxe Edition] Disc 2",00:02:57,track
"The black angel's death song","Nico and The Velvet Underground","Velvet Underground & Nico [Deluxe Edition] Disc 2",00:03:14,track
"There she goes again","Nico and The Velvet Underground","Velvet Underground & Nico [Deluxe Edition] Disc 2",00:02:43,track
"God Only Knows","MonaLisa Twins",Unknown,00:02:57,track
"Girl You'll Be A Woman Soon","Neil Diamond","Just for You",00:03:16,track
"God only Knows","Neil Diamond",Unknown,00:04:05,track
"God Only Knows","Olivia Newton-John","Grease: The Original Soundtrack from the Motion Picture",00:02:44,track
Джонни,ZWYNTAR,Unknown,00:03:51,track
Гріх,ZWYNTAR,Unknown,00:05:36,track
"Танцюй і Пий",ZWYNTAR,Unknown,00:04:38,track
"Ти Не Бог",ZWYNTAR,Unknown,00:04:11,track
"Чёрное Дерево",ZWYNTAR,Unknown,00:03:03,track
"The Fairest Of Them All","Dick Dale & The Del-Tones","Wild Hot Rod Wails",00:02:08,track
"Magic Star","Kenny Hollywood","Seafood, Vol. 2",00:02:26,track
"Huskie Team","The Saints","Seafood, Vol. 2",00:01:59,track
"I'm Playing My Blues","Jiving Bo",Unknown,00:05:10,track
"Preachin' Blues","Larkin Poe",Unknown,00:03:20,track
"I've Found You","New Day Blues Band",Unknown,00:04:47,track
"The Sound Of Silence","Puddles Pity Party",Unknown,00:03:47,track
"Have A Cigar","Pink Floyd","Wish You Were Here",00:05:24,track
"Welcome To The Machine","Pink Floyd","Wish You Were Here",00:07:29,track
"Wish You Were Here","Pink Floyd","Wish You Were Here",00:05:17,track
"Another Brick In The Wall (Part I)","Pink Floyd","The Wall (disc 1)",00:03:10,track
"Another Brick In The Wall (Part II)","Pink Floyd","The Wall (disc 1)",00:03:59,track
"Another Brick In The Wall (Part III)","Pink Floyd","The Wall (disc 1)",00:01:15,track
"Empty Spaces","Pink Floyd","The Wall (disc 1)",00:02:09,track
"In The Flesh","Pink Floyd","The Wall (disc 2)",00:04:16,track
Mother,"Pink Floyd","The Wall (disc 1)",00:05:35,track
"The Happiest Days Of Our Lives","Pink Floyd","The Wall (disc 1)",00:01:50,track
"Young Lust","Pink Floyd","The Wall (disc 1)",00:03:31,track
"Bring The Boys Back Home","Pink Floyd","The Wall (disc 2)",00:01:27,track
"Comfortably Numb","Pink Floyd","The Wall (disc 2)",00:06:25,track
"Is There Anybody Out There?","Pink Floyd","The Wall (disc 2)",00:02:40,track
"Nobody Home","Pink Floyd","The Wall (disc 2)",00:03:24,track
Vera,"Pink Floyd","The Wall (disc 2)",00:01:33,track
Money,"Pink Floyd","The Dark Side Of The Moon",00:06:32,track
"The Great Gig In The Sky","Pink Floyd","The Dark Side Of The Moon",00:04:44,track
"It Don't Mean a Thing","Daisy Sisters",Unknown,00:02:16,track
Perhaps,"Daisy sisters",Unknown,00:02:36,track
"Zür sün dїhhёl","SЮR BAND","Zür sün dїhhёl (single)",00:03:22,track
"Не хворій","SЮR Band",DEMO,00:02:58,track
"What A Wonderful World","Dan Zanes feat Lou Reed",Unknown,00:03:34,track
"Take The Money And Run","Crosby and Nash",Unknown,00:03:19,track
"When the Grass Grows Over Me","Jerry Lee Lewis",Unknown,00:02:41,track
"Who Will The Next Fool Be","Jerry Lee Lewis",Unknown,00:05:47,track
"Diamonds and Rust","Joan Baez","Greatest Hits (K2HD)",00:04:47,track
"Jealous Guy","Lou Reed",Unknown,00:04:04,track
"Caroline Says II","Lou Reed",Unknown,00:04:11,track
"Who Am I (Tripitena's Song)","Lou Reed",Unknown,00:04:29,track
"Hello It's Me","Lou Reed and John Cale",Unknown,00:03:01,track
"The Bed","Lou Reed",Unknown,00:05:51,track
"Venus Loon","T. Rex","Zinc Alloy and the Hidden Riders of Tomorrow – A Creamed Cage in August",00:03:01,track
"Look What They've Done To My Song","Ray Charles & The Count Basie Orchestra",Unknown,00:02:48,track
"Look What They've Done To My Song","The New Seekers",Unknown,00:03:17,track
Unsatisfied,"The Replacements",Unknown,00:03:58,track
"Bad Girl (Part 1)","Lee Moses","Time And Place",00:02:27,track
"Adorable One","Lee Moses","Time And Place",00:03:48,track
"Bad Girl (Part 2)","Lee Moses","Time And Place",00:02:20,track
"California Dreaming","Lee Moses","Time And Place",00:04:24,track
"Diana (From N.Y.C.)","Lee Moses","Time And Place",00:02:22,track
"How Much Longer (Must I Wait?)","Lee Moses","Time And Place",00:02:39,track
"Hey Joe","Lee Moses","Time And Place",00:06:11,track
"I'm Sad About It","Lee Moses","Time And Place",00:02:47,track
"I Can't Take No Chances","Lee Moses","Time And Place",00:02:48,track
"If Loving You Is A Crime (I'll Always Be Guilty)","Lee Moses","Time And Place",00:02:36,track
"My Adorable One","Lee Moses","Time And Place",00:02:55,track
"She's A Bad Girl","Lee Moses","Time And Place",00:02:59,track
"The Dark End Of The Street","Lee Moses","Time And Place",00:03:23,track
"What You Don't Want Me To Be","Lee Moses","Time And Place",00:02:51,track
"Would You Give Up Everything","Lee Moses","Time And Place",00:03:24,track
"You´re On My Mind","The Animals",Animalization,00:02:55,track
"No Rest For The Wicked","The Meteors","The Power Of 3",00:03:46,track
"The Curse Of The Hunger For Crawling Things","The Meteors","The Power Of 3",00:04:25,track
"Hogs & Cuties","The Meteors","The Best Of The Meteors",00:02:57,track
Rawhide,"The Meteors","Anagram Singles Collection",00:02:26,track
"Surfin' On The Planet Zorch","The Meteors","Anagram Singles Collection",00:03:45,track
"When A Stranger Calls","The Meteors","Kings of Psychobilly CD1",00:02:55,track
"Who Do You Love","The Meteors","The Best Of The Meteors",00:03:50,track
"Somebody Put Something In My Drink","The Meteors","Anagram Singles Collection",00:02:34,track
"Love You to Death","The Meteors","Kings of Psychobilly CD1",00:04:59,track
"Power Of Steel","The Meteors","Kings of Psychobilly CD1",00:05:00,track
"The Crazed","The Meteors","Kings of Psychobilly CD1",00:02:33,track
"Don't Throw","The Backwood Boys",Unknown,00:03:13,track
"Cinderella (Throw That Brick Again)","Donna Dunne & The Mystery Men",Voodoo,00:03:36,track
"Angel Of Music","Donna Dunne & The Mystery Men",Voodoo,00:03:21,track
"Mystery Man","Donna Dunne & The Mystery Men",Voodoo,00:03:00,track
"Restless Nights","Donna Dunne & The Mystery Men",Voodoo,00:03:57,track
"Runaway With Me","Donna Dunne & The Mystery Men",Voodoo,00:02:42,track
Shame,"Donna Dunne & The Mystery Men",Voodoo,00:02:14,track
Voodoo,"Donna Dunne & The Mystery Men",Voodoo,00:02:57,track
"Spirits Free","Donna Dunne & The Mystery Men",Voodoo,00:02:36,track
"Get Out","The Jack O' Bones","Wreck Ya To Death",00:02:47,track
"Hard Times","The Jack O' Bones","Wreck Ya To Death",00:03:39,track
"Who Knew","The Jack O' Bones","Wreck Ya To Death",00:04:54,track
"Midnight Air","Stage Frite","Scarier Than Swans",00:03:14,track
"Witching Hour Stomp","Stage Frite","Scarier Than Swans",00:03:33,track
"Back To You","Raygun Cowboys","The Cowboy Code",00:03:18,track
"Don't Want You Anymore","Raygun Cowboys","The Cowboy Code",00:03:09,track
"It's Coming Down","Raygun Cowboys","The Cowboy Code",00:02:49,track
"Let The Road Decide","Raygun Cowboys","The Cowboy Code",00:02:45,track
"No Peace","Raygun Cowboys","The Cowboy Code",00:02:33,track
"One More Time","Raygun Cowboys","The Cowboy Code",00:03:05,track
"Painful Reminder","Raygun Cowboys","The Cowboy Code",00:04:06,track
"Skitzo Frame Of Mind","Raygun Cowboys","The Cowboy Code",00:03:21,track
"She Came From Kainai","Raygun Cowboys","The Cowboy Code",00:03:42,track
"Storms A Brewin","Raygun Cowboys","The Cowboy Code",00:03:11,track
Penetration,"The Cruncher",Unknown,00:02:12,track
"16 Days","Devil Doll","Queen of Pain",00:02:10,track
"Driven to Distraction","Devil Doll","Queen of Pain",00:03:18,track
"Bourbon in Your Eyes","Devil Doll",Unknown,00:04:52,track
"Heart Sized Crush","Devil Doll","Queen of Pain",00:03:14,track
"If I Died In Your Arms","Devil Doll","Queen of Pain",00:07:28,track
"Liquor Store","Devil Doll","Queen of Pain",00:03:19,track
"St. Christopher","Devil Doll","Queen of Pain",00:02:53,track
"Walk With Me","Devil Doll","Queen of Pain",00:04:20,track
Why,"Devil Doll","Queen of Pain",00:03:29,track
"You Are the Best Thing and the Worst Thing","Devil Doll","Queen of Pain",00:03:38,track
Doreen,"Devil Doll","The Return of Eve",00:03:35,track
"Gypsy Bitch","Devil Doll","The Return of Eve",00:04:40,track
"Heads or Tails","Devil Doll","The Return of Eve",00:05:41,track
"Lord's Prayer","Devil Doll","The Return of Eve",00:03:47,track
"Sweet Lorraine","Devil Doll","The Return of Eve",00:04:11,track
Tortured,"Devil Doll","The Return of Eve",00:04:10,track
"Can’t buy me love","Karl-Heinz Kastel","Gitarre in Gold",00:05:11,track
"On the street where you live","Karl-Heinz Kastel","Gitarre in Gold",00:04:40,track
Ramona,"Karl-Heinz Kastel","Gitarre in Gold",00:04:33,track
"Vaya con dios","Karl-Heinz Kastel","Gitarre in Gold",00:04:01,track
"Somewhere My Love - Schiwago Melodie","Karl-Heinz Kastel","Hit Guitar",00:03:44,track
Plucky,"Karl-Heinz Kastel","Hit Guitar",00:03:54,track
"The Letter","Karl-Heinz Kastel","Hit Guitar",00:03:41,track
"Hello Good Bye","Karl-Heinz Kastel","Hit Guitar",00:04:09,track
"San Francisco","Karl-Heinz Kastel","Hit Guitar",00:03:42,track
Letkiss,"Karl-Heinz Kastel","Hit Guitar",00:04:46,track
"Forged in Rhythm","Keenan McKenzie",Unknown,00:02:52,track
"If I Wrote a Song for You","Keenan McKenzie",Unknown,00:03:37,track
"When I'm Here Alone","Keenan McKenzie",Unknown,00:04:03,track
"As Long As I'm With You","Chilli & The Baracudas","Female Casanova",00:03:51,track
"Female Casanova","Chilli & The Baracudas","Female Casanova",00:03:03,track
"Folsom Prison Blues","Chilli & The Baracudas","Female Casanova",00:03:00,track
"Midnite Blues","Chilli & The Baracudas","Female Casanova",00:04:08,track
"Remember Me","Chilli & The Baracudas","Female Casanova",00:02:57,track
Dreamin’,"The Neurotix",Unknown,00:02:11,track
"Different Lives","The Neurotix",Unknown,00:03:00,track
"Nervous Beat","The Neurotix",Unknown,00:03:06,track
Rays,"The Neurotix",Unknown,00:03:14,track
"The Plague","The Neurotix",Unknown,00:03:03,track
"The Hatching","The Neurotix",Unknown,00:03:26,track
"Genocide Blues","The Obscuritones","The Obscuritones",00:02:38,track
"Molly Broom","The Obscuritones","The Obscuritones",00:03:40,track
Juarista,"The Obscuritones","London, London Town",00:02:58,track
"Stop Playing With My Heart","The Obscuritones","London, London Town",00:02:54,track
"Say You Love Me","The Obscuritones","London, London Town",00:03:03,track
Monsters,"Mad Marge And The Stonecutters","Mad Marge And The Stonecutters",00:03:23,track
Issues,"Mad Marge And The Stonecutters",Liberated!,00:03:09,track
"Walk Away","Mad Marge And The Stonecutters",Liberated!,00:04:23,track
"Blue Moon of Kentucky","Zombie Ghost Train","Monster Formal Wear",00:03:31,track
"In the Shadows","Zombie Ghost Train","Monster Formal Wear",00:04:06,track
"On the Line","Zombie Ghost Train","Monster Formal Wear",00:04:37,track
"Black White and Dead","Zombie Ghost Train","Glad Rags & Body Bags",00:02:52,track
"Dark Times","Zombie Ghost Train","Glad Rags & Body Bags",00:03:09,track
"Girl U Want","Zombie Ghost Train","Glad Rags & Body Bags",00:02:42,track
Gone,"Zombie Ghost Train","Glad Rags & Body Bags",00:03:12,track
"Night Time Crawling","Zombie Ghost Train","Glad Rags & Body Bags",00:03:27,track
"Bats in the Belfry","Zombie Ghost Train","Dealing The Death Card",00:02:30,track
"Dead End Crew","Zombie Ghost Train","Dealing The Death Card",00:02:59,track
"Long Dark Night","Zombie Ghost Train","Dealing The Death Card",00:03:16,track
"Monster Rock n' Roll","Zombie Ghost Train","Dealing The Death Card",00:02:52,track
"Step into my Coffin","Zombie Ghost Train","Dealing The Death Card",00:02:43,track
"Mystery Woman","Zombie Ghost Train","Dealing The Death Card",00:03:00,track
"Teddy Boy Boogie","Zombie Ghost Train","Dealing The Death Card",00:03:03,track
"The Undead Sea","Zombie Ghost Train","Dealing The Death Card",00:02:12,track
"To the River","Zombie Ghost Train","Dealing The Death Card",00:03:03,track
Trouble,"Zombie Ghost Train","Dealing The Death Card",00:04:08,track
"Тілько Ти","Віка Врадій",Unknown,00:03:54,track
"Bumble Bee","Rhythm Sophie","Born To Live The Blues",00:02:26,track
"Don't Be Gone Long","Rhythm Sophie","Born To Live The Blues",00:01:56,track
"He's My Baby","Rhythm Sophie","Born To Live The Blues",00:01:59,track
"5-10-15 Hours","Rhythm Sophie","Born To Live The Blues",00:03:00,track
"I'm Gonna Tell My Daddy","Rhythm Sophie","Born To Live The Blues",00:01:59,track
"I'm Mad At You","Rhythm Sophie","Born To Live The Blues",00:02:13,track
"I'm On My Way","Rhythm Sophie","Born To Live The Blues",00:03:09,track
"Jim Dandy","Rhythm Sophie","Born To Live The Blues",00:02:12,track
"She'll Be Gone","Rhythm Sophie","Born To Live The Blues",00:02:24,track
"Sweet Willie","Rhythm Sophie","Born To Live The Blues",00:02:10,track
"That's Why I Cry","Rhythm Sophie","Born To Live The Blues",00:03:16,track
"Til The Well Runs Dry","Rhythm Sophie","Born To Live The Blues",00:01:53,track
"You'd Better","Rhythm Sophie","Born To Live The Blues",00:02:33,track
"You're Driving Me Mad","Rhythm Sophie","Born To Live The Blues",00:02:03,track
"The Downhill Side","Cadillac Hitmen",Unknown,00:04:36,track
"La Vieja Fuente","Los Antideslizantes",Unknown,00:03:12,track
"Burn Me Alive","Heather Newman","Burn Me Alive",00:05:10,track
"Biker Bar","William T. & The Black 50's","Rock'n'Roll... Baby!",00:02:21,track
"I Miss You So Much","William T. & The Black 50's","Rock'n'Roll... Baby!",00:03:53,track
"Never Give Up","William T. & The Black 50's","Rock'n'Roll... Baby!",00:03:21,track
Wendy,"William T. & The Black 50's","Rock'n'Roll... Baby!",00:02:37,track
"Ring Of Fire","The Go Getters","Love & Hate",00:03:29,track
"Baja Nights","The Duo-Tones","Surf Music Unplugged",00:03:20,track
Apache,"The Duo-Tones","Surf Music Unplugged",00:03:19,track
Baja,"The Duo-Tones","Surf Music Unplugged",00:03:18,track
"Beach City Bop","The Duo-Tones","Surf Music Unplugged",00:03:02,track
"California Dreamin'","The Duo-Tones","Surf Music Unplugged",00:02:46,track
"Crystal - T","The Duo-Tones","Surf Music Unplugged",00:03:35,track
"Mr. Moto","The Duo-Tones","Surf Music Unplugged",00:02:07,track
"More Love, More Power","The Duo-Tones","Surf Music Unplugged",00:03:34,track
Outside,"The Duo-Tones","Surf Music Unplugged",00:03:13,track
Pipeline,"The Duo-Tones","Surf Music Unplugged",00:02:59,track
"Song For My Father","The Duo-Tones","Surf Music Unplugged",00:04:16,track
"The Lonely Bull","The Duo-Tones","Surf Music Unplugged",00:03:53,track
"Walk Don't Run","The Duo-Tones","Surf Music Unplugged",00:02:06,track
"Vampires Ball","Mann Drake","The Ultimate 50's And 60's Rockin' Horror Disc",00:02:27,track
"Hang On","Link Wray & His Ray Men","The Swan Singles Collection 1963-1967 vol.1",00:02:25,track
"My Alberta","Link Wray & His Ray Men","The Swan Singles Collection 1963-1967 vol.1",00:02:09,track
"Run Chicken Run","Link Wray & His Ray Men","The Swan Singles Collection 1963-1967 vol.1",00:01:56,track
"Summer Dream","Link Wray & His Ray Men","The Swan Singles Collection 1963-1967 vol.1",00:02:41,track
"The Shadow Knows","Link Wray & His Ray Men","The Swan Singles Collection 1963-1967 vol.1",00:02:21,track
"Week End","Link Wray & His Ray Men","The Swan Singles Collection 1963-1967 vol.1",00:02:10,track
"Batman Theme","Link Wray & His Ray Men","The Swan Singles Collection 1963-1967 vol.2",00:01:58,track
"Girl From The North Country","Link Wray & His Ray Men","The Swan Singles Collection 1963-1967 vol.2",00:03:09,track
"Let The Good Times Roll","Link Wray & His Ray Men","The Swan Singles Collection 1963-1967 vol.2",00:01:55,track
"Please Please Me","Link Wray & His Ray Men","The Swan Singles Collection 1963-1967 vol.2",00:02:26,track
"Soul Train","Link Wray & His Ray Men","The Swan Singles Collection 1963-1967 vol.2",00:02:21,track
"Rumble '65","Link Wray & His Ray Men","The Swan Singles Collection 1963-1967 vol.2",00:02:05,track
"You Hurt Me So","Link Wray & His Ray Men","The Swan Singles Collection 1963-1967 vol.2",00:01:58,track
"The Fuzz","Link Wray & His Ray Men","The Swan Singles Collection 1963-1967 vol.2",00:02:36,track
Switchblade,"Link Wray","Rumble! The Best of Link Wray",00:03:14,track
"Don't Smoke In Bed","Peggy Lee","The Very Best Of",00:03:09,track
"Black Coffee","Peggy Lee","The Very Best Of",00:03:10,track
"I've Got You Under My Skin","Peggy Lee","The Very Best Of",00:02:32,track
"Riders In The Sky","Peggy Lee","The Very Best Of",00:02:43,track
"Why Don't You Do Right","Peggy Lee","The Very Best Of",00:02:28,track
"You Go To My Head","Peggy Lee","The Very Best Of",00:03:17,track
"Buried Alive","Thee Flanders","Monster Party",00:02:47,track
"Flanders Boogie","Thee Flanders","Monster Party",00:01:58,track
"Funnel of Love","Thee Flanders","Monster Party",00:02:37,track
"51st State","Thee Flanders",Graverobbing,00:01:58,track
"Only You","Thee Flanders",Unknown,00:02:35,track
"The Crazed","Thee Flanders",Graverobbing,00:02:27,track
"The Circus","Thee Flanders",Graverobbing,00:05:37,track
"Every Breath You Take","Di Maggio Brothers",Unknown,00:03:31,track
"Never On Sunday","Dick Dale","Surfers’ Choice",00:02:04,track
"Mrs. Robinson","Francis Morello",Unknown,00:02:24,track
"Wild Thing","Julie Wallis",Unknown,00:03:15,track
"Take Five",Lawndale,Unknown,00:03:22,track
"Take Five",Plankton,Unknown,00:04:39,track
"Run For Your Life","Robert Gordon",Letters,00:02:17,track
"I Shot The Sheriff","Screamin' Jay Hawkins",Unknown,00:05:27,track
"Never On Sunday","Southern Tropical Harmony Steel Band",Unknown,00:02:12,track
"Take Five","The Spotnicks",Unknown,00:03:02,track
"Never On Sunday","The Supertones",Unknown,00:02:39,track
"Monday Monday","Wally Richardson",Unknown,00:03:03,track
"Feel like going home","Number Nine","Blue Grooves",00:03:09,track
"I'll Never Find Another You","Number Nine","Blue Grooves",00:02:47,track
"I'll never let you go","Number Nine","Blue Grooves",00:03:10,track
"Love letters","Number Nine","Blue Grooves",00:02:49,track
"Do You Remember","Number Nine","Movin' On",00:02:56,track
"Dirty Dealings","Number Nine","Movin' On",00:04:35,track
"It Ain't Right","Number Nine","Movin' On",00:03:15,track
"It's Easy For You","Number Nine","Movin' On",00:03:19,track
"Midnight Blues","Number Nine","Movin' On",00:02:38,track
"I'm So Lonesome I Could Cry","Number Nine","Sweet Inspiration",00:02:41,track
"Only You","Number Nine","Sweet Inspiration",00:02:45,track
"Viva Las Vegas","Number Nine","Sweet Inspiration",00:02:34,track
"For Your Love","Number Nine","This Train I'm On",00:03:28,track
"Greenback Dollar","Number Nine","This Train I'm On",00:02:20,track
"How Could I Help You But Love You","Number Nine","This Train I'm On",00:02:40,track
"I Threw It All Away","Number Nine","This Train I'm On",00:03:22,track
Jepardy,"Number Nine","This Train I'm On",00:02:25,track
"Like Mumma And Pappa","Number Nine","This Train I'm On",00:02:45,track
"Red Light","Number Nine","This Train I'm On",00:03:00,track
"Sea Of Heartbreak","Number Nine","This Train I'm On",00:03:06,track
"Sleepwalk Blues","Number Nine","This Train I'm On",00:03:25,track
"Sweet And Easy To Love You","Number Nine","This Train I'm On",00:01:57,track
"Ghost Surfers","The Lucky Devils","Black With Flames",00:05:46,track
"My Sweet Love Ain't Around","The Lucky Devils","Black With Flames",00:03:27,track
"Whole Lotta Rosie","The Lucky Devils","Black With Flames",00:04:18,track
"Paint It Black","The Lucky Devils","Time Passes By...",00:02:31,track
"Smell Like Teen Spirit","The Lucky Devils","Time Passes By...",00:03:28,track
"Time Passes By","The Lucky Devils","Time Passes By...",00:03:05,track
"Call Me","The Lucky Devils","To Hell",00:02:13,track
"No Peace Of Mind","The Lucky Devils","To Hell",00:03:12,track
"Runaway Train","The Lucky Devils","To Hell",00:02:54,track
"To Hell","The Lucky Devils","To Hell",00:02:50,track
"Websites Girls","The Lucky Devils","To Hell",00:04:27,track
Runaway,"Los Coronas & Arizona Baby","Dos Bandas Y Un Destino",00:02:55,track
"Too Drunk To Fuck (Wish You Were There)","Los Coronas & Arizona Baby","Dos Bandas Y Un Destino",00:03:43,track
"Wish You Were Here","Los Coronas & Arizona Baby","Dos Bandas Y Un Destino",00:03:49,track
"Agente Triple","Los Coronas","Adiós Sancho",00:02:53,track
"Adiós Sancho","Los Coronas","Adiós Sancho",00:04:04,track
"Largo 32","Los Coronas","Adiós Sancho",00:02:49,track
"Un Buen Día Para Morir","Los Coronas","Adiós Sancho",00:04:18,track
"Break On Trough","Sugarpie And The Candymen","Cotton Candy Club",00:03:03,track
Fire,"Sugarpie And The Candymen","Cotton Candy Club",00:03:09,track
Lithium,"Sugarpie And The Candymen","Cotton Candy Club",00:03:16,track
"Rock'n'Roll All Nite","Sugarpie And The Candymen","Cotton Candy Club",00:03:03,track
Red,"Sugarpie And The Candymen","Cotton Candy Club",00:03:16,track
"The Final Countdown","Sugarpie And The Candymen","Cotton Candy Club",00:04:10,track
Money,"DVA The Band",Unknown,00:02:50,track
"Don't Stop Me Now",Foxes,Unknown,00:03:16,track
"Back to Black","Emma & the Aristodemo's",Unknown,00:03:39,track
"Smells Like Teen Spirit",Jazzosmosis,Unknown,00:03:19,track
"Your Song","Jordan Thomas Trio",Unknown,00:03:08,track
Yesterday,"Manuş-u Âlâ",Unknown,00:01:49,track
"Love Hurts","Pat Boone",Unknown,00:04:53,track
"I Kissed a girl","Pheel Balliana",Unknown,00:03:21,track
"This Must Be The Place (Naive Melody)","Postmodern Jukebox ",Unknown,00:04:03,track
"Blue (Da Ba Dee)","Radio Pachuco",Unknown,00:02:34,track
"Moon River","Sing Song",Unknown,00:04:49,track
"Come Together","Sugarpie And The Candymen",Unknown,00:02:29,track
"Drive My Car","Sugarpie and The Candymen",Unknown,00:02:14,track
"Sunday Morning","Take Five Quintet",Unknown,00:04:35,track
"Somebody That I Used To Know","The Beverly Bombshells",Unknown,00:03:59,track
"Billie Jean","The Hot Shoes",Unknown,00:02:30,track
"Is This Love","The Schwings Band feat. Migloko",Unknown,00:02:48,track
"This Love","Tompsons Band",Unknown,00:02:51,track
"Losing My Religion","Puddles Pity Party",Unknown,00:03:49,track
"Caroline Says II","Mercury Rev","Deserter's Songs",00:03:32,track
"Wicked Game","Puddles Pity Party",Unknown,00:03:27,track
"Be My Unclean","Wylde Ratttz",Unknown,00:07:38,track
"God Only Knows","Glen Campbell",Unknown,00:03:16,track
Beware,"The Wise Guyz",Unknown,00:02:03,track
"Do It Bop","The Wise Guyz",Unknown,00:03:04,track
"Johnny Boy","The Wise Guyz",Unknown,00:02:52,track
Juanita,"The Wise Guyz",Unknown,00:03:09,track
"Nobodies Business","The Wise Guyz",Unknown,00:03:17,track
"Sweet Loving","The Wise Guyz",Unknown,00:03:55,track
"Swing by C","The Wise Guyz",Unknown,00:03:16,track
"Bez kridel","Lenka Filipova",Unknown,00:04:03,track
Carrickfergus,"Lenka Filipova",Unknown,00:02:58,track
Cizi,"Lenka Filipova",Unknown,00:03:39,track
"Castecne zatmeni srdce","Lenka Filipova",Unknown,00:03:09,track
"Dobry Buh to vi","Lenka Filipova",Unknown,00:04:44,track
"Jenom blazni se radujou","Lenka Filipova",Unknown,00:03:35,track
Easy,"Lenka Filipova",Unknown,00:03:16,track
"Malo mam","Lenka Filipova",Unknown,00:03:29,track
Prsi,"Lenka Filipova",Unknown,00:04:01,track
"Pry se tomu rika laska","Lenka Filipova",Unknown,00:03:33,track
"Slunecni vitr","Lenka Filipova",Unknown,00:03:38,track
Strom,"Lenka Filipova",Unknown,00:03:46,track
"V salku caje na Sri lanku","Lenka Filipova",Unknown,00:03:40,track
Zamilovana,"Lenka Filipova",Unknown,00:02:54,track
"Ubangi Stomp","Boppin' B","The Bop Won't Stop",00:03:42,track
"One Paper Kid","Emmylou Harris with Willie Nelson","Songbird: Rare Tracks And Forgotten Gems - CD 1",00:02:58,track
"Man Is An Island","Emmylou Harris","Songbird: Rare Tracks And Forgotten Gems - CD 2",00:04:45,track
"I Remember You","Emmylou Harris with Steve Earle","Songbird: Rare Tracks And Forgotten Gems - CD 3",00:02:52,track
She,"Emmylou Harris and The Pretenders","Songbird: Rare Tracks And Forgotten Gems - CD 3",00:04:49,track
"Softly And Tenderly (With Dolly Parton & Linda Ronstadt)","Emmylou Harris","Songbird: Rare Tracks And Forgotten Gems - CD 3",00:05:29,track
Gone,"Emmylou Harris","Songbird: Rare Tracks And Forgotten Gems - CD 4",00:03:37,track
"The Boxer","Emmylou Harris",Unknown,00:03:22,track
Saturday,Pomplamoose,Unknown,00:03:19,track
"Red Dress","The Brehms",Unknown,00:03:11,track
"Lilac Wine","Judy Henske","High Flying Bird (Disc 1)",00:03:46,track
"Blues Chase Up a Rabbit","Judy Henske","High Flying Bird (Disc 2)",00:02:40,track
"God Bless The Child","Judy Henske","High Flying Bird (Disc 2)",00:03:22,track
"You Are Not My First Love","Judy Henske","High Flying Bird (Disc 2)",00:02:04,track
"Holy Man","Mudslide Charley","Words & Bones",00:05:03,track
"Little Birdie","Mudslide Charley","Words & Bones",00:05:42,track
"The Memory Of You","Zoe Schwarz Blue Commotion, Rob Koral, Pete Whittaker, Paul Robinson","The Blues and I Should Have a Party",00:05:04,track
"Time Waits For No One","Zoe Schwarz Blue Commotion, Rob Koral, Pete Whittaker, Paul Robinson","The Blues and I Should Have a Party",00:04:57,track
"You've Changed","Zoe Schwarz Blue Commotion, Rob Koral, Pete Whittaker, Paul Robinson","The Blues and I Should Have a Party",00:05:31,track
"You Don't Live Here Anymore","Zoe Schwarz Blue Commotion, Rob Koral, Pete Whittaker, Paul Robinson","The Blues and I Should Have a Party",00:05:41,track
"Nothing’s Changed",Mo7s,"Nothing’s Changed",00:04:20,track
"Empty Heart",EightBomb,"High Heeled Devil",00:02:24,track
"Every Kiss",EightBomb,"High Heeled Devil",00:03:35,track
"High Heeled Devil",EightBomb,"High Heeled Devil",00:03:22,track
"A Scar",EightBomb,"High Heeled Devil",00:04:02,track
"Lost The Fire",EightBomb,"High Heeled Devil",00:02:26,track
"Nice Nonetheless",EightBomb,"High Heeled Devil",00:03:46,track
"Blues Won't Leave Me Alone","The Silver Dimes",Electrifying,00:02:32,track
"You Don't Do That No More","The Silver Dimes",Electrifying,00:03:42,track
"A Love So Beautiful","Roy Orbison & The Royal Philharmonic Orchestra","A Love So Beautiful: Roy Orbison & The Royal Philharmonic Orchestra",00:04:12,track
Crying,"Roy Orbison & The Royal Philharmonic Orchestra","A Love So Beautiful: Roy Orbison & The Royal Philharmonic Orchestra",00:03:00,track
"I Drove All Night","Roy Orbison & The Royal Philharmonic Orchestra","A Love So Beautiful: Roy Orbison & The Royal Philharmonic Orchestra",00:04:15,track
"In Dreams","Roy Orbison & The Royal Philharmonic Orchestra","A Love So Beautiful: Roy Orbison & The Royal Philharmonic Orchestra",00:03:47,track
"Love Hurts","Roy Orbison & The Royal Philharmonic Orchestra","A Love So Beautiful: Roy Orbison & The Royal Philharmonic Orchestra",00:02:41,track
"Oh, Pretty Woman","Roy Orbison & The Royal Philharmonic Orchestra","A Love So Beautiful: Roy Orbison & The Royal Philharmonic Orchestra",00:03:09,track
"Only The Lonely (Know The Way I Feel)","Roy Orbison & The Royal Philharmonic Orchestra","A Love So Beautiful: Roy Orbison & The Royal Philharmonic Orchestra",00:02:32,track
"Running Scared","Roy Orbison & The Royal Philharmonic Orchestra","A Love So Beautiful: Roy Orbison & The Royal Philharmonic Orchestra",00:02:49,track
"You Got It","Roy Orbison & The Royal Philharmonic Orchestra","A Love So Beautiful: Roy Orbison & The Royal Philharmonic Orchestra",00:03:36,track
"Best of Friends","Joan Baez","Greatest Hits (K2HD)",00:03:03,track
"Children and All That Jazz","Joan Baez","Greatest Hits (K2HD)",00:03:07,track
"Forever Young","Joan Baez","Greatest Hits (K2HD)",00:03:42,track
"Gracias a la Vida","Joan Baez","Greatest Hits (K2HD)",00:03:36,track
Imagine,"Joan Baez","Greatest Hits (K2HD)",00:03:27,track
Jesse,"Joan Baez","Greatest Hits (K2HD)",00:04:20,track
"Love Song To a Stranger","Joan Baez","Greatest Hits (K2HD)",00:03:53,track
"Never Dreamed You'd Leave In Summer","Joan Baez","Greatest Hits (K2HD)",00:02:46,track
"Night They Drove Old Dixie Down","Joan Baez","Greatest Hits (K2HD)",00:03:40,track
"Please Come To Boston","Joan Baez","Greatest Hits (K2HD)",00:04:13,track
"Simple Twist of Fate","Joan Baez","Greatest Hits (K2HD)",00:04:43,track
"Ain't Misbehavin' (I'm Savin' My Love For You)","Leon Redbone","On The Track",00:04:03,track
"Big Bad Bill (Is Sweet William Now)","Leon Redbone","Champagne Charlie",00:03:18,track
"I Hate A Man Like You","Leon Redbone","Champagne Charlie",00:03:44,track
"Please Don't Talk About Me When I'm Gone","Leon Redbone","Champagne Charlie",00:02:56,track
"Crawling Back","Roy Orbison","The Very Best Of CD1",00:03:12,track
Falling,"Roy Orbison","The Very Best Of CD1",00:02:26,track
Lana,"Roy Orbison","The Very Best Of CD1",00:02:51,track
"In The Ghetto","Elvis Presley","Essential 60's Masters",00:02:47,track
"Hello Mary Lou","Ricky Nelson","Biky's Golden Country Songs (Part 05)",00:02:15,track
"(You're The) Devil In Disguise","Elvis Presley","Simply The Best Of The 60's CD2",00:02:22,track
"Everybody's Talkin'","Harry Nilsson","Simply The Best Of The 60's CD2",00:02:43,track
"The Good, The Bad & The Ugly","Hugo Montenegro","Simply The Best Of The 60's CD3",00:02:44,track
"Somebody To Love","Jefferson Airplane","Simply The Best Of The 60's CD3",00:02:59,track
"Summer In The City","The Lovin' Spoonful","Simply The Best Of The 60's CD3",00:02:39,track
"Lazy Sunday","The Small Faces","Simply The Best Of The 60's CD3",00:03:09,track
"These Boots Are Made For Walking","Nancy Sinatra","Simply The Best Of The 60's CD4",00:02:43,track
"Black trombone","Serge Gainsbourg","The Very Best Of Serge Gainsbourg",00:02:38,track
Judith,"Serge Gainsbourg","The Very Best Of Serge Gainsbourg",00:02:32,track
"La chanson de prévert","Serge Gainsbourg","The Very Best Of Serge Gainsbourg",00:03:01,track
"Le poinçonneur des lilas","Serge Gainsbourg","The Very Best Of Serge Gainsbourg",00:02:17,track
"Le rock de nerval","Serge Gainsbourg","The Very Best Of Serge Gainsbourg",00:01:54,track
"Le sonnet d'arvers","Serge Gainsbourg","The Very Best Of Serge Gainsbourg",00:01:56,track
"Les amours perdues","Serge Gainsbourg","The Very Best Of Serge Gainsbourg",00:02:58,track
"Les femmes c'est du chinois","Serge Gainsbourg","The Very Best Of Serge Gainsbourg",00:02:34,track
"Je Suis Venu Te Dire Que Je M'en Vais","Serge Gainsbourg","Gainsbourg Live",00:03:22,track
"69 Année Érotique","Serge Gainsbourg","Je T'Aime (Beautiful Love)",00:03:19,track
L'Anamour,"Serge Gainsbourg","Je T'Aime (Beautiful Love)",00:02:18,track
"Je T'Aime... Moi Non Plus","Serge Gainsbourg","Je T'Aime (Beautiful Love)",00:04:24,track
"Les Sucettes","Serge Gainsbourg","Je T'Aime (Beautiful Love)",00:02:39,track
Manon,"Serge Gainsbourg","Je T'Aime (Beautiful Love)",00:02:45,track
"Orang Outan","Serge Gainsbourg","Je T'Aime (Beautiful Love)",00:02:29,track
Heartbeat,"The Guana Batz","Back to the Jungle",00:03:03,track
"Martian Princess","The Guana Batz","Back to the Jungle",00:03:37,track
"Tyburn Tree","The Guana Batz","Back to the Jungle",00:02:36,track
"You've Got Everything","The Guana Batz","Back to the Jungle",00:03:54,track
"Anything ","The Animals",Unknown,00:02:51,track
"Orange and Red Beams","The Animals",Unknown,00:03:46,track
"Death Of A Dream","Sue Foley","The Ice Queen",00:04:40,track
"Bad Boys","The Rocket Dogz","Bad Blood",00:02:52,track
"Four Roses","The Rocket Dogz","Bad Blood",00:03:19,track
"It's Not You","The Rocket Dogz","Bad Blood",00:02:27,track
"Killing Time","The Rocket Dogz","Bad Blood",00:03:08,track
"Let's Talk About Sex","The Rocket Dogz","Bad Blood",00:03:21,track
"Not Alright","The Rocket Dogz","Bad Blood",00:04:01,track
"San Francisco (Be Sure To Wear Some Flowers In Your Hair)","Petula Clark","Songs Of My Life (The Essential) (disc 1)",00:03:11,track
"I Will Wait For You","Petula Clark","Songs Of My Life (The Essential) (disc 2)",00:02:28,track
"I Want To Hold Your Hand","Petula Clark","Songs Of My Life (The Essential) (disc 2)",00:03:01,track
Imagine,"Petula Clark","Lost In You",00:03:41,track
"Let It Be Me","Petula Clark","Songs Of My Life (The Essential) (disc 2)",00:02:27,track
"Fool On The Hill","Petula Clark","Songs Of My Life (The Essential) (disc 3)",00:04:20,track
"I (Who Have Nothing)","Petula Clark","Songs Of My Life (The Essential) (disc 3)",00:02:28,track
"Hey Jude","Petula Clark","Songs Of My Life (The Essential) (disc 3)",00:04:19,track
"I Don't Know How To Love Him","Petula Clark","Songs Of My Life (The Essential) (disc 3)",00:04:34,track
"If Ever You're Lonely","Petula Clark","Songs Of My Life (The Essential) (disc 3)",00:03:58,track
"The Windmills Of Your Mind","Petula Clark","Songs Of My Life (The Essential) (disc 3)",00:02:59,track
"When I Get Low, I Get High","Ella Fitzgerald With Chick Webb & His Orchestra","Reefer Blues - Vintage Songs About Marijuana - Vol. 1",00:02:26,track
"Follow Your Arrow","Kacey Musgraves","Same Trailer Different Park",00:03:21,track
"Champagne and Reefer","Muddy Waters",Unknown,00:04:36,track
"Farewell, Farewell","Sandy Denny","No More Sad Refrains - The Anthology",00:02:40,track
Fotheringay,"Sandy Denny","No More Sad Refrains - The Anthology",00:03:07,track
"Here In Silence","Sandy Denny","No More Sad Refrains - The Anthology",00:03:54,track
"Late November","Sandy Denny","No More Sad Refrains - The Anthology",00:04:29,track
"Nothing More","Sandy Denny","No More Sad Refrains - The Anthology",00:04:38,track
"The Ballad Of Easy Rider","Sandy Denny","No More Sad Refrains - The Anthology",00:04:55,track
"It Suites Me Well","Sandy Denny","No More Sad Refrains - The Anthology",00:05:06,track
"I'm A Dreamer","Sandy Denny","No More Sad Refrains - The Anthology",00:04:48,track
"Like An Old Fashioned Waltz","Sandy Denny","No More Sad Refrains - The Anthology",00:04:13,track
"Listen, Listen","Sandy Denny","No More Sad Refrains - The Anthology",00:03:58,track
"No End","Sandy Denny","No More Sad Refrains - The Anthology",00:06:37,track
"No More Sad Refrains","Sandy Denny","No More Sad Refrains - The Anthology",00:02:51,track
"One More Chance","Sandy Denny","No More Sad Refrains - The Anthology",00:03:47,track
Solo,"Sandy Denny","No More Sad Refrains - The Anthology",00:04:25,track
"The Lady","Sandy Denny","No More Sad Refrains - The Anthology",00:04:02,track
"Don’t Fall Apart On Me Tonight","Bettye LaVette","Things Have Changed",00:05:06,track
"It Ain’t Me Babe","Bettye LaVette","Things Have Changed",00:05:30,track
"Ravenous (Family Death House)","P Paul Fenech","The F-Files",00:03:38,track
"Satan Is Her Name","P Paul Fenech","The F-Files",00:02:46,track
"The Return to Guts Crossing","P Paul Fenech","The F-Files",00:03:40,track
"Voodoo Man","P Paul Fenech","The F-Files",00:03:56,track
"What's in the Basket","P Paul Fenech","The F-Files",00:03:15,track
"Who's Laughing Now","P Paul Fenech","The F-Files",00:03:26,track
"But it's all up","Freno de Pedales",FishyCycletrip,00:04:20,track
"The Night Guest","Freno de Pedales",FishyCycletrip,00:02:42,track
"Fisher's Song","Tomato Juice",Unknown,00:03:22,track
"Deep in Your Eyes","Tomato Juice","Psycho Country Breack",00:03:15,track
"Mary Cook","Tomato Juice","Psycho Country Breack",00:02:35,track
"Mosya Molodetz","Tomato Juice","Psycho Country Breack",00:02:13,track
Muerte,"Tomato Juice","Psycho Country Breack",00:04:27,track
"Chronophobian Waltz",PowerSolo,Unknown,00:04:30,track
"I Can Only Give You Everything (1966)",MC5,"Anthology 1965-1971 (CD1)",00:02:59,track
"Kick Out the Jams (Original Uncensored Version 1968)",MC5,"Anthology 1965-1971 (CD1)",00:03:03,track
"I Don't Mind (1965)",MC5,"Anthology 1965-1971 (CD2)",00:03:02,track
"Born To Love One Woman","Mr. Оч & His Root Boys","Dig That Roots!",00:03:06,track
"Bad Moon Risin'","Mr. Оч & His Root Boys","Dig That Roots!",00:02:44,track
"Folsom Prison Blues","Mr. Оч & His Root Boys","Dig That Roots!",00:03:10,track
"Lonesome Train","Mr. Оч & His Root Boys","Dig That Roots!",00:02:32,track
"Ghost Riders In The Sky","Mr. Оч & His Root Boys","Dig That Roots!",00:04:24,track
Matchbox,"Mr. Оч & His Root Boys","Dig That Roots!",00:02:29,track
"Midnight Train","Mr. Оч & His Root Boys","Dig That Roots!",00:03:22,track
Rawhide,"Mr. Оч & His Root Boys","Dig That Roots!",00:02:33,track
"Race With The Devil","Mr. Оч & His Root Boys","Dig That Roots!",00:02:02,track
Rockhouse,"Mr. Оч & His Root Boys","Dig That Roots!",00:02:58,track
"Rockabilly Boogie","Mr. Оч & His Root Boys","Dig That Roots!",00:02:35,track
"Sixteen Tons","Mr. Оч & His Root Boys","Dig That Roots!",00:03:29,track
"Twenty Flight Rock","Mr. Оч & His Root Boys","Dig That Roots!",00:02:50,track
"Wonderful World","Mr. Оч & His Root Boys","Dig That Roots!",00:04:01,track
"Don't talk about my boyfriend",Heatwaves,Unknown,00:02:34,track
"Dear Darling","Lew Phillips",Unknown,00:02:27,track
"Dark Side of the American Dream","Stellar Corpses",Unknown,00:02:56,track
Bawitdaba,"Robyn Adele Anderson",Unknown,00:03:18,track
"Love Me Or Leave Me","Mad Jack And The Hatters",Unknown,00:02:29,track
"Don't Ask","The Lazy Foragers",Unknown,00:03:00,track
"Otherwise (Life Would Be Strange)","Lew Phillips",Unknown,00:02:37,track
"Egyptian Ella","Miss Myra and The Moonshiners",Unknown,00:03:39,track
"Bad Girl","Natascha & The Spy Boys",Unknown,00:03:38,track
"Sinner Like Me","The Judy Chops",Unknown,00:03:39,track
Runaway,"The 69 Cats",Unknown,00:02:30,track
"Who Do You Think You Are","The Tri-Gantics",Unknown,00:03:08,track
"First aid kid","Hell Hoe Kitti",Unknown,00:02:57,track
"Daddy's Got A Gun","Naomi Bedford and Paul Simmonds",Unknown,00:03:26,track
"Alone in the Dark","The Surf Rats","Strange Things",00:03:55,track
"Murder in the Tub","The Surf Rats","Strange Things",00:03:05,track
"Strange Things (Happen Here at Midnight)","The Surf Rats","Strange Things",00:03:32,track
"End Of Story","Manos Wild",Unknown,00:03:33,track
"Lullaby of Birdland","Robyn Adele Anderson",Unknown,00:02:57,track
"The Others","Tyger Lamb",Unknown,00:03:43,track
"Lost Souls","Loreena McKennitt","Lost Souls",00:05:09,track
"Lost in This Bliss","Stellar Blue",Unknown,00:03:29,track
"Is the Road Calling Your Name?","My Oh My!",Unknown,00:03:21,track
"Walk So Strange","The Holden Quartet",Unknown,00:03:52,track
"Spacing Away","The Troubled","Spacing Away",00:02:35,track
"My Only One","Lew Phillips",Unknown,00:02:41,track
"Fools Don't Stay","Mary-Elaine Jenkins",Unknown,00:03:59,track
"Lesbian Blues",Bonze,Unknown,00:03:07,track
"Our Great Divide","Cindi Lou & The Red Hot Royals",Unknown,00:03:42,track
"These Days","Taylor & Leigh",Unknown,00:03:16,track
"Because We're Ending","Dave Vamfer",Unknown,00:04:05,track
"If There's A Purpose?","Dave Vamfer",Unknown,00:02:42,track
"Harbour Dreams","Richard Arnold",Unknown,00:02:40,track
"No Surprise","Sam Mundy",Unknown,00:04:23,track
"Love For Me","Samantha Clemons",Unknown,00:02:43,track
"Whisky, the Redeemer","Shaky Hollows",Unknown,00:03:55,track
"Hava Nagila","The Space Cossacks","Never Mind The Bolsheviks",00:02:10,track
"Mir Rescue","The Space Cossacks","Never Mind The Bolsheviks",00:02:32,track
Penetration,"The Space Cossacks","Never Mind The Bolsheviks",00:02:15,track
"Tsunami Tsurprise","The Space Cossacks","Never Mind The Bolsheviks",00:03:37,track
Apache,"The Ventures","The Ventures Best Hit Collection 30",00:03:02,track
Caravan,"The Ventures","The Ventures Best Hit Collection 30",00:02:47,track
"House Of The Rising Sun","The Ventures","The Ventures Best Hit Collection 30",00:04:23,track
Pipeline,"The Ventures","The Ventures Best Hit Collection 30",00:02:23,track
"Secret Agent Man","The Ventures","The Ventures Best Hit Collection 30",00:02:03,track
"Slaughter On 10th Avenue","The Ventures","The Ventures Best Hit Collection 30",00:02:04,track
Telstar,"The Ventures","The Ventures Best Hit Collection 30",00:02:38,track
Sleepwalk,"The Ventures","The Ventures Best Hit Collection 30",00:02:09,track
Tequila,"The Ventures","The Ventures Best Hit Collection 30",00:02:47,track
"Walk Don't Run","The Ventures","The Ventures Best Hit Collection 30",00:02:22,track
Wheels,"The Ventures","The Ventures Best Hit Collection 30",00:02:01,track
"Wipe Out","The Ventures","The Ventures Best Hit Collection 30",00:04:02,track
"How Can I Be Sure","Dusty Springfield","Hits Collection (K2HD)",00:02:47,track
"I Close My Eyes and Count to Ten","Dusty Springfield","Hits Collection (K2HD)",00:03:12,track
"I Just Don't Know What to Do With Myself","Dusty Springfield","Hits Collection (K2HD)",00:03:04,track
"I Only Want To Be With You","Dusty Springfield","Hits Collection (K2HD)",00:02:38,track
"I Will Come to You","Dusty Springfield","Hits Collection (K2HD)",00:03:21,track
"Losing You","Dusty Springfield","Hits Collection (K2HD)",00:03:03,track
"The Windmills of Your Mind","Dusty Springfield","Hits Collection (K2HD)",00:03:50,track
"Yesterday When I Was Young","Dusty Springfield","Hits Collection (K2HD)",00:03:40,track
"You Don't Have to Say You Love Me","Dusty Springfield","Hits Collection (K2HD)",00:02:50,track
"The Blues Is Alive And Well","Buddy Guy","The Blues Is Alive And Well",00:05:13,track
"Daughter Of England","Country Joe McDonald",50,00:02:56,track
"Poppa And Momma","Country Joe McDonald",50,00:04:07,track
"Baby Please Don`t Go","IVAN БлюZ І Dрузі",Unknown,00:04:11,track
"After Dark","IVAN БлюZ І Dрузі",Unknown,00:06:04,track
"Before You Accuse Me","IVAN БлюZ І Dрузі",Unknown,00:04:05,track
"Blue Jeans Blues","IVAN БлюZ І Dрузі",Unknown,00:04:40,track
"Blues Is My Business","IVAN БлюZ І Dрузі",Unknown,00:03:28,track
"Boom Boom","IVAN БлюZ І Dрузі",Unknown,00:03:16,track
"Born under bad sign","IVAN БлюZ І Dрузі",Unknown,00:03:31,track
"Futher on up the road","IVAN БлюZ І Dрузі",Unknown,00:03:11,track
"Help Me Through The Day","IVAN БлюZ І Dрузі",Unknown,00:04:51,track
"Hound Dog","IVAN БлюZ І Dрузі",Unknown,00:01:50,track
"Let`s Go Out Tonight","IVAN БлюZ І Dрузі",Unknown,00:04:48,track
"Proud Mary","IVAN БлюZ І Dрузі",Unknown,00:02:37,track
Money,"IVAN БлюZ І Dрузі",Unknown,00:06:20,track
"Slow down","IVAN БлюZ І Dрузі",Unknown,00:04:49,track
"Strange face of love","IVAN БлюZ І Dрузі",Unknown,00:05:52,track
"So many roads","IVAN БлюZ І Dрузі",Unknown,00:06:44,track
"That`s All Right Mama","IVAN БлюZ І Dрузі",Unknown,00:02:52,track
"Suzy Q","IVAN БлюZ І Dрузі",Unknown,00:06:01,track
"Tobacco Road","IVAN БлюZ І Dрузі",Unknown,00:04:42,track
"Woman Across The River","IVAN БлюZ І Dрузі",Unknown,00:03:15,track
"You Don`t Love Me","IVAN БлюZ І Dрузі",Unknown,00:03:03,track
"Mystery Train","Same Old Story Blues Band",Unknown,00:04:30,track
"Thunderstorms and Neon Signs","The Hillbilly Kings",Unknown,00:03:46,track
"Bass Dance","The Root Boys",Unknown,00:05:16,track
"Easy money","The Root Boys",Unknown,00:04:15,track
"Favourite way","The Root Boys",Unknown,00:04:05,track
Moses,"The Root Boys",Unknown,00:02:59,track
Harp,"The Root Boys",Unknown,00:04:27,track
"On the air","The Root Boys",Unknown,00:04:04,track
"Six minutes for rest","The Root Boys",Unknown,00:05:11,track
"Root boy","The Root Boys",Unknown,00:04:16,track
"Sky valley","The Root Boys",Unknown,00:04:32,track
"Зелені очі","Damage Kicks","Ukrabilly Train",00:02:14,track
"Attack Of The Crazy Woodpeckers","Drossabilly Buzz","Ukrabilly Train",00:02:42,track
Ride,"Drossabilly Buzz","Ukrabilly Train",00:03:25,track
"Tell Me Why","Hot Doggers","Ukrabilly Train",00:02:42,track
"Crazy Race","Outer Space","Ukrabilly Train",00:01:56,track
"Де Ти Є","The Cheekybenders","Ukrabilly Train",00:04:09,track
"Ask me why","For Sale Band","King Creole",00:02:22,track
"Waiting for Jesus (To Cleanse My Soul)","Howard Rickard",Unknown,00:04:12,track
"Goin' Out of My head","Percy Faith","Today's Themes For Young Lovers & For Those In Love",00:02:52,track
"Going Out Of My Head","Sergio Mendes and Brasil 66","Greatest Hits",00:03:04,track
"Going Out Of My Head",Zombies,"The Collection",00:03:04,track
"Sunday Morning","Chet Nichols",Unknown,00:03:27,track
"How Did The Folly Begin?","Joe B. Humbled",Unknown,00:02:45,track
"Devil In a Dress","Tami Neilson",Unknown,00:03:06,track
"The white wolf is back in town","Reverend Beat-Man",Unknown,00:04:40,track
"Lost Waves","The Bradipos IV",Unknown,00:02:46,track
"The Steel Valentine","The Bradipos IV",Unknown,00:03:27,track
"Billy Silly Billy","King Kurt","Big Cock",00:04:52,track
"Bye Bye Baby","King Kurt","Alcoholic Rat",00:02:32,track
"First Cock's Crow","King Kurt","Poor Man's Dream",00:02:32,track
"Friendless Lane","King Kurt","Poor Man's Dream",00:02:31,track
Friends,"King Kurt","Poor Man's Dream",00:03:56,track
Horatio,"King Kurt","Big Cock",00:03:37,track
"Hey Mister bartender","King Kurt","Poor Man's Dream",00:04:38,track
"Jungle Feet","King Kurt","America 12''",00:02:33,track
"Momma Kurt","King Kurt","Big Cock",00:02:24,track
"Mack The Knife","King Kurt","The Last Will And Testicle!",00:03:20,track
"Move On","King Kurt","Poor Man's Dream",00:04:15,track
"The Land Of Ring Dang Do","King Kurt","The Last Will And Testicle!",00:03:09,track
"Train Kept A'Rollin'","King Kurt","Poor Man's Dream",00:02:25,track
Numb,"Robyn Adele Anderson",Unknown,00:03:40,track
"Від бедра","Rude Jokes",Unknown,00:03:58,track
"I've got baby","Rude Jokes",Unknown,00:03:33,track
"Не грайся зі мною, мала","Rude Jokes",Unknown,00:04:34,track
"Ствол напрокат","Rude Jokes",Unknown,00:04:37,track
"Свобода в голові","Rude Jokes",Unknown,00:03:56,track
Фіфа,"Rude Jokes",Unknown,00:02:30,track
"A Woman's Pain","Tami Neilson",Unknown,00:02:57,track
"Good Man","Tami Neilson",Unknown,00:05:22,track
"Manitoba Sunrise at Motel 6","Tami Neilson",Unknown,00:04:20,track
"One Thought of You","Tami Neilson",Unknown,00:02:16,track
"Like I love you","The Memphis Suns",Unknown,00:04:05,track
"You pump the gas","The Memphis Suns",Unknown,00:03:17,track
"Baby, Take It Easy","The Wise Guyz","Non-Stop Boogie",00:02:20,track
"Hey, Hey, Little Chick","The Wise Guyz","Non-Stop Boogie",00:02:43,track
Hot-Rod,"The Wise Guyz","Non-Stop Boogie",00:02:24,track
"My Love","The Wise Guyz","Let's Rock The Floor",00:02:51,track
"New Girlfriend Of My Pal","The Wise Guyz","Non-Stop Boogie",00:02:45,track
"Non Stop Boogie","The Wise Guyz","Non-Stop Boogie",00:04:04,track
"Dig My Jive","The Wise Guyz","Dig My Jive",00:02:31,track
"Ducktail Boogie","The Wise Guyz","Dig My Jive",00:02:38,track
"Jumpin' Record","The Wise Guyz","Stay Cool!!",00:02:37,track
"I'm In Love","The Wise Guyz","Dig My Jive",00:04:08,track
"Teenage Rockin'","The Wise Guyz","Dig My Jive",00:02:19,track
"Mean Mean Daddy","The Wise Guyz","Dig My Jive",00:04:50,track
Heart,"The Wise Guyz","Don't Touch My Greasy Hair",00:03:24,track
"Hold Me, Baby","The Wise Guyz","Don't Touch My Greasy Hair",00:03:00,track
"I Wanna Be (With You)","The Wise Guyz","Don't Touch My Greasy Hair",00:03:49,track
"I'm A Fool","The Wise Guyz","Don't Touch My Greasy Hair",00:02:56,track
"I've Kissed You, Baby","The Wise Guyz","Don't Touch My Greasy Hair",00:02:40,track
"Kissin' Is On My Mind","The Wise Guyz","Don't Touch My Greasy Hair",00:03:10,track
"Let's Fly To The Stars","The Wise Guyz","Don't Touch My Greasy Hair",00:04:00,track
"Moonlight In The Dark","The Wise Guyz","Don't Touch My Greasy Hair",00:02:39,track
"Love Me Or Leave Me","The Wise Guyz","Don't Touch My Greasy Hair",00:03:21,track
"Rock Me, Baby","The Wise Guyz","Don't Touch My Greasy Hair",00:02:17,track
"Blood, Love & Rock'n Roll","The Wise Guyz","Stay Cool!!",00:02:57,track
"Do the Stroll","The Wise Guyz","Stay Cool!!",00:02:36,track
"It's Time To Say Goodbye","The Wise Guyz","Stay Cool!!",00:03:34,track
"You My Girl","The Wise Guyz","Stay Cool!!",00:03:51,track
"Jive It Up","The Wise Guyz","Let's Rock The Floor",00:04:13,track
"Lonely And Blue","The Wise Guyz","Let's Rock The Floor",00:02:41,track
"Rockin' New Year","The Wise Guyz","Let's Rock The Floor",00:02:20,track
"What's Wrong With Me","The Wise Guyz","Let's Rock The Floor",00:03:22,track
"You're Getting Too Much","The Wise Guyz","Let's Rock The Floor",00:02:17,track
"Подбадривайте детей",Coma.fm,Unknown,00:00:11,track
"Wild World","Cat Stevens","Tea For The Tillerman",00:03:20,track
"Wild Wild West","Harry Jordan",Unknown,00:03:50,track
"Zamilovana:Je l'aime a mourir","Lenka Filipova",Unknown,00:03:23,track
"Modlitba pro Martu","Marta Kubišová",Unknown,00:04:22,track
"Hope Of Deliverance","Paul McCartney ",Unknown,00:03:33,track
"The Rooster","Mary-Elaine Jenkins",Unknown,00:05:01,track
"No-tell Motel",Jillhouse,Unknown,00:03:31,track
Почуття,Jillhouse,Unknown,00:03:57,track
Chaser,Jillhouse,Unknown,00:03:49,track
Crier,Jillhouse,Unknown,00:03:16,track
Chemistry,Dillberriezz,Unknown,00:02:24,track
"Psycholovin' Land",Dillberriezz,Unknown,00:02:40,track
Twins,Dillberriezz,Unknown,00:02:27,track
Vampire,Dillberriezz,Unknown,00:04:30,track
"Mala Vida","Mano Negra","The Best",00:02:53,track
"Takin'It Up","Mano Negra",Patchanka,00:03:39,track
"La Rançon Du Succès","Mano Negra","Puta's Fever",00:01:57,track
"Pas Assez De Toi","Mano Negra","The Best",00:02:20,track
"King Of Bongo","Mano Negra","King Of Bongo",00:03:38,track
"Out Of Time Man","Mano Negra","The Best",00:03:27,track
"Letter To Censors","Mano Negra","The Best",00:02:31,track
"We Get Around","Little Lesley & The Bloodshots",Heartbeat,00:02:54,track
"You Don't Fool Me","Little Lesley & The Bloodshots",Heartbeat,00:03:40,track
"The Ring","The Route 66 Killers","Revenge of the Flies",00:03:25,track
"Baby Behave","Pepita Slappers","Rocket To The Moon",00:02:26,track
"Ju Ju Man","Pepita Slappers","Rocket To The Moon",00:02:30,track
"Kiss Me One More Time","Pepita Slappers","Rocket To The Moon",00:03:30,track
"Wendy Lou","Pepita Slappers","Rocket To The Moon",00:03:06,track
"Good Intentions",Bullit,Unknown,00:02:40,track
"Quick Draw",Bullit,Unknown,00:02:53,track
Tombstone,Bullit,Unknown,00:03:03,track
"Knife Edge Mind","Clockwork Psycho",Unknown,00:02:57,track
Lost,"Clockwork Psycho",Unknown,00:02:41,track
"Sin & Repent","Clockwork Psycho",Unknown,00:02:45,track
"The Dance","Clockwork Psycho",Unknown,00:02:32,track
"The Americans","Mary-Elaine Jenkins",Unknown,00:05:14,track
"Do the orangutan","Thee Braindrops",Unknown,00:02:14,track
"Freak on a Leash","Robyn Adele Anderson",Unknown,00:03:26,track
Reflecting,"Lucky 757",Unknown,00:02:22,track
"Gloomy Sunday (feat. Nicolle Rochelle)","Hot Sugar Band","Wondering Where",00:03:44,track
"Acorazado Potemkin","The Gagarins",Unknown,00:02:47,track
DRVMCRZ,"The Dice Cubes",Unknown,00:03:26,track
Floored,"The Dice Cubes",Unknown,00:03:16,track
"Come Home","Gal Holiday and the Honky Tonk Revue",Unknown,00:03:06,track
"Desert Disco","Gal Holiday and the Honky Tonk Revue",Unknown,00:02:55,track
"Found Myself Instead","Gal Holiday and the Honky Tonk Revue",Unknown,00:03:03,track
"How Could It Be","Gal Holiday and the Honky Tonk Revue",Unknown,00:02:44,track
"In My Dreams Again","Gal Holiday and the Honky Tonk Revue",Unknown,00:03:33,track
"Let's Run Away","Gal Holiday and the Honky Tonk Revue",Unknown,00:03:07,track
"Loose Diamonds","Gal Holiday and the Honky Tonk Revue",Unknown,00:03:59,track
"The Bottle and the Booze","Gal Holiday and the Honky Tonk Revue",Unknown,00:03:04,track
"Treat You Better","Gal Holiday and the Honky Tonk Revue",Unknown,00:03:45,track
"Martian Girl","The Billy Rats",Unknown,00:02:03,track
"For Your Love","Little Lesley & The Bloodshots",Heartbeat,00:03:26,track
"Call Your Friends","Sam C. Jones",Unknown,00:02:56,track
"Flat Out Like A Lizard Drinkin'","The Flatfoot Shakers","Let's Go To Planet Bop!",00:02:29,track
"Heart Breakin Mama","The Flatfoot Shakers","Flatfoot Shakers",00:02:28,track
Hypnotised,"The Flatfoot Shakers","Many Sides Of The Flatfoot Shakers",00:02:12,track
"Let's Go To Planet Bop","The Flatfoot Shakers","Let's Go To Planet Bop!",00:02:25,track
"Jitter Bop Baby","The Flatfoot Shakers","Flatfoot Shakers",00:01:59,track
Lonesome,"The Flatfoot Shakers","Flatfoot Shakers",00:05:17,track
"Mister Moonlight","The Flatfoot Shakers","Let's Go To Planet Bop!",00:02:20,track
"My Little Baby","The Flatfoot Shakers","Many Sides Of The Flatfoot Shakers",00:02:40,track
"Sentimental Fool","The Flatfoot Shakers","Many Sides Of The Flatfoot Shakers",00:03:00,track
"Monday Morning's Coming","Kieron Mcdonald","Island Girl",00:02:27,track
"Forbidden Room",Quatro,Unknown,00:03:31,track
"Hell Of A Woman",Impala,"Night Full Of Sirens: Anthology '93-'97",00:01:47,track
Stalkin',Impala,"Night Full Of Sirens: Anthology '93-'97",00:03:13,track
"Night Full Of Sirens",Impala,"Night Full Of Sirens: Anthology '93-'97",00:03:14,track
"Nothing More Than Murder",Impala,"Night Full Of Sirens: Anthology '93-'97",00:03:41,track
Penetration,Impala,"Night Full Of Sirens: Anthology '93-'97",00:03:02,track
"Squad Car",Impala,"Night Full Of Sirens: Anthology '93-'97",00:01:59,track
"The Hearse",Impala,"Night Full Of Sirens: Anthology '93-'97",00:02:42,track
"Tomb Of The Tupelo Twin",Impala,"Night Full Of Sirens: Anthology '93-'97",00:02:43,track
Advice,"Gutter Demons","Misery, Madness & Murder Lullabies",00:03:26,track
Firestarters,"Gutter Demons","Misery, Madness & Murder Lullabies",00:02:47,track
Recherche,"Gutter Demons","Misery, Madness & Murder Lullabies",00:02:54,track
"House By The Cemetery","Gutter Demons","Misery, Madness & Murder Lullabies",00:05:21,track
Sunday,"Gutter Demons","Misery, Madness & Murder Lullabies",00:03:41,track
"Children of The Damned","Gutter Demons","Room 2009",00:02:47,track
"Devil Horns","Gutter Demons","Room 2009",00:04:02,track
"Pauvre Martin","Gutter Demons","Room 2009",00:01:59,track
Insomnia,"Gutter Demons","Room 2009",00:03:33,track
"run away loco","Gutter Demons","Room 2009",00:02:23,track
"the funeral","Gutter Demons","Room 2009",00:02:24,track
Ghost,Lunatics,Rockmachine,00:02:36,track
"Love House",Lunatics,Rockmachine,00:03:08,track
Spaceman,Lunatics,Rockmachine,00:02:58,track
"The Tunnel",Lunatics,Rockmachine,00:03:18,track
"Monkey Spy","The Kilaueas",Unknown,00:02:08,track
"Last of The Rock Stars","Elliott Murphy",Unknown,00:06:24,track
"Gimme Danger","Iggy and The Stooges",Unknown,00:03:33,track
"Walk On the Wild Side","Lou Reed",Unknown,00:04:14,track
"All The Young Dudes","Mott The Hoople",Unknown,00:03:33,track
"Looking For A Kiss","The New York Dolls",Unknown,00:03:18,track
"Tumbling Down","Steve Harley & Cockney Rebel",Unknown,00:06:33,track
"Venus in Furs","Nico and The Velvet Underground",Unknown,00:05:12,track
Pills,"The New York Dolls","New York Dolls",00:02:53,track
"Hips Don’t Lie","Robyn Adele Anderson",Unknown,00:03:52,track
"Good and Bad (feat. Josephine Olivia)","King Dude",Unknown,00:04:31,track
"My Baby",Crocodylus,Unknown,00:02:36,track
Misery,"Odetta Hartman",Unknown,00:03:17,track
"Lil' Mama","The Troubled","Spacing Away",00:03:10,track
Beggin',"Kerry Pastine and The Crime Scene",Unknown,00:02:58,track
Fever,"Kerry Pastine and The Crime Scene",Unknown,00:03:05,track
Joy,"Kerry Pastine and The Crime Scene",Unknown,00:03:47,track
"Summer Wine (feat. Jim Dalton)","Kerry Pastine and The Crime Scene",Unknown,00:04:23,track
"Everybody Wants Some","Lew Phillips",Unknown,00:02:25,track
"Just Have Fun","Lew Phillips",Unknown,00:02:05,track
"Break My Heart","Cindi Lou & The Red Hot Royals",Unknown,00:03:28,track
"Hands Up","Cindi Lou & The Red Hot Royals",Unknown,00:04:23,track
"Hell Raiser","Cindi Lou & The Red Hot Royals",Unknown,00:03:59,track
"The Boots Are Made For Walking","The Head Henchmen",Unknown,00:02:56,track
"Wem Wam Wow","The Head Henchmen",Unknown,00:02:34,track
'59,"Brian Setzer","Rock And Roll",00:04:34,track
"Blue Cafe","Brian Setzer","Rock And Roll",00:03:52,track
"Get 'Em On The Ropes","Brian Setzer","Rock And Roll",00:03:17,track
"Frédéric et le Petit Monstre","Bombat Belus",Unknown,00:02:58,track
"Znowu słyszę...","Bombat Belus",Unknown,00:02:14,track
"Hello Darlin'","Carter Sampson",Unknown,00:04:58,track
"Simple Pleasures","The Holy Gasp",Unknown,00:04:34,track
"Devil Gate Drive","Thee Scarecrows AKA",Unknown,00:02:48,track
Neahkahnie,"Satan's Pilgrims",Unknown,00:03:30,track
"That's Showbiz","Reverend Horton Heat","20th Century Masters",00:04:32,track
"Aw, The Humanity","Reverend Horton Heat","Laughin' & Cryin' With The",00:04:40,track
"Drinkin' And Smokin' Cigarettes","Reverend Horton Heat","Laughin' & Cryin' With The",00:04:05,track
"Rural Point Of View","Reverend Horton Heat","Laughin' & Cryin' With The",00:03:30,track
"Taco Wagon","Man or Astro-Man","Destroy All Astromen!!",00:02:02,track
"The Shadow Knows (Vinyl Bonus Track)","Man or Astro-Man","Destroy All Astromen!!",00:02:20,track
"Devil's Gotten into My Baby","The Devotions",Unknown,00:02:45,track
"Baby Be Good (While I'm Gone)","The Rayons",Unknown,00:02:36,track
"Burning Bridges","The Troubled","Spacing Away",00:01:34,track
"Cult Of Power","The Troubled","Spacing Away",00:02:18,track
"Darkness Coming","The Troubled","Spacing Away",00:02:10,track
"From Dusk Till Dawn","The Troubled","Spacing Away",00:02:31,track
"Dirty Kinky Nasty","The Troubled","Spacing Away",00:03:03,track
"We Arrived (To Get You High)","The Troubled","Spacing Away",00:02:13,track
"More Than Words","Michael Dease","Reaching Out",00:04:16,track
"On a Slow Boat to China","Slowey & The Boats ft. Shannon McGill",Unknown,00:02:32,track
"Taco Truck","Satan's Pilgrims",Unknown,00:02:48,track
"Cold Call","Gutter Demons",Unknown,00:02:46,track
"The Nobu Incident","The Mystery Men?",Unknown,00:02:40,track
"Spiral Arms","The Mystery Men?",Unknown,00:02:44,track
"Complicated Man","Complicated Man",Unknown,00:04:20,track
"Hold Still","Mary-Elaine Jenkins",Unknown,00:04:58,track
"Walk Alone","Sharlet Crooks",Unknown,00:03:58,track
"Ces mots simples","Vanessa Paradis",Unknown,00:02:51,track
"Money Money Money","Craic 'n' Roll",Unknown,00:03:09,track
"Feel It","Mr. Hypno & His Lo-Fi",Unknown,00:02:21,track
"Soul for Sale","Mary-Elaine Jenkins",Unknown,00:03:16,track
"Big Wheel","Whiskey Daredevils",Unknown,00:04:07,track
"Nothing Thrills Me Like It Used To","Cats and Dinosaurs",Unknown,00:02:19,track
"Who Wants To Know?","Jimmy Ray",Unknown,00:03:51,track
Anytime,"Johnny Casino",Unknown,00:03:58,track
"The Cheating Game","Lew Phillips",Unknown,00:02:41,track
Aerials,"Robyn Adele Anderson",Unknown,00:03:43,track
"Love Is The Deadliest Poison","Ukulena and Her Smitten Kittens",Unknown,00:03:04,track
"Mad Monster Party","Ukulena and Her Smitten Kittens",Unknown,00:03:43,track
"Never Was A Love Like Mine","Ukulena and Her Smitten Kittens",Unknown,00:02:58,track
"Witch Hunter","Ukulena and Her Smitten Kittens",Unknown,00:03:41,track
"Needles In The Camel's Eye","Brian Eno","Eno Box II Vocals",00:03:10,track
Cavaliers,"Cockney Rebel","The Psychomodo",00:08:34,track
"Ship Of Fools","John Cale",Fear,00:04:38,track
Babylon,"The New York Dolls","Too Much Too Soon",00:03:33,track
Bittersweet,"Roxy Music","Country Life",00:04:50,track
"Sunshine Of Your Love",Cream,Unknown,00:04:10,track
"The Saturday Kids","Mott The Hoople",Unknown,00:06:01,track
Satisfaction,"The Rolling Stones",Unknown,00:03:42,track
Faith,"Gutter Demons",Unknown,00:02:47,track
"Let Me Know","Kai Danzberg",Unknown,00:03:55,track
Deprived,"Ken Pomeroy",Unknown,00:02:42,track
"Leather Face",Kryptonix,Unknown,00:03:53,track
"Oh! My Soul","Screamin' Rebel Angels",Unknown,00:02:08,track
Helena,"Robyn Adele Anderson",Unknown,00:03:24,track
"Girl or Gator?",Shoobies,Unknown,00:02:51,track
Ghostrider,"Gutter Demons",Unknown,00:02:53,track
"Rock And Roll Dreams Come Through","Jim Steinman","Bad For Good",00:06:26,track
"The Storm","Jim Steinman","Bad For Good",00:04:32,track
"As Tears Go By","Marianne Faithfull","Negative Capability [Deluxe Version]",00:03:52,track
"Don't Go","Marianne Faithfull","Negative Capability [Deluxe Version]",00:04:20,track
"Born to Live","Marianne Faithfull","Negative Capability [Deluxe Version]",00:03:39,track
"In My Own Particular Way","Marianne Faithfull","Negative Capability [Deluxe Version]",00:04:21,track
"Loneliest Person","Marianne Faithfull","Negative Capability [Deluxe Version]",00:02:53,track
"It's All Over Now, Baby Blue (Re-Recorded)","Marianne Faithfull","Negative Capability [Deluxe Version]",00:05:00,track
Misunderstanding,"Marianne Faithfull","Negative Capability [Deluxe Version]",00:04:04,track
"No Moon in Paris","Marianne Faithfull","Negative Capability [Deluxe Version]",00:04:54,track
"The Gypsy Faerie Queen (Feat. Nick Cave)","Marianne Faithfull","Negative Capability [Deluxe Version]",00:03:40,track
"They Come at Night","Marianne Faithfull","Negative Capability [Deluxe Version]",00:03:41,track
"Witches Song","Marianne Faithfull","Negative Capability [Deluxe Version]",00:04:57,track
"Spiders in Her Hair","King Dude","Born in Blood",00:03:19,track
Clandestino,"Mano Negra",Unknown,00:02:28,track
"Blue Sunday","The Doors",Unknown,00:02:11,track
"Winchester Cathedral","New Vaudeville Band",Unknown,00:02:31,track
"Bip Bop","Paul McCartney And Wings","Wild Life",00:04:10,track
"I Drove All Night","Cindy Lauper",Unknown,00:04:07,track
"Time After Time","Cindy Lauper",Unknown,00:04:00,track
"True Colors","Cindy Lauper",Unknown,00:03:48,track
"Without You","Harry Nilsson","Nilsson Schmilsson",00:03:23,track
Coconut,"Harry Nilsson","Nilsson Schmilsson",00:03:50,track
"Many Rivers to Cross","Harry Nilsson and John Lennon","Pussy Cats",00:05:00,track
"Rock Around the Clock","Harry Nilsson and John Lennon","Pussy Cats",00:03:14,track
"Save the Last Dance for Me","Harry Nilsson and John Lennon","Pussy Cats",00:04:27,track
"I've Got My Mind Set On You","James Ray",Unknown,00:01:50,track
"The Screemin' Meemies from Planet X","Merv Griffin",album,00:02:58,track
Tired,"Pearl Bailey","CC #1213 - Pearl Bailey (1944-1947)",00:03:20,track
"La Bamba","The Andrew Oldham Orchestra",Rarities,00:02:27,track
"Needles and Pins","The Andrew Oldham Orchestra",Unknown,00:02:22,track
"The Last Time","The Andrew Oldham Orchestra",Unknown,00:03:48,track
"Theme for a Rolling Stone","The Andrew Oldham Orchestra",Unknown,00:03:13,track
"Blue Turns to Grey","The Andrew Oldham Orchestra","Beatles vs. Stones",00:02:55,track
"Each And Every Day Of The Year","The Andrew Oldham Orchestra",Unknown,00:02:51,track
"Play With Fire","The Andrew Oldham Orchestra","The Rolling Stones Songbook",00:02:23,track
"Tell Me","The Andrew Oldham Orchestra","The Rolling Stones Songbook",00:04:02,track
"Theme For A Mod's Summernight Dream","The Andrew Oldham Orchestra",Grumpy_100514,00:02:28,track
"Time Is On My Side","The Andrew Oldham Orchestra","The Rolling Stones Songbook",00:03:18,track
"3:10 To Yuma","Richie Havens","My Own Way",00:03:20,track
"900 Miles From Home","Richie Havens","My Own Way",00:03:46,track
"Daddy Roll 'em","Richie Havens","My Own Way",00:02:42,track
"Drown In My Own Tears","Richie Havens","My Own Way",00:04:21,track
"Oxford Town","Richie Havens","My Own Way",00:03:21,track
"Hard Headed Woman","Cat Stevens","Tea For The Tillerman",00:03:47,track
"How Can I Tell You","Cat Stevens","Teaser And The Firecat",00:04:25,track
"Morning Has Broken","Cat Stevens","Teaser And The Firecat",00:03:22,track
"The Hurt","Cat Stevens","The Best Of",00:04:19,track
"Always On Saturday","Chet Atkins","Our Man In Nashville",00:02:13,track
"The Old Double Shuffle","Chet Atkins","Our Man In Nashville",00:02:59,track
"Sweet Jane","Cowboy Junkies","The Trinity Session",00:03:35,track
"When a man loves a woman","Demis Roussos","Granita apo 60s CD3",00:02:39,track
"Brothers In Arms","Dire Straits","Brothers In Arms",00:06:58,track
"Romeo And Juliet","Dire Straits","Making Movies",00:06:01,track
"So Far Away","Dire Straits","Brothers In Arms",00:05:12,track
"Sultans Of Swing","Dire Straits","Dire Straits",00:05:36,track
"Tunnel Of Love","Dire Straits","Making Movies",00:08:10,track
"Since I Don't Have You","Don McLean",Unknown,00:02:36,track
"Your Latest Trick","Dire Straits","Brothers In Arms",00:06:33,track
"Drown In My Own Tears","Eva Cassidy","Live at Pearl's (Sept. 19th 1994)",00:03:19,track
"I'll Drown In My Own Tears","Etta James","Red Hot & Live",00:04:24,track
"Monday Monday","Floyd Cramer","Class Of '66",00:02:20,track
"I'll Drown In My Own Tears","Janis Joplin","Early Performances",00:01:41,track
"Since I Don't Have You","Manfred Mann","Basic: Original Hits",00:02:34,track
"Since I Don't Have You","Patti Labelle",Unknown,00:05:42,track
"Since I Don't Have You","Ricky Nelson","Ricky Nelson",00:02:36,track
"Drown In My Own Tears","Solomon Burke","We're Almost Home",00:05:47,track
"Arctic Ocean","Space Psycho Tropic Plank-Tone",Unknown,00:02:40,track
Cosmoscares,"Space Psycho Tropic Plank-Tone",Unknown,00:01:53,track
"Galaxies Twins","Space Psycho Tropic Plank-Tone",Unknown,00:02:38,track
"Galaxy 174","Space Psycho Tropic Plank-Tone",Unknown,00:04:05,track
"It Came From Space","Space Psycho Tropic Plank-Tone",Unknown,00:02:54,track
"Meteor Shower","Space Psycho Tropic Plank-Tone",Unknown,00:03:22,track
Reincarnation,"Space Psycho Tropic Plank-Tone",Unknown,00:03:25,track
"Mysterious Visitors of Planet Reverb","Space Psycho Tropic Plank-Tone",Unknown,00:04:23,track
"Revelations of the Night","Space Psycho Tropic Plank-Tone",Unknown,00:03:26,track
"Spirit Vibrations","Space Psycho Tropic Plank-Tone",Unknown,00:04:15,track
Weightlessness,"Space Psycho Tropic Plank-Tone",Unknown,00:02:48,track
"Easy As ABC",Dandies,"Rock It",00:03:05,track
"Give Me A Tune",Dandies,"Rock It",00:02:15,track
"Dream Has Gone",Dandies,"Rock It",00:03:54,track
"He's a Cat",Dandies,"Rock It",00:03:13,track
"Human Woman",Dandies,"Rock It",00:03:34,track
"I've Got a Guy",Dandies,"Rock It",00:02:14,track
"My Way",Dandies,"Rock It",00:02:58,track
"Off We Go",Dandies,"Rock It",00:03:45,track
"It Happens",Dandies,"Rock It",00:05:03,track
"Rockabilly Kitties",Dandies,"Rock It",00:02:59,track
"Say Good-Bye To The Past",Dandies,"Rock It",00:03:15,track
"That's How It Is",Dandies,"Rock It",00:02:17,track
"Streets of My Life",Dandies,"Rock It",00:03:41,track
"Sunday Morning","Chris Coco feat. Nick Cave","99 Best Covers Ever (II) - Crazy - 074 Next Wave",00:05:04,track
"She [Alternate Version]","Gram Parsons","Alternate Takes From GP & Grievous Angel",00:04:58,track
Andalucia,"John Cale","Paris 1919",00:03:54,track
"Antarctica Starts Here","John Cale","Paris 1919",00:02:47,track
"Gideon's Bible","John Cale","Vintage Violence",00:03:24,track
"Do Not Go Gentle Into That Good Night","John Cale","Broken Hearts - Live",00:03:38,track
"Hanky Panky Nohow","John Cale","Paris 1919",00:02:46,track
Hallelujah,"John Cale","Fragments of a Rainy Season [DVD]",00:04:05,track
"Love Me Two Times","John Cale","Broken Hearts - Live",00:02:23,track
"Paris 1919","John Cale","Paris 1919",00:04:05,track
"The Endless Plain Of Fortune","John Cale","Paris 1919",00:04:12,track
"Faces and Names","John Cale and Lou Reed","Songs for Drella",00:04:12,track
"Forever Changed","John Cale and Lou Reed","Songs for Drella",00:04:51,track
"It Wasn't Me","John Cale and Lou Reed","Songs for Drella",00:03:30,track
"Nobody But You","John Cale and Lou Reed","Songs for Drella",00:03:45,track
"Open House","John Cale and Lou Reed","Songs for Drella",00:04:17,track
"Style It Takes","John Cale and Lou Reed","Songs for Drella",00:02:54,track
"Too Young","John Lee Hooker","Chill Out",00:04:42,track
"We'll Meet Again","John Lee Hooker","Chill Out",00:03:58,track
"Chill Out (Things Gonna Change)","John Lee Hooker and Santana","Guitar Legends",00:04:45,track
"Je Ne T'Aime Plus","Manu Chao",Clandestino,00:02:03,track
"Bells Of Freedom","Marianne Faithful","Come My Way",00:02:04,track
"Blowin' In The Wind","Marianne Faithful","Come My Way",00:03:08,track
"Mary Ann","Marianne Faithful","Come My Way",00:01:45,track
"Sister Morphine","Marianne Faithful","Come My Way",00:05:30,track
"Boulevard of broken Dreams (l","Marianne Faithfull","Rare Tracks",00:02:06,track
"Crazy Lady Blues","Marianne Faithfull","Rich Kid Blues",00:02:03,track
"Deep Water","Marianne Faithfull","Give My Love To London",00:03:07,track
Greensleeves,"Marianne Faithfull","Marianne Faithfull",00:02:48,track
"Great Expectations","Marianne Faithfull","Vagabond Ways",00:03:13,track
"Hang it on your Heart","Marianne Faithfull","Rare Tracks",00:02:21,track
"Horses and high heels","Marianne Faithfull","Horses and High Heels",00:03:53,track
"I'm A Loser","Marianne Faithfull","Marianne Faithfull",00:02:16,track
"I'll Keep It With Mine","Marianne Faithfull","Strange Weather",00:03:47,track
"If I Never Get To Love You","Marianne Faithfull","Marianne Faithfull",00:02:17,track
"In My Time Of Sorrow","Marianne Faithfull","Marianne Faithfull",00:02:25,track
"Love, Life And Money","Marianne Faithfull","Strange Weather",00:04:08,track
"Mack The Knife","Marianne Faithfull","20th Century Blues",00:03:32,track
"Madame George","Marianne Faithfull","Rare Tracks",00:03:08,track
"Ne Me Quitte Pas","Marianne Faithfull","Love In A Mist [Japan]",00:02:36,track
"Nobody's fault","Marianne Faithfull","Kissin Time",00:06:28,track
"Penthouse Serenade (When We're Alone)","Marianne Faithfull","Strange Weather",00:02:37,track
"Scarborough Fair","Marianne Faithfull",Unknown,00:03:01,track
"Serve Somebody","Marianne Faithfull","Rare Tracks",00:02:24,track
"Song for Nico","Marianne Faithfull","Kissin Time",00:03:59,track
"The Mystery Of Love","Marianne Faithfull","Before The Poison",00:03:51,track
"Tower Of Song","Marianne Faithfull","Vagabond Ways",00:04:35,track
"Working Class Hero","Marianne Faithfull","Broken English",00:04:42,track
Yesterday,"Marianne Faithfull","Go Away From My World",00:02:18,track
"Young Girl Blues","Marianne Faithfull","Love In A Mist [Japan]",00:03:39,track
"Mr. Tambourine Man",Melanie,"Born To Be",00:04:24,track
"Rock 'n Roll Heart",Melanie,"Melanie On Air",00:05:15,track
"Summer of Love II",Melanie,"Beautiful People: The Greatest Hits of Melanie",00:04:35,track
"Tuning My Guitar",Melanie,"Melanie On Air",00:04:13,track
"Pine And Feather",Melanie,Madrugada,00:02:10,track
"Purple Haze",Melanie,"Acoustic Blue",00:03:29,track
"Some Say (I Got Devil)",Melanie,"Gather Me",00:03:08,track
"Unchained Melody",Melanie,Unknown,00:03:43,track
"What Wonderous Love",Melanie,"Gather Me",00:03:54,track
"Brother, My Cup is Empty","Nick Cave & The Bad Seeds","Henry's Dream",00:03:02,track
"Wild Horses",Melanie,Madrugada,00:06:44,track
"(Are You) The One That I've Been Waiting For?","Nick Cave & The Bad Seeds","The Boatman's Call",00:04:05,track
"And No More Shall We Part","Nick Cave & The Bad Seeds","No More Shall We Part [lcdstumm164]",00:04:00,track
"Black Hair","Nick Cave & The Bad Seeds","The Boatman's Call",00:04:14,track
"As I Sat Sadly By Her Side","Nick Cave & The Bad Seeds","No More Shall We Part [lcdstumm164]",00:06:15,track
"Brompton Oratory","Nick Cave & The Bad Seeds","The Boatman's Call",00:04:06,track
"Death Is Not The End (Feat. PJ Harvey, Shane MacGowan etc.)","Nick Cave & The Bad Seeds","Murder Ballads [9 46195-2]",00:04:27,track
"Crow Jane","Nick Cave & The Bad Seeds","Murder Ballads [9 46195-2]",00:04:14,track
"Far From Me","Nick Cave & The Bad Seeds","The Boatman's Call",00:05:33,track
"Foi Na Cruz","Nick Cave & The Bad Seeds","The Good Son [ALCB-47]",00:05:40,track
"Green Eyes","Nick Cave & The Bad Seeds","The Boatman's Call",00:03:32,track
"Henry Lee (Feat. PJ Harvey)","Nick Cave & The Bad Seeds","Murder Ballads [9 46195-2]",00:03:58,track
"Hey Joe","Nick Cave & The Bad Seeds","Kicking Against The Pricks [1992, ALCB-650]",00:03:56,track
"Into My Arms","Nick Cave & The Bad Seeds","The Boatman's Call",00:04:15,track
"I Had A Dream, Joe","Nick Cave & The Bad Seeds","Henry's Dream [1996, 9016-2]",00:03:42,track
"Idiot Prayer","Nick Cave & The Bad Seeds","The Boatman's Call",00:04:21,track
"Lime-Tree Arbour","Nick Cave & The Bad Seeds","The Boatman's Call",00:02:57,track
Lament,"Nick Cave & The Bad Seeds","The Good Son [ALCB-47]",00:04:54,track
Lucy,"Nick Cave & The Bad Seeds","The Good Son [ALCB-47]",00:04:19,track
"Papa Won't Leave You Henry","Nick Cave & The Bad Seeds","Live Seeds [CD STUMM122]",00:06:28,track
"People Ain't No Good","Nick Cave & The Bad Seeds","The Boatman's Call",00:05:41,track
"Push The Sky Away","Nick Cave & The Bad Seeds","Push The Sky Away [BS001CD]",00:04:09,track
"Sorrow's Child","Nick Cave & The Bad Seeds","The Good Son [ALCB-47]",00:04:39,track
"Sunday's Slave","Nick Cave & The Bad Seeds","Tender Prey [1996, 9 61059-2]",00:03:41,track
"The Curse Of Millhaven","Nick Cave & The Bad Seeds","Murder Ballads [9 46195-2]",00:06:55,track
"The Good Son","Nick Cave & The Bad Seeds","The Good Son [ALCB-47]",00:06:03,track
"The Hammer Song","Nick Cave & The Bad Seeds","The Good Son [ALCB-47]",00:04:17,track
"The Mercy Seat","Nick Cave & The Bad Seeds","Live Seeds [CD STUMM122]",00:04:46,track
"The Ship Song","Nick Cave & The Bad Seeds","Live Seeds [CD STUMM122]",00:04:19,track
"The Train Song","Nick Cave & The Bad Seeds","The Good Son [ALCB-47]",00:04:45,track
"The Weeping Song","Nick Cave & The Bad Seeds","The Good Son [ALCB-47]",00:04:25,track
"The Witness Song","Nick Cave & The Bad Seeds","The Good Son [ALCB-47]",00:05:57,track
"There Is A Kingdom","Nick Cave & The Bad Seeds","The Boatman's Call",00:04:52,track
"We No Who U R","Nick Cave & The Bad Seeds","Push The Sky Away [BS001CD]",00:04:05,track
"West Country Girl","Nick Cave & The Bad Seeds","The Boatman's Call",00:02:46,track
"Where The Wild Roses Grow (Feat. Kylie Minogue)","Nick Cave & The Bad Seeds","Murder Ballads [9 46195-2]",00:03:57,track
"Where Do We Go Now But Nowhere","Nick Cave & The Bad Seeds","The Boatman's Call",00:05:45,track
"Watching TV","Roger Waters","Amused to Death",00:06:07,track
"Somewhere Over The Rainbow","Ray Charles",Unknown,00:04:09,track
"Happy people",coma.fm,Unknown,00:00:23,track
"A Marriage","Kate Fenner",Unknown,00:05:11,track
"Song & Dance","Kate Fenner",Unknown,00:03:07,track
"The Yield","Kate Fenner",Unknown,00:03:36,track
"You're a Big Girl","Kate Fenner",Unknown,00:04:40,track
"Viva Las Vegas","Reverend Horton Heat","Whole New Life",00:02:52,track
"Surfin Mir","The Gagarins",Unknown,00:02:40,track
Vodka,"The Gagarins",Unknown,00:01:56,track
"Vostok 9","The Gagarins",Unknown,00:02:39,track
June,"MonaLisa Twins",Unknown,00:03:11,track
"Nothing Is In Vain","MonaLisa Twins",Unknown,00:05:34,track
"Friday On My Mind","MonaLisa Twins",Unknown,00:02:55,track
"Free Bird","Kerri Powers",Unknown,00:04:31,track
"Holy Are We","Rachael Kilgour",Unknown,00:03:23,track
"Hold Over Me","Sierra Ferrell",Unknown,00:02:48,track
Alone,"Robyn Adele Anderson",Unknown,00:03:20,track
"The Way She Looked at You","Sarah Shook & the Disarmers",Unknown,00:04:20,track
"Out of Bed","Say Sue Me",Unknown,00:04:28,track
"Nowhere Latitude","The Di Maggio Connection",Unknown,00:04:58,track
"I Wanna Spend Christmas With Elvis",Ukulena,Unknown,00:02:23,track
"Can't Take It No More",RvB,"Shout the Blues",00:02:12,track
"Cold Women",RvB,"Shout the Blues",00:03:04,track
"Hand in Your Back Pocket",RvB,"Shout the Blues",00:02:46,track
"I Got a Right To Shout The Blues",RvB,"Shout the Blues",00:03:20,track
"I Got the Last Laugh Now",RvB,"Shout the Blues",00:02:55,track
"River Flows Down",RvB,"Shout the Blues",00:03:08,track
"That's What's Knocking Me Out",RvB,"Shout the Blues",00:02:39,track
"Stay Ex if You Ex",RvB,"Shout the Blues",00:03:45,track
"Swing With Sammy",RvB,"Shout the Blues",00:02:55,track
"Troubles Goodbye",RvB,"Shout the Blues",00:02:29,track
"Well Oh Well",RvB,Unknown,00:02:22,track
"Well-la, well-la Baby-la",RvB,"Shout the Blues",00:02:39,track
"Under Pressure","David Bowie & Queen",Unknown,00:04:02,track
"Bobby Brown Goes Down","Frank Zappa","The Best Of Frank Zappa",00:02:50,track
"Cosmik Debris","Frank Zappa","The Best Of Frank Zappa",00:04:15,track
"I'm The Slime","Frank Zappa","The Best Of Frank Zappa",00:03:36,track
"Joe's Garage (Single Version)","Frank Zappa","The Best Of Frank Zappa",00:04:09,track
"If I Fell","MonaLisa Twins","One More Time",00:02:40,track
'39,Queen,"A Night at the Opera",00:03:30,track
"Death On Two Legs",Queen,"A Night at the Opera",00:03:43,track
"Crazy Little Thing Called Love",Queen,"Greatest Hits I",00:02:44,track
"Don't Stop Me Now",Queen,"Greatest Hits I",00:03:31,track
Delilah,Queen,Innuendo,00:03:35,track
"Good Old-Fashioned Lover Boy",Queen,"A Day At The Races (2011 Remaster)",00:02:53,track
"I Can't Live With You",Queen,Innuendo,00:04:33,track
"Is This The World We Created...?",Queen,"The Works",00:02:16,track
"It's A Hard Life",Queen,"Greatest Hits II",00:04:09,track
"Killer Queen",Queen,"Greatest Hits I",00:03:02,track
"Let Me Live",Queen,"Greatest Hits III",00:04:45,track
"One Year Of Love",Queen,"Greatest Hits III",00:04:19,track
"Play The Game",Queen,"Greatest Hits I",00:03:33,track
"Seaside Rendezvous",Queen,"A Night at the Opera",00:02:17,track
Scandal,Queen,"Greatest Hits III",00:04:24,track
"Too Much Love Will Kill You",Queen,"Greatest Hits III",00:04:18,track
"Cat Black (The Wizard's Hat)","T. Rex","Born to Boogie - The Collection",00:02:51,track
Мексиканець,Zwyntar,"Мертві голоси",00:03:56,track
Кажани,Zwyntar,"Мертві голоси",00:04:34,track
Микола,Zwyntar,"Мертві голоси",00:04:23,track
"Мертві голоси",Zwyntar,"Мертві голоси",00:03:54,track
"Мої сестри — відьми",Zwyntar,"Мертві голоси",00:03:51,track
"Півні (feat. Tash Twisted)",Zwyntar,"Мертві голоси",00:03:17,track
Муншайн,Zwyntar,"Мертві голоси",00:03:10,track
Човен,Zwyntar,"Мертві голоси",00:05:13,track
"Face Like Tom Stone","A Pony Named Olga",Unknown,00:03:19,track
"Old 'n Cold","A Pony Named Olga",Unknown,00:03:54,track
"Blues Calls My Name","The Di Maggio Connection",Unknown,00:03:02,track
"Bitters End","Bryan Ferry and His Orchestra",Bitter-Sweet,00:02:27,track
"Reason or Rhyme","Bryan Ferry and His Orchestra",Bitter-Sweet,00:03:42,track
"Sea Breezes","Bryan Ferry and His Orchestra",Bitter-Sweet,00:03:01,track
"Audrey’s Dance","Angelo Badalamenti","Twin Peaks (Limited Event Series Soundtrack)",00:05:27,track
"Laura Palmer’s Theme (Love Theme From Twin Peaks)","Angelo Badalamenti","Twin Peaks (Limited Event Series Soundtrack)",00:04:48,track
"The Chair","Angelo Badalamenti","Twin Peaks (Limited Event Series Soundtrack)",00:04:31,track
"Saturday (Instrumental)",Chromatics,"Twin Peaks (Limited Event Series Soundtrack)",00:03:14,track
"Windswept (Reprise)","Johnny Jewel","Twin Peaks (Limited Event Series Soundtrack)",00:03:53,track
"Just You","James Marshall","Twin Peaks (Music from the Limited Event Series)",00:03:35,track
"The World Spins","Julee Cruise","Twin Peaks (Music from the Limited Event Series)",00:06:37,track
Tarifa,"Sharon Van Etten","Twin Peaks (Music from the Limited Event Series)",00:04:46,track
"I Love How You Love Me","The Paris Sisters","Always Heavenly - The Paris Sisters Anthology",00:02:10,track
"Bad things","Heatwaves & Freddie Dilevi",Unknown,00:02:57,track
Honey,"Hot Work",Unknown,00:03:00,track
"The Last Ride to El Dorado","Quentin Brothers",Unknown,00:02:59,track
Headstrong,"Robyn Adele Anderson",Unknown,00:03:25,track
"Bad Woman","Harry Jordan",Unknown,00:02:11,track
"Devils Been Keeping My Seat Warm","Harry Jordan",Unknown,00:02:47,track
"Magic 8 Ball","Harry Jordan",Unknown,00:02:22,track
"I’m Your Man ","Shovels and Rope feat. John Fullbright",Unknown,00:04:26,track
"The Air That I Breathe feat. Indianola","Shovels and Rope",Unknown,00:04:35,track
"You Never Can Tell","Shovels and Rope",Unknown,00:02:20,track
"(What's So Funny 'Bout) Peace, Love, And Understanding (with Lucius)","Shovels & Rope","Busted Jukebox: Volume 1",00:03:52,track
"Nothing Takes The Place Of You (with JD McPherson)","Shovels & Rope","Busted Jukebox: Volume 1",00:03:57,track
"Patience (with The Milk Carton Kids)","Shovels & Rope","Busted Jukebox: Volume 1",00:05:25,track
"Perfect Day","Shovels & Rope with Preservation Hall Jazz Band","Busted Jukebox: Volume 1",00:03:50,track
"Funeral song","Zukkor Zzov",Unknown,00:01:43,track
"Down in the willow garden","Zukkor Zzov",Unknown,00:03:40,track
"Last porridge for Goblin","Zukkor Zzov",Unknown,00:03:34,track
Labyrinth,"Zukkor Zzov",Unknown,00:02:50,track
"Me and the devil","Zukkor Zzov",Unknown,00:02:49,track
"Ode to a heart","Zukkor Zzov",Unknown,00:02:58,track
"Shots in the air","Zukkor Zzov",Unknown,00:03:11,track
"Wife of the wolf","Zukkor Zzov",Unknown,00:02:21,track
"Siren's song","Zukkor Zzov",Unknown,00:03:16,track
"Jumba Rumba","Familia Perkalaba",Unknown,00:04:18,track
"Funeral Cabaret","Familia Perkalaba",Unknown,00:05:15,track
Ma,"Familia Perkalaba",Unknown,00:04:17,track
Бабамоя,"Familia Perkalaba",Unknown,00:04:53,track
Живиця,"Familia Perkalaba",Unknown,00:03:36,track
Кобибиви,"Familia Perkalaba",Unknown,00:05:04,track
"Мадам Газель","Familia Perkalaba",Unknown,00:05:11,track
Пілот,"Familia Perkalaba",Unknown,00:04:20,track
Папіра,"Familia Perkalaba",Unknown,00:05:12,track
Танго,"Familia Perkalaba",Unknown,00:03:50,track
Ципа,"Familia Perkalaba",Unknown,00:04:47,track
"Out Of This World","Screamin' Rebel Angels",Unknown,00:02:48,track
"Hitch Hike","Screamin' Rebel Angels",Unknown,00:02:52,track
"Bumble Bee","Screamin' Rebel Angels",Unknown,00:02:14,track
"I Don't Want To Fight","Screamin' Rebel Angels",Unknown,00:03:47,track
"Ancient Winds","The Madeira","Center of the Surf",00:02:45,track
"Hail, Poseidon!","The Madeira","Center of the Surf",00:03:59,track
Ricochet,"The Madeira","Center of the Surf",00:03:29,track
Undercurrents,"The Madeira","Center of the Surf",00:02:33,track
"I do I do","Heatwaves & Freddie Dilevi",Unknown,00:02:34,track
"Less Festive Days","Lauren O'Connell",Unknown,00:03:16,track
"The Story of My Love (2018)","Sasha Nabokova",Unknown,00:02:59,track
"Deadly Day","Crystal & Runnin' Wild","The Midnight Creature",00:02:33,track
"Little By Little","Crystal & Runnin' Wild","The Midnight Creature",00:02:04,track
"Set Me Free","Crystal & Runnin' Wild","The Midnight Creature",00:02:51,track
"Take Me Home","Crystal & Runnin' Wild","The Midnight Creature",00:02:33,track
"The Midnight Creature","Crystal & Runnin' Wild","The Midnight Creature",00:02:30,track
"Crazy About You","Natascha & The Spy Boys",Unknown,00:04:38,track
"I Want A Little Sugar","Natascha & The Spy Boys",Unknown,00:04:34,track
"It's Raining Again","Natascha & The Spy Boys",Unknown,00:04:11,track
"Remember Me","Natascha & The Spy Boys",Unknown,00:03:46,track
"Free World","Kirsty McColl",Unknown,00:02:36,track
Innocence,"Kirsty McColl",Unknown,00:04:00,track
"Miss Otis Regrets","Kirsty McColl",Unknown,00:02:49,track
"Perfect Day","Kirsty McColl",Unknown,00:03:50,track
"A New England","Kirsty Mccoll",Pop,00:03:39,track
"They don't know","Kirsty McColl","The Indie scene 1979",00:03:06,track
Colours,"The Flower Pot Men","Past Imperfect",00:02:44,track
"Mythological Sunday","The Flower Pot Men","Past Imperfect",00:05:43,track
"A Fairytale Of New York","The Pogues Feat Kirsty Mccoll","The Best Christmas Album In Th",00:04:31,track
"Brown Beach","Les Panches Surfers",Unknown,00:02:57,track
Mapache,"Les Panches Surfers",Unknown,00:01:53,track
Takeshi,"Les Panches Surfers",Unknown,00:02:24,track
"Game Changer","Rachael Kilgour",Unknown,00:04:54,track
"In America","Rachael Kilgour",Unknown,00:04:16,track
"I'm Glad To Do It","Malford Milligan& Southern Aces",Unknown,00:04:44,track
"Hijo De Puta","Mr. Hypno & His Lo-Fi",Unknown,00:02:29,track
"Blue Skies","Robyn Adele Anderson",Unknown,00:02:43,track
"The Wire","Shovels & Rope",Unknown,00:02:57,track
"Fool's Heartbreak","Kalyn Fay",Unknown,00:03:53,track
Hey!,"The Hypnotunez","New Origins (LP)",00:03:05,track
"Wolfe Island Makeout Beach","The Huaraches",Unknown,00:02:47,track
"Blow Me a Kiss","Cass Elliot","Complete Cass Elliot Solo Collection 1968-71 Disc 1",00:02:50,track
"Dream a Little Dream of Me","Cass Elliot","Complete Cass Elliot Solo Collection 1968-71 Disc 1",00:03:41,track
"He's a Runner","Cass Elliot","Complete Cass Elliot Solo Collection 1968-71 Disc 1",00:03:39,track
"It's Getting Better","Cass Elliot","Complete Cass Elliot Solo Collection 1968-71 Disc 1",00:03:00,track
"For As Long As You Need Me","Cass Elliot","Complete Cass Elliot Solo Collection 1968-71 Disc 2",00:02:44,track
"Say Hello","Cass Elliot","Road Is No Place For A Lady",00:03:11,track
"Saturday Suit","Cass Elliot","Road Is No Place For A Lady",00:02:57,track
"[If You're Gonna] Break Another Heart","Cass Elliot","Road Is No Place For A Lady",00:02:23,track
"Sit And Wonder","Dave Mason & Cass Elliot","Dave Mason & Cass Elliot",00:03:35,track
"The Clown","Peter Green","30 Most Slow Blues",00:06:00,track
Suzanna,"The Big Three feat Mama Cass","Big 3 .1963",00:01:57,track
"Insane train","Hellbilly Club",Unknown,00:02:24,track
"Spanish kats attack","Hellbilly Club",Unknown,00:02:23,track
"You'll be my victim","Hellbilly Club",Unknown,00:03:01,track
"The beast is out","Hellbilly Club",Unknown,00:03:26,track
"Western Rose","Short Stack and Sides",Unknown,00:03:24,track
"Bomb the Prom","The Aquaholics",Unknown,00:02:22,track
"Long Long Day","Gin Gypsy","Just Like Candy",00:03:43,track
"Blue (Da Ba Dee​)​","Robyn Adele Anderson",Unknown,00:02:12,track
"Maybe Love","Sharlet Crooks",Unknown,00:03:29,track
Lambada,"The Cholla",Unknown,00:03:53,track
"Bloody Knuckles","The DeLorean Sisters",Unknown,00:02:34,track
"Shake a Hand","The Rockit 88 Band & Meghan Parnell",Unknown,00:04:48,track
"A16 Motorway","Octopus King",Unknown,00:03:53,track
"Poor Blighters","Octopus King",Unknown,00:04:16,track
"Baby, Don't You Worry","Kalyn Fay",Unknown,00:03:53,track
"Alright In The End","Kalyn Fay",Unknown,00:04:34,track
"Dressed In White","Kalyn Fay",Unknown,00:04:37,track
"Highway Driving","Kalyn Fay",Unknown,00:04:40,track
"Long Time Coming","Kalyn Fay",Unknown,00:04:32,track
"Misery, Bourbon & Blues","Hellbilly Club",Unknown,00:04:12,track
"Amigo Invisible","The Surfin Burritos",Unknown,00:03:10,track
"Now I Am The Lonely One","The Surfin Burritos",Unknown,00:03:14,track
"Dead Man's Crossing","Running From Daylight",Unknown,00:03:01,track
"Mary Jane","Running From Daylight",Unknown,00:02:14,track
"Too Fast For You","Evil Elvis",Unknown,00:03:37,track
"I'm a Man","The Dirty Shwa",Unknown,00:03:07,track
"Blood Red","The Grave Slaves",Unknown,00:02:10,track
"Crazy Psycho","The Grave Slaves",Unknown,00:02:59,track
"Crimson Tide","The Grave Slaves",Unknown,00:02:19,track
"Devil in Disguise","The Grave Slaves",Unknown,00:02:07,track
"Grave Slave World","The Grave Slaves",Unknown,00:03:38,track
"Maybe Tonight","The Grave Slaves",Unknown,00:02:45,track
Torture,"The Grave Slaves",Unknown,00:02:24,track
"Till Death","The Grave Slaves",Unknown,00:03:36,track
"What Have I Become","The Grave Slaves",Unknown,00:03:11,track
"Demon Twist","The Minestompers","The Minestompers",00:02:03,track
"Leprichaun Boogie","The Minestompers","The Minestompers",00:02:14,track
"Devil's Highway","The Thirsty Crows",Unknown,00:02:30,track
Tohuwabohu,"The Minestompers","The Minestompers",00:03:33,track
"Heart Attack","The Thirsty Crows",Unknown,00:03:15,track
"How Sweet To Be An Idiot","Neil Innes","How Sweet To Be An Idiot",00:02:51,track
"99 Luftballons",Nena,"1001 Songs Before You Die",00:03:53,track
"99 Red Luft Balloons",Nena,"1984: Billboard Top 100",00:03:54,track
"Nothing Compares 2 U","Sinéad O'Connor","I Do Not Want What I Haven't Got",00:05:10,track
"The Last Day Of Our Acquaintance","Sinéad O'Connor","I Do Not Want What I Haven't Got",00:04:40,track
"Black Coffee","Sinéad O'Connor","Am I Not Your Girl?",00:03:21,track
"Bewitched, Bothered And Bewildered","Sinéad O'Connor","Am I Not Your Girl?",00:06:15,track
"I Want To Be Loved By You","Sinéad O'Connor","Am I Not Your Girl?",00:02:45,track
"Love Letters","Sinéad O'Connor","Am I Not Your Girl?",00:03:07,track
"Why Don't You Do Right","Sinéad O'Connor","Am I Not Your Girl?",00:02:31,track
"Another Day","The Rutles","The Rutles",00:02:13,track
"Baby Let Me Be","The Rutles","The Rutles",00:01:57,track
"Between Us","The Rutles","The Rutles",00:02:03,track
"Blue Suede Schubert","The Rutles","The Rutles",00:02:14,track
"Cheese And Onions","The Rutles","The Rutles",00:02:42,track
"Doubleback Alley","The Rutles","The Rutles",00:02:57,track
"Good Times Roll","The Rutles","The Rutles",00:03:06,track
"Get Up And Go","The Rutles","The Rutles",00:03:19,track
"Goose-Step Mama","The Rutles","The Rutles",00:02:19,track
"Hold My Hand","The Rutles","The Rutles",00:02:11,track
"It's Looking Good","The Rutles","The Rutles",00:02:03,track
"I Must Be In Love","The Rutles","The Rutles",00:02:06,track
"Let's Be Natural","The Rutles","The Rutles",00:03:23,track
"Living In Hope","The Rutles","The Rutles",00:02:40,track
"Love Life","The Rutles","The Rutles",00:02:52,track
Nevertheless,"The Rutles","The Rutles",00:01:30,track
"Number One","The Rutles","The Rutles",00:02:53,track
Ouch!,"The Rutles","The Rutles",00:01:52,track
"With A Girl Like You","The Rutles","The Rutles",00:01:53,track
"Piggy In The Middle","The Rutles","The Rutles",00:04:11,track
"I Need You","Boogie Company",Unknown,00:02:49,track
"I Am The Walrus",Flamestones,Unknown,00:02:16,track
"Norwegian Wood","Gene Pool & The Shallows",Unknown,00:02:39,track
"Come Together","Surf Terraneos",Unknown,00:02:54,track
"For No One","The Jarnos",Unknown,00:02:12,track
"I Saw Her Standing There","The Silicon",Unknown,00:02:49,track
"The Untouchables","Scared Stiff","Dark Streets",00:04:18,track
"Sea Of Heartbreak","Johnny Cash","American Recordings II - Uncha",00:02:42,track
Spiritual,"Johnny Cash","American Recordings II - Uncha",00:05:06,track
Unchained,"Johnny Cash","American Recordings II - Uncha",00:02:52,track
"I See A Darkness","Johnny Cash","American Recordings III",00:03:43,track
"I Won't Back Down","Johnny Cash","American Recordings III",00:02:09,track
"Solitary Man","Johnny Cash","American Recordings III",00:02:25,track
"The Mercy Seat","Johnny Cash","American Recordings III",00:04:36,track
"Wayfaring Stranger","Johnny Cash","American Recordings III",00:03:22,track
"Bridge Over Troubled Water","Johnny Cash","American Recordings IV",00:03:55,track
"I Hung My Head","Johnny Cash","American Recordings IV",00:03:53,track
"In My Life","Johnny Cash","American Recordings IV",00:02:57,track
"Personal Jesus","Johnny Cash","American Recordings IV",00:03:20,track
"We'll Meet Again","Johnny Cash","American Recordings IV",00:02:58,track
"The Man Comes Around","Johnny Cash","American Recordings IV",00:04:27,track
"A Legend In My Own time","Johnny Cash","American Recordings V - A Hund",00:02:37,track
"Four Strong Winds","Johnny Cash","American Recordings V - A Hund",00:04:34,track
"If You Could Read My Mind","Johnny Cash","American V: A Hundred Highways",00:04:30,track
"Love's Been Good To Me","Johnny Cash","American Recordings V - A Hund",00:03:18,track
"Rose Of My Heart","Johnny Cash","American Recordings V - A Hund",00:03:18,track
"At The Zoo","Simon & Garfunkel","Bridge over troubled water",00:02:07,track
"Baby Driver","Simon & Garfunkel","Bridge Over Troubled Water",00:03:17,track
"Bye Bye Love","Simon & Garfunkel","Bridge Over Troubled Water",00:02:52,track
"Bridge Over Troubled Water","Simon & Garfunkel","Bridge Over Troubled Water",00:04:56,track
"El Condor Pasa (If I Could)","Simon & Garfunkel","Bridge Over Troubled Water",00:03:09,track
"For Emily, Whenever I May Find Her","Simon & Garfunkel","Bridge over troubled water",00:02:37,track
Cecilia,"Simon & Garfunkel","Bridge Over Troubled Water",00:02:54,track
"Keep The Customer Satisfied","Simon & Garfunkel","Bridge Over Troubled Water",00:02:37,track
"The Only Living Boy In New York","Simon & Garfunkel","Bridge Over Troubled Water",00:04:01,track
"Do Nothing","The Epileptic Hillbilly's",Insanity,00:03:00,track
"Personal Jesus","The Epileptic Hillbillys","Tales From The Underworld",00:03:13,track
Secrets,"The Epileptic Hillbillys","Tales From The Underworld",00:02:55,track
Underworld,"The Epileptic Hillbillys","Tales From The Underworld",00:03:18,track
Rain,"The Epileptic Hillbillys","Take Two",00:02:42,track
Promises,"The Epileptic Hillbillys","Take Two",00:03:01,track
"You Aint Nothin' But A Nuthin'","The Epileptic Hillbillys","Take Two",00:02:34,track
"Half Past France","John Cale","Paris 1919",00:04:19,track
"All Over Now","The Cranberries","Mainstream Radio February 2019",00:03:40,track
"Bridge Over Troubled Water","The Ventures","10th Anniversary Album",00:03:37,track
"Wouldn't It Be Nice (To Have Wings and Fly)","Buzz Clifford",Unknown,00:02:51,track
"Black Night","Cheryl Thompson",Unknown,00:02:01,track
"Cenizas de Ella","The Sonoras",Unknown,00:03:03,track
"La Danza de Los Espiritus","The Sonoras",Unknown,00:02:56,track
Memorias,"The Sonoras",Unknown,00:03:05,track
"All I Need","Tip Jar",Unknown,00:03:52,track
"At The Dance","Tip Jar",Unknown,00:04:32,track
"Back To The Barracks","Tip Jar",Unknown,00:03:55,track
"Blessing Of A Song","Tip Jar",Unknown,00:02:57,track
"Here Again","Tip Jar",Unknown,00:04:19,track
"One By One","Tip Jar",Unknown,00:04:55,track
"Sleepless Nights","Tip Jar",Unknown,00:04:32,track
"The Man I Love","Kate Bush with Larry Adler",Unknown,00:03:20,track
"Dancing Me to Death","Kim Lenz & Her Jaguars","The One and Only",00:01:58,track
"Save It","The Cramps","Bad Music for Bad People",00:02:57,track
Fever,"The Cramps","Songs The Lord Taught Us",00:04:17,track
"I Was a Teenage Werewolf","The Cramps","Songs The Lord Taught Us",00:03:04,track
Strychnine,"The Cramps","Songs The Lord Taught Us",00:02:25,track
"Don't Leave Me This Way","Harold Melvin & The Blue Notes","The Essential Harold Melvin & The Blue Notes",00:06:03,track
"Satisfaction Guaranteed","Harold Melvin & The Blue Notes","The Essential Harold Melvin & The Blue Notes",00:03:27,track
Chemicals,"Thee Apple Thieves","Finnish Psychobilly Invasion",00:02:55,track
"The Man They Couldn't Hang","Hola Ghost","PSYCHOBILLY - OLD vs NEW",00:04:02,track
"Cold Cold Sunday","Sgt Fury","This Is Psychobilly: 25 Years of Rockin and Wreckin (CD2)",00:03:26,track
Chicken,"The Cramps","Psychobilly Old V's New [THE FINAL COUNTDOWN]",00:01:40,track
"Psycho Mansion","The Klingonz","This Is Psychobilly: 25 Years of Rockin and Wreckin (CD2)",00:02:53,track
Sister,"The Long Tall Texans","This Is Psychobilly: 25 Years of Rockin and Wreckin (CD2)",00:01:51,track
"No Tomorrow","The Long Tall Texans","This Is Psychobilly: 25 Years of Rockin and Wreckin (CD2)",00:05:50,track
"All Gone Bad","The Rock-It Dogs","This Is Psychobilly ( CD3 )",00:03:52,track
"Schozoid Man","The Sharks","This Is Psychobilly: 25 Years of Rockin and Wreckin (CD2)",00:02:57,track
"Let's Go","The Moonstompers","My Best Of Modern Rockabilly    Vol 1",00:02:22,track
"Fool's Gold","Deke Dickerson","My Best of Modern Rockabilly 3",00:02:32,track
"Black Slacks","Danny Reno & The Seniors","My Best of Modern Rockabilly 5",00:01:43,track
"Mystery Train","Union Avenue","My Best of Modern Rockabilly 5",00:02:37,track
"Rock And Roll Guitar","Kim Lenz & Her Jaguars","My Best of Modern Rockabilly 7",00:02:16,track
"Dream Lover","The Silver Bullets","My Best of Modern Rockabilly 7",00:02:50,track
"Make Up Your Mind Baby","Darrel Higham","My Best of Modern Rockabilly 9",00:02:17,track
Help,"The Carpenters","Close To You",00:03:05,track
Now,"The Carpenters","Voice Of The Heart",00:03:51,track
"Ordinary Fool","The Carpenters","Voice Of The Heart",00:03:42,track
"Please Mr. Postman","The Carpenters",Horizon,00:02:52,track
"Reason to Believe","The Carpenters","Close To You",00:03:06,track
Saturday,"The Carpenters",Carpenters,00:01:18,track
Solitaire,"The Carpenters",Horizon,00:04:39,track
Superstar,"The Carpenters",Carpenters,00:03:49,track
"The End Of The World","The Carpenters","Now And Then",00:02:26,track
"Sweet, Sweet Smile","The Carpenters",Passage,00:03:01,track
"Ticket To Ride","The Carpenters","Ticket To Ride",00:04:13,track
"Yesterday Once More","The Carpenters","The Singles 1969-1973 (A&M CD 3601)",00:03:59,track
"Fuel To The Flame","Skeeter Davis","The Essential Skeeter Davis",00:02:46,track
"I Can't Stay Mad At You","Skeeter Davis",Unknown,00:02:09,track
"I Love Us","Skeeter Davis","45 rip - Mercury 73818",00:03:08,track
"My Last Date (With You)","Skeeter Davis",Unknown,00:02:35,track
"One More Time","Skeeter Davis",c74_347,00:02:26,track
"Hallelujah (I'm a Dreamer) (feat. Amy LaVere)","Luther Dickinson and Sisters of the Strawberry Moon",Unknown,00:02:48,track
"Kathy (feat. Birds of Chicago)","Luther Dickinson and Sisters of the Strawberry Moon",Unknown,00:04:17,track
"Sing To Me (feat. Amy Helm)","Luther Dickinson and Sisters of the Strawberry Moon",Unknown,00:04:41,track
"Superlover (feat. Birds of Chicago)","Luther Dickinson and Sisters of the Strawberry Moon",Unknown,00:03:53,track
"The Night Is Still Young (feat. Amy LaVere)","Luther Dickinson and Sisters of the Strawberry Moon",Unknown,00:03:57,track
"Til It's Gone (feat. Birds of Chicago)","Luther Dickinson and Sisters of the Strawberry Moon",Unknown,00:05:07,track
"Fool Talkin' Man","Rob Heron & The Tea Pad Orchestra",Unknown,00:03:40,track
"Like a Cuckoo","Rob Heron & The Tea Pad Orchestra",Unknown,00:02:42,track
"Soul of My City","Rob Heron & The Tea Pad Orchestra",Unknown,00:03:56,track
"I Know How to Hex You","Twin Temple","Twin Temple (Bring You Their Signature Sound.... Satanic Doo-Wop)",00:03:04,track
"In Lvx","Twin Temple","Twin Temple (Bring You Their Signature Sound.... Satanic Doo-Wop)",00:01:21,track
"Femme Fatale","Twin Temple","Twin Temple (Bring You Their Signature Sound.... Satanic Doo-Wop)",00:03:26,track
"Let's Hang Together","Twin Temple","Twin Temple (Bring You Their Signature Sound.... Satanic Doo-Wop)",00:04:11,track
"I'm Wicked","Twin Temple","Twin Temple (Bring You Their Signature Sound.... Satanic Doo-Wop)",00:04:44,track
"Lucifer, My Love","Twin Temple","Twin Temple (Bring You Their Signature Sound.... Satanic Doo-Wop)",00:05:49,track
"Santa Muerte","Twin Temple","Twin Temple (Bring You Their Signature Sound.... Satanic Doo-Wop)",00:03:10,track
"The Devil (Didn't Make Me Do It)","Twin Temple","Twin Temple (Bring You Their Signature Sound.... Satanic Doo-Wop)",00:04:41,track
"Sex Magick","Twin Temple","Twin Temple (Bring You Their Signature Sound.... Satanic Doo-Wop)",00:03:35,track
"Eleanor Rigby","Booker T. & The Mg's","Wordless - Any Major Beatles Jazz",00:03:39,track
"Eleanor Rigby","Chick Corea","All-Star Jazz Celebration - The Beatles Covers",00:04:39,track
"For No One","Cilla Black",Unknown,00:01:53,track
"From Me To You","Del Shannon","Greatest Hits",00:01:58,track
Temptation,"Diana Krall","The Girl In The Other Room",00:04:27,track
"Get Back","Ike & Tina Turner","Working Together",00:03:03,track
"Rocky Raccoon","Richie Havens","Sings The Beatles And Dylan",00:04:13,track
Ruby,"Karling and the Kadavers","Psycho In The Street Vol. 2",00:04:01,track
"My Evil","Evil Elvis",Unknown,00:03:14,track
"Eating My Baby Alive","The Despots",Unknown,00:05:02,track
Haunted,"The Trillionairs",Unknown,00:03:11,track
"Baby I Love You (feat. Mark Phillips)","The Hillbilly Moon Explosion","The Sparky Sessions",00:03:24,track
"Jackson (feat. Mark Phillips)","The Hillbilly Moon Explosion","The Sparky Sessions",00:03:07,track
"Can't Take My Eyes of You (feat. Mark Phillips)","The Hillbilly Moon Explosion","The Sparky Sessions",00:04:18,track
"My Love for Evermore (feat. Mark Phillips)","The Hillbilly Moon Explosion","The Sparky Sessions",00:03:27,track
"Northern Crown (feat. Mark Phillips)","The Hillbilly Moon Explosion","The Sparky Sessions",00:03:27,track
"Obsession (feat. Mark Phillips)","The Hillbilly Moon Explosion","The Sparky Sessions",00:02:50,track
"Queen of Hearts","The Hillbilly Moon Explosion feat. Mark Phillips","The Sparky Sessions",00:03:15,track
"Midnight Train","The Stamps",Unknown,00:02:40,track
"Call of The Mountain Swing","Boom! Boom! Deluxe",Unknown,00:02:43,track
Screwy,"Boom! Boom! Deluxe",Unknown,00:03:08,track
"Talking Pictures","Boom! Boom! Deluxe",Unknown,00:04:02,track
"V8 Lullaby","Boom! Boom! Deluxe",Unknown,00:03:22,track
"Happy Thoughts",Mo7s,Unknown,00:02:37,track
"Sheeple Life",Mo7s,Unknown,00:03:12,track
"You're My Everything",Mo7s,Unknown,00:03:29,track
"Mississippi Nuthin'","Shovels & Rope",Unknown,00:03:52,track
"By Heart","Nick Waterhouse",Unknown,00:04:03,track
"Wreck The Rod","Nick Waterhouse",Unknown,00:02:44,track
"Clogged and Idle Freeways","Reese McHenry",Unknown,00:02:47,track
Fever,"Reese McHenry",Unknown,00:03:02,track
"Gin & Catatonic","Reese McHenry",Unknown,00:02:25,track
"I Hate Waiting","Reese McHenry",Unknown,00:05:25,track
"Murdered Love","Reese McHenry",Unknown,00:02:32,track
"Someday I'll See","Reese McHenry",Unknown,00:03:46,track
"Summer Sheets","Reese McHenry",Unknown,00:04:52,track
"White Bear Incident","Reese McHenry",Unknown,00:03:39,track
"By Blood","Shovels & Rope",Unknown,00:03:39,track
"C'Mon Utah!","Shovels & Rope",Unknown,00:03:47,track
"Carry Me Home","Shovels & Rope",Unknown,00:04:40,track
"Good Old Days","Shovels & Rope",Unknown,00:04:21,track
"Twisted Sisters","Shovels & Rope",Unknown,00:03:43,track
"It's All Leading Up To Saturday Night",Marmalade,"Best of The Marmalade",00:02:21,track
"Hard Times (Nobody Knows Bette","Ray Charles","The Genius Sings The Blues",00:02:56,track
"Hit The Road Jack","Ray Charles","The Very Best Of Ray Charles",00:01:57,track
"Hallelujah I Love Her So","Ray Charles","The Very Best Of Ray Charles",00:02:32,track
"Let's Go Get Stoned","Ray Charles","The Very Best Of Ray Charles",00:03:03,track
"Chica Surf","Didi Wray",Unknown,00:02:19,track
"Tomo y Obligo","Didi Wray",Unknown,00:03:01,track
"Sexo En La Playa","The Jagaloons",Unknown,00:03:32,track
"Georgia Lee","Tom Waits","Mule Variations",00:04:24,track
"California Dreamin' Featuring Patti Russo","Meat Loaf","2012 - Hell In A Handbasket",00:03:57,track
"Good Girls Go to Heaven (Bad Girls Go Everywhere)","Meat Loaf","Bat out of Hell II: Back into Hell",00:06:53,track
"I'd Do Anything for Love (But I Won't Do That)","Meat Loaf","Bat out of Hell II: Back into Hell",00:12:00,track
"Objects In The Rear View Mirror May Appear Closer Than They Are","Meat Loaf","Bat out of Hell II: Back into Hell",00:10:15,track
"Rock and Roll Dreams Come Through","Meat Loaf","Bat out of Hell II: Back into Hell",00:05:50,track
"Have You Ever Seen The Rain?","Bonnie Tyler","Heaven & Hell",00:04:06,track
"Come Together","Meat Loaf",Single,00:03:17,track
"I'd Lie For You (And That's The Truth)","Meat Loaf","Now That's What I Call Music 32",00:04:42,track
"Honey Won't Let Me","Peggy Lipton","The Complete Ode Recordings",00:03:53,track
"Let Me Pass By","Peggy Lipton","The Complete Ode Recordings",00:03:07,track
"Now That Everything's Been Said","Peggy Lipton","The Complete Ode Recordings",00:02:41,track
"Blue Valentines","Tom Waits","blue valentine",00:05:49,track
"Anywhere I Lay My Head","Tom Waits","Glitter And Doom: Live In Atlanta (CD2)",00:03:38,track
"Falling Down","Tom Waits","Glitter And Doom: Live In Atlanta (CD1)",00:04:29,track
November,"Tom Waits","Glitter And Doom: Live In Atlanta (CD1)",00:03:29,track
"Innocent When You Dream","Tom Waits",Unknown,00:04:16,track
"Sniper Driver","El Ray","Shoot From The Hip",00:02:24,track
"Secret Agent Man","El Ray","Shoot From The Hip",00:02:46,track
"Mother of Earth",Langhorns,Langhorns,00:02:51,track
Penetration,Langhorns,Langhorns,00:02:36,track
"Squad Car",Langhorns,Langhorns,00:02:38,track
Aspiracion,Langhorns,"Club Gabardino",00:03:48,track
"Club Gabardino",Langhorns,"Club Gabardino",00:03:28,track
Dauphin,Langhorns,"Club Gabardino",00:02:17,track
"Point Neuf",Langhorns,"Club Gabardino",00:02:47,track
"La Ruta Del Bacaloa",Langhorns,"Mission Exotica",00:03:05,track
"Dark Bottle","Dark Bottle",Unknown,00:04:42,track
"Werewolf Boy","The Rockin Henrys",Unknown,00:03:36,track
"Lullaby of Birdland","Charlie Parker","Complete Jazz at Massey Hall",00:02:33,track
"Lullaby of Birdland","Chet Atkins","Chet Atkins' Workshop (stereo vinyl)",00:02:07,track
"Lullaby Of Birdland","Chris Connor","All About Ronnie",00:02:24,track
"Lullaby Of Birdland","Coleman Hawkins And His All+Stars","Coleman Hawkins Vol.7 (1949-54)",00:05:16,track
"Lullaby of Birdland","Duke Ellington, Ella Fitzgerald","Duke Ellington Orch.",00:02:53,track
"Lullaby of Birdland","Stan Getz",Unknown,00:02:23,track
"Dancing Queen","Puddles Pity Party",Unknown,00:03:52,track
Crying,"Puddles Pity Party",Unknown,00:02:33,track
Hallelujah,"Puddles Pity Party",Unknown,00:05:24,track
Hurt,"Puddles Pity Party",Unknown,00:03:44,track
"I (Who Have Nothing)","Puddles Pity Party",Unknown,00:04:16,track
"Moon River","Puddles Pity Party",Unknown,00:02:57,track
"Perfect Day","Puddles Pity Party",Unknown,00:03:41,track
"Space Oddity","Puddles Pity Party",Unknown,00:03:57,track
"What A Wonderful World","Puddles Pity Party",Unknown,00:02:37,track
"Wish You Were Here","Puddles Pity Party",Unknown,00:02:54,track
"Here, There And Everywhere","Emmylou Harris",Unknown,00:03:41,track
"Joe Le Taxi","Vanessa Paradis",#1987,00:03:56,track
"Before You Accuse Me","Eric Clapton",Unplugged,00:03:44,track
"Nobody Knows You When You're Down and Out","Eric Clapton",Unplugged,00:03:48,track
Layla,"Eric Clapton",Unplugged,00:04:46,track
"Running on Faith","Eric Clapton",Unplugged,00:06:29,track
"Wonderful Tonight","Eric Clapton","Eric Clapton",00:03:41,track
"Your Song","Ellie Goulding","The braun MTV-Eurochart Vol.1",00:03:08,track
"Brothers In Arms","Joan Baez","The Complete Gold Castle Masters CD1",00:05:02,track
Hate,"Cat Power","The Greatest",00:03:39,track
"Lived in Bars","Cat Power","The Greatest",00:03:46,track
"The Greatest","Cat Power","The Greatest",00:03:25,track
"Love & Communication","Cat Power","The Greatest",00:04:34,track
"The Moon","Cat Power","The Greatest",00:03:46,track
Fever,"Petula Clark","Living For Today",00:02:46,track
"Monday, Monday","Petula Clark","I Couldn't Live Without Your Love",00:02:54,track
"Down Town","Marianne Faithfull","Marianne Faithfull",00:02:48,track
"These Are The Days Of Our Lives","Petula Clark","Then & Now: The Very Best Of Petula Clark",00:04:19,track
"We Can Work It Out","Petula Clark","Downtown: The Pye Anthology  disc 1",00:02:53,track
"Saturday Sunshine","Petula Clark","Jumbo Sale - Rarities & Obscurities - 1959-1964 - CD2",00:02:02,track
"Вітер Дме",РвБ,Unknown,00:04:10,track
Sacrifice,"Sinéad O'Connor","Two Rooms - Celebrating The Songs Of Elton John & Bernie Taupin",00:05:12,track
"Hello, Young Lovers","Chrissie Hynde & The Valve Bone Woe Ensemble","Valve Bone Woe",00:04:28,track
"Que reste-t-il de nos amours ?","Chrissie Hynde & The Valve Bone Woe Ensemble","Valve Bone Woe",00:04:40,track
"Wild Is the Wind","Chrissie Hynde & The Valve Bone Woe Ensemble","Valve Bone Woe",00:05:46,track
"Blue Had You","The April Family",Unknown,00:03:06,track
Adelaide,"The April Family",Unknown,00:04:26,track
Cannonball,"The April Family",Unknown,00:03:41,track
Champagne,"The April Family",Unknown,00:04:12,track
"Hopelessly Devoted To You","The April Family",Unknown,00:03:22,track
"Friends Like These","The April Family",Unknown,00:02:43,track
"I Ain't Lonely Yet","The April Family",Unknown,00:03:39,track
"One Trick Pony","The April Family",Unknown,00:03:33,track
"Poor Girl's Blues","The April Family",Unknown,00:01:48,track
"In My Life","The April Family",Unknown,00:03:10,track
Sorryman,"The April Family",Unknown,00:04:29,track
"Poor Poor Pitiful Me","The April Family",Unknown,00:03:38,track
"Take Me Home, Country Roads","The April Family",Unknown,00:03:00,track
"The One To Set Me Free","The April Family",Unknown,00:03:20,track
"This Road","The April Family",Unknown,00:04:31,track
"When My Life","The April Family",Unknown,00:03:45,track
"This Girl","The April Family",Unknown,00:04:09,track
"Little Blonde Plaits","Chris Rea","Music History. Greatest Hits (CD 1)",00:04:15,track
"On The Beach","Chris Rea","The Ultimate Collection: 1978-2000",00:05:06,track
"Sweet Sunday","Chris Rea","Blue Guitars 01 Beginnnings",00:05:38,track
Josephine,"Chris Rea","The Ultimate Collection: 1978-2000",00:03:56,track
Hearts,"Sydne Rome","Disco Shit",00:03:46,track
"Big Black Witchcraft Rock","The Cramps","Fiends of Dope Island",00:03:28,track
"A Plan Too Far","Chrissie Hynde",Stockholm,00:03:13,track
"Adding The Blue","Chrissie Hynde",Stockholm,00:04:38,track
"Down The Wrong Way","Chrissie Hynde",Stockholm,00:03:37,track
"House Of Cards","Chrissie Hynde",Stockholm,00:03:51,track
"Dark Sunglasses","Chrissie Hynde",Stockholm,00:03:05,track
"Like In The Movies","Chrissie Hynde",Stockholm,00:03:16,track
"Sweet Nuthin'","Chrissie Hynde",Stockholm,00:03:00,track
"In A Miracle","Chrissie Hynde",Stockholm,00:04:00,track
"You Or No One","Chrissie Hynde",Stockholm,00:03:41,track
"Tourniquet (Cynthia Anne)","Chrissie Hynde",Stockholm,00:02:42,track
"You're The One","Chrissie Hynde",Stockholm,00:02:50,track
"Вільний День",РвБ,Unknown,00:03:33,track
Грій,РвБ,Unknown,00:03:47,track
Гайда!,РвБ,Unknown,00:02:51,track
Бізнесмен,РвБ,Unknown,00:03:19,track
Дурна,РвБ,Unknown,00:03:36,track
"Тримайся Ритму",РвБ,Unknown,00:02:27,track
"Хитай Стегна",РвБ,Unknown,00:03:32,track
"Дай Мені Знати",РвБ,Unknown,00:03:39,track
"Чую Крик",РвБ,Unknown,00:03:36,track
"Я Вигадав Світ",РвБ,Unknown,00:03:42,track
"The Boxer","Simon & Garfunkel","Bridge Over Troubled Water",00:05:12,track
Tomorrow,"Chris Young",Unknown,00:03:41,track
"Clowin In Your Rodeo","Kathy Mattea","Volume 18",00:03:26,track
"Blue Skies","Willie Nelson",Unknown,00:03:38,track
"You've Lost That Lovin' Feelin'","Elvis Presley With the Royal Philharmonic Orchestra","If I Can Dream",00:03:58,track
"Strange Fruit","Tori Amos ",Unknown,00:04:03,track
Drive,"The Cars","Heartbeat City",00:03:54,track
"Суєта суєт","Калич Блюз","×àñ ïîâèíåí çì³íèòèñü( EF-STUDIO 2011 )",00:05:28,track
Чорнобривці,"Калич Блюз","×àñ ïîâèíåí çì³íèòèñü( EF-STUDIO 2011 )",00:04:55,track
"Горячий пес","Віка Врадій","Віка - Vika",00:04:25,track
"Мама, я фраєра люблю","Віка Врадій","Віка - Vika",00:04:01,track
"Мамо, я дурна","Віка Врадій","Віка - Vika",00:03:29,track
"Ball in a Pub O'Racoon","The CheekyBenders","The CheekyBenders EP",00:03:18,track
"Girl in a Helmet","The CheekyBenders","The CheekyBenders EP",00:02:43,track
"Hot Rod Accelerator","The CheekyBenders","The CheekyBenders EP",00:03:49,track
"Only to Trust Your Own Mind","The CheekyBenders","The CheekyBenders EP",00:05:09,track
"Iванкова Наречена","Los Kabanos","Темне Весiлля",00:02:13,track
"Iванкове Весiлля","Los Kabanos","Темне Весiлля",00:03:28,track
"Гуцул Тарантул","Los Kabanos","Темне Весiлля",00:03:40,track
"Кавалок м'яса","Los Kabanos","Темне Весiлля",00:01:49,track
Мавка,"Los Kabanos","Темне Весiлля",00:02:42,track
"Кров'яна рута","Los Kabanos","Темне Весiлля",00:02:06,track
"Полiт кажана","Los Kabanos","Темне Весiлля",00:01:12,track
"Пекельна коломийка","Los Kabanos","Темне Весiлля",00:02:49,track
"Смерека Бiт","Los Kabanos","Темне Весiлля",00:02:51,track
Труна,"Los Kabanos","Темне Весiлля",00:04:57,track
"Не бійся жити","Мария Бурмака",Zaycev.Net,00:03:47,track
"Сонцем, небом, дощем","Мария Бурмака",Zaycev.Net,00:03:49,track
Забудь,"Марія Бурмака",ÑÀÓÍÄÒÐÅÊÈ,00:03:53,track
Пробач,"Марія Бурмака","Back To The 90-2000 !",00:03:33,track
"Without You","Petula Clark","1970's Collection",00:02:39,track
"Dr Jeckyll","Octopus King",Unknown,00:02:47,track
"The Clouds In Camarillo",Brazzaville,Unknown,00:04:25,track
"Space Terror","Kraken Landau",Unknown,00:04:05,track
"Black, Brown And White","Freeky Cleen feat. V. Sorokin",Unknown,00:02:42,track
"Пси пустелі",Jillhouse,Unknown,00:04:31,track
"Ramble Tamble","The Troubled",Unknown,00:02:19,track
"Butterfly Baby","Donna Dunne",Unknown,00:03:47,track
"Fight for Me","Donna Dunne",Unknown,00:03:45,track
"The Legends I Never Knew","Donna Dunne",Unknown,00:03:35,track
"Way Back Then","Donna Dunne",Unknown,00:02:54,track
"Psycho Cop","Guitar Slingers",Unknown,00:02:58,track
"Medytacje wiejskiego listonosza",Skaldowie,"Greatest Hits of Skaldowie vol.1",00:02:51,track
"Przesliczna wiolonczelistka",Skaldowie,"Greatest Hits of Skaldowie vol.1",00:02:59,track
"Uciekaj uciekaj",Skaldowie,"Greatest Hits of Skaldowie vol.1",00:03:06,track
"Wszystko mi mówi że mnie ktoś pokochał",Skaldowie,"Greatest Hits of Skaldowie vol.1",00:02:16,track
"I Was Born To Love You (Special Edition)","Freddie Mercury","Never Boring (Deluxe)",00:03:39,track
"Foolin' Around","Freddie Mercury","Never Boring (Deluxe)",00:03:30,track
"How Can I Go On","Freddie Mercury","Never Boring (Deluxe)",00:03:58,track
"In My Defence (2000 Remix)","Freddie Mercury","Never Boring (Deluxe)",00:03:52,track
"La Japonaise (New Orchestrated Version)","Freddie Mercury","Never Boring (Deluxe)",00:04:52,track
"Living On My Own (No More Brothers Radio Mix)","Freddie Mercury","Never Boring (Deluxe)",00:03:37,track
"Love Kills (Special Edition)","Freddie Mercury","Never Boring (Deluxe)",00:04:29,track
"Mr. Bad Guy","Freddie Mercury","Never Boring (Deluxe)",00:04:10,track
"The Great Pretender (Special Edition)","Freddie Mercury","Never Boring (Deluxe)",00:03:26,track
"There Must Be More To Life Than This (Special Edition)","Freddie Mercury","Never Boring (Deluxe)",00:03:01,track
"Time Waits For No One","Freddie Mercury","Never Boring (Deluxe)",00:03:18,track
"Your Kind Of Lover","Freddie Mercury","Never Boring (Deluxe)",00:03:35,track
"To Love Someone","Ral Donner",Unknown,00:02:51,track
"Little Pig","The Wanktones","My Best of Modern Rockabilly 8",00:02:38,track
"Sunshine After The Rain","Elkie Brooks","Without You",00:03:20,track
"Crying In The Chapel","Elvis Presley","Essential 60's Masters",00:02:24,track
"Mama Liked The Roses","Elvis Presley","Essential 60's Masters",00:02:48,track
"The Shortest Story","Harry Chapin","Greatest Stories Live",00:02:25,track
Days,"Kirsty McColl",Unknown,00:03:00,track
"The end of the world","Mary Duff","Mary Duff: The complete collection CD 1",00:02:37,track
"The End Of The World","Paul Anka","The Best Of",00:03:00,track
"Scarborough Fair Canticle","Simon & Garfunkel","The Definitive Collection",00:03:07,track
"I Want You (She's So Heavy)","The Beatles","Abbey Road",00:07:46,track
"There You'll Be","Faith Hill","Mastermix (Classic Cuts): 104 - Modern Country",00:03:40,track
"There's Your Trouble","The Dixie Chicks","Mastermix (Classic Cuts): 104 - Modern Country",00:03:09,track
"The Universal Soldier","Buffy Sainte-Marie","It's My Way!",00:02:20,track
"He She",Deadite,Unknown,00:02:06,track
"It Follows",Deadite,Unknown,00:02:39,track
Russel,Deadite,Unknown,00:02:47,track
"Growing Pains","Edward Hartline",Unknown,00:04:11,track
"Drunk On Your Love","Freeky Cleen",Unknown,00:02:57,track
"My Love","Freeky Cleen & Doug Steigerwald",Unknown,00:03:45,track
"Bring It Home Tonight","Raygun Cowboys",Unknown,00:03:01,track
"Fast machine","Raygun Cowboys",Unknown,00:03:53,track
Limbo,"Raygun Cowboys",Unknown,00:03:13,track
"Walk Of Life","Raygun Cowboys",Unknown,00:04:10,track
Truth,"Raygun Cowboys",Unknown,00:04:13,track
"Kissing in the Dark","The Sara Gee & Ramblin Matt Band",Unknown,00:03:06,track
"Shake a Hand","The Sara Gee & Ramblin Matt Band",Unknown,00:04:42,track
"Highway Rider","Carter Sampson",Unknown,00:04:01,track
"Queen Of Oklahoma","Carter Sampson",Unknown,00:05:06,track
"Since I Fell For You","Carter Sampson",Unknown,00:03:46,track
Easy,"Crys Matthews",Unknown,00:04:22,track
"Missing You","Crys Matthews",Unknown,00:02:59,track
"It Was You","Crys Matthews",Unknown,00:03:52,track
Ruby,"Crys Matthews",Unknown,00:03:20,track
"Rather Than","Crys Matthews",Unknown,00:04:18,track
"Horror! Horror! Scream All About It!","Running From Daylight",Unknown,00:02:47,track
"If I Only Had A Brain","Thee Scarecrows AKA",Unknown,00:02:14,track
"Freight Train","Thee Scarecrows AKA",Unknown,00:02:47,track
"Powder Keg","Thee Scarecrows AKA",Unknown,00:02:59,track
"Six Knuckle Shuffle","Thee Scarecrows AKA",Unknown,00:02:45,track
"The Ballad of Ross The Highland Coo","Thee Scarecrows AKA",Unknown,00:03:16,track
"The Ballad of The Boll Weevil","Thee Scarecrows AKA",Unknown,00:03:05,track
"The Rook and The Crow","Thee Scarecrows AKA",Unknown,00:02:45,track
"Mad About The Boy","Dinah Washington",#-1955,00:02:47,track
"Listen to the Hummingbird","Leonard Cohen","Thanks for the Dance",00:02:01,track
"It's Torn","Leonard Cohen","Thanks for the Dance",00:02:57,track
"Happens to the Heart","Leonard Cohen","Thanks for the Dance",00:04:33,track
"Moving On","Leonard Cohen","Thanks for the Dance",00:03:11,track
"Goin' for Broke","Kerry Pastine and the Crime Scene",Unknown,00:04:01,track
"Leanin' In","Kerry Pastine and the Crime Scene",Unknown,00:03:10,track
"Rain or Shine","Kerry Pastine and the Crime Scene",Unknown,00:04:24,track
"Singapore Downbeat","Kerry Pastine and the Crime Scene",Unknown,00:04:23,track
"Tears of Heartache","Kerry Pastine and the Crime Scene",Unknown,00:04:26,track
"Bop & Shake","La Perra Blanco",Unknown,00:03:28,track
"It`s Fun But It`s Wrong","La Perra Blanco",Unknown,00:02:11,track
"Down the line","La Perra Blanco",Unknown,00:02:53,track
"Loving you","La Perra Blanco",Unknown,00:02:36,track
Misery,"La Perra Blanco",Unknown,00:02:39,track
River,"La Perra Blanco",Unknown,00:03:33,track
"Sleeping and Smoking","La Perra Blanco",Unknown,00:03:07,track
"Touch my back","La Perra Blanco",Unknown,00:02:11,track
"Trying to quit you","La Perra Blanco",Unknown,00:02:41,track
"Ain`t No Grave","Rio and the Rockabilly Revival",Unknown,00:04:30,track
"Once Upon A Time","Rio and the Rockabilly Revival",Unknown,00:03:30,track
Greensleeves,"Satan's Pilgrims",Unknown,00:02:41,track
Cabin,"The Secret Sisters",Unknown,00:03:47,track
Try,"Harry Nilsson","Losst And Founnd",00:03:15,track
U.C.L.A.,"Harry Nilsson","Losst And Founnd",00:04:21,track
"Woman Oh Woman","Harry Nilsson","Losst And Founnd",00:03:16,track
"What Does A Woman See In A Man","Harry Nilsson","Losst And Founnd",00:05:01,track
"Your Latest Trick","Gimnazija Kranj Revue Orchestra",Unknown,00:04:07,track
"500 Miles","Phil Odgers",Unknown,00:02:14,track
"Golden Hue","Reverend Red",Unknown,00:04:16,track
"Sunday's Best","Elvis Costello and The Attractions","Armed Forces (extra tracks 1993)",00:03:23,track
"Message To Martha (Kentucky Bluebird)","Jay & The Americans","Soulseek Downloads",00:03:30,track
"Sunday And Me","Jay And The Americans","Come A Little Bit Closer: The Best Of Jay & The Americans",00:02:56,track
"Monday, Monday","Jay & The Americans","Livin Above Your Head & Try Some Of This",00:03:11,track
Friday,"Joe Jackson","I'm The Man",00:03:36,track
"Monday, Monday","Marianne Faithfull","Marianne Faithfull",00:03:11,track
"Heaven on a Sunday","Paul McCartney","Flaming Pie",00:04:27,track
"Manic Monday",Prince,Originals,00:02:51,track
"Sunday Mondays","Vanessa Paradis","Best Of",00:03:56,track
Sunday,"The Cranberries","Treasure Box CD1: Everybody Else Is Doing It So Why Can't We?",00:03:31,track
"Wednesday Heals Shadow","Brian Reitzell","American Gods",00:03:07,track
"Any Wednesday","Charlie Byrd, Orchestra and Chorus","Hollywood Byrd",00:02:10,track
"Wednesday Night Waltz","Chet Atkins","Galloping Guitar - The Early Years [Disc 1]",00:02:33,track
"Ash Wednesday Blues","Don Joseph","One Of A Kind (w Al Cohn)",00:04:51,track
"Good Friday","Elvis Perkins","Ash Wednesday",00:05:18,track
"Windy Wednesday","Gordon Alexander","Looking For The Sun • Curt Boettcher and Friends",00:03:25,track
"Wednesday's Child (Theme From The Quiller Memorandum)","Matt Monro","Come Spy With Us: Secret Agent Songbook",00:02:37,track
"Wednesday's Child","Mike Hurst Orchestra","Mood Mosaic: The Thriller Memorandum",00:02:13,track
"Wednesday's Child","Patty McGovern","Wednesday's Child",00:03:01,track
"Wednesday's Child","Roland Shaw & His Orchestra","The Phase Four World Of Spy Thrillers",00:02:10,track
"Wednesday's Child",Rustix,Bedlam,00:03:07,track
"Half Of Wednesday","The Rookies","Half Of Wednesday",00:02:11,track
Wednesday,"Paul Motian, Bill Frisell, Joe Lovano","Time And Time Again",00:03:57,track
Wednesday,"Tori Amos","Scarlet's Walk",00:02:30,track
"Half of Wednesday","We the People",Unknown,00:02:19,track
"Wednesday Down","Tufano Giammarese",Unknown,00:03:04,track
"Cursed Neck",Strawfoot,Unknown,00:04:33,track
"Funeral March",Strawfoot,Unknown,00:04:35,track
"Goin' South",Strawfoot,Unknown,00:05:05,track
"Ramblin' Man",Strawfoot,Unknown,00:04:45,track
"Thursday The 12th","Charlie Hunter Quartet",Unknown,00:05:44,track
Thursday,"Count Basie & His Orchestra",Unknown,00:03:12,track
"Thursday Night","Cuby & Blizzards",Unknown,00:03:23,track
"3 10 Smokey Thursday","Danny O'Keefe",Unknown,00:03:29,track
"Thursday Night Stomp","Dave Hillyard And The Rocksteady Seven",Unknown,00:04:57,track
"Jersey Thursday","Douglas Fir",Unknown,00:02:20,track
"One Sad Thursday","Don Byas",Unknown,00:03:50,track
"Friday Let Me Down","Hall & Oates",Unknown,00:03:36,track
"Friday Night","Jerry Lee Lewis",Unknown,00:01:45,track
Thursday,"Jess Glynne",Unknown,00:04:02,track
"Hymn For Easter Thursday","Keith Jarrett",Unknown,00:03:25,track
Thursday,"Laurels Sunshine",Unknown,00:02:40,track
"Thursday Girl","Lonnie Johnson",Unknown,00:02:55,track
"Friday Afternoon","Lydia Lunch",Unknown,00:04:12,track
"Thursday Night Blues","Mellow Cats 'N' Kittens",Unknown,00:02:38,track
"To Claudia On Thursday",Millennium,Unknown,00:03:26,track
"Gentle Thursday","Music Emporium",Unknown,00:03:47,track
"Thursday Morning Revival","New Orleans Nightcrawlers",Unknown,00:04:36,track
"Monday Through Thursday","Steve Mancha",Unknown,00:02:23,track
"When It's Nighttime in Italy It's Wednesday Over Here","Robin Dransfield",Unknown,00:02:51,track
"Probably on a Thursday","Sarah Brightman",Unknown,00:03:29,track
Friday,"Suzi Quatro",Unknown,00:03:53,track
"Thursday Evening Swing","The Cats & the Fiddle",Unknown,00:02:26,track
"Somewhere Friday Night","The Turtles",Unknown,00:03:24,track
"Like A Summer Thursday","Townes Van Zandt",Unknown,00:03:04,track
"Fired On A Thursday","Troy Turner",Unknown,00:03:09,track
"Losing On A Tuesday","Adam Green",Unknown,00:01:46,track
"What About Tuesday","Candy Says",Unknown,00:02:45,track
"Everything's Tuesday","Chairmen Of The Board",Unknown,00:02:51,track
"Friday Night Fly","Chrysta Bell",Unknown,00:04:11,track
"Ash Tuesday","Debbie Henning",Unknown,00:05:05,track
"A Simple Life (Tuesday Knights)","Denzal Sinclaire",Unknown,00:03:24,track
"Friday Hill","Edwards Hand",Unknown,00:02:38,track
"Hymn for Good Friday","Georges I. Gurdjieff",Unknown,00:01:38,track
"Friday on my mind","Gary Moore",Unknown,00:06:02,track
"Tuesday's Tune","Herschel Burke Gilbert",Unknown,00:01:47,track
"Tuesday Morning Swing","Joe Harriott",Unknown,00:03:04,track
"Wild Wild Friday Night","Hasil Adkins",Unknown,00:05:12,track
"$2 Tuesday","Kasey Thornton Band",Unknown,00:03:40,track
"Wait Till Friday",Library,Unknown,00:02:11,track
"When Friday Comes Along",Lindisfarne,Unknown,00:03:02,track
"Friday Kind Of Monday","The Meantime",Unknown,00:02:40,track
"Mr. Tuesday Man","Myracle Brah",Unknown,00:02:12,track
"Foggy Tuesday",Saker,Unknown,00:03:26,track
"A Cat Named Ruby Tuesday","Russ Shipton",Unknown,00:03:54,track
"Friday Night Stomp","Shakey Horton (Big Walter Horton)",Unknown,00:02:39,track
"Strawberry Tuesday","Sidewalk Skipper Band",Unknown,00:02:51,track
"Friday Night Fever","Silver Jews","Bright Flight",00:02:27,track
"Don't Make Plans This Friday",Silkworm,Unknown,00:05:18,track
"Tuesday Through Saturday",Splitsville,Unknown,00:02:49,track
"Friday Night","The Beach Boys",Unknown,00:03:12,track
"Sunny Tuesday Afternoon","The Dufflecoats",Unknown,00:02:33,track
"Saturday Night","The Easybeats",Unknown,00:03:37,track
"Red Tuesday","The Frank David Selection",Unknown,00:02:58,track
"Pay Friday","The Ian Campbell Folk Group",Unknown,00:02:28,track
"Tuesday Roots","The Lions",Unknown,00:03:16,track
"Tuesday's Dreamer","Tin Tin",Unknown,00:01:21,track
"Friday I'm In Love","Yo la Tengo",Unknown,00:03:12,track
"Two for Tuesday","Dan Baird",Unknown,00:05:53,track
"The Great Pretender","Dolly Parton",Unknown,00:03:44,track
"Turn, Turn, Turn (To Everything There Is A Season)","Dolly Parton",Unknown,00:04:26,track
"Book Of Saturday","King Crimson",Unknown,00:02:57,track
"The Crystal Ship","The Doors",Unknown,00:02:36,track
"I Found A Reason","The Velvet Underground",Unknown,00:04:16,track
"Marijuana Boogie","Junior Marvel & His Hi-Flyers",Unknown,00:03:28,track
"Balled Up","Buck Jones & Rhythm Riders",Unknown,00:02:42,track
Sacrifice,"Meg Birch",Unknown,00:04:42,track
"Beneath the Valley of the Valley of the Valley…",CVTTVNMVVTH,Unknown,00:03:31,track
"Somebody Buy Me a Drink","Debbie Duncan",Unknown,00:04:13,track
"Your Latest Trick",Orchestra,Unknown,00:04:58,track
"Save My Child","Willie Dixon",Unknown,00:04:49,track
Money,"Indra Rios-Moore",Unknown,00:04:10,track
Headlight,"Della Mae",Headlight,00:03:54,track
"The Odds Of Getting Even","Della Mae",Headlight,00:03:52,track
"Waiting For You","Della Mae",Headlight,00:03:15,track
Working,"Della Mae",Headlight,00:04:05,track
"Stuck in the Middle With You","The Frantic Flintstones",Unknown,00:02:59,track
"Keep My Picture!",HorrorPops,Unknown,00:03:37,track
Fire,"Jim Jeffries",Unknown,00:04:22,track
"Johnny Rides","Lota Red",Unknown,00:02:51,track
Sexbomb,"The Hot Rod Gang",Unknown,00:02:35,track
"Down That Line","The Leopards",Unknown,00:03:37,track
"Forevers Much Too Long","The Rhythm Boys",Unknown,00:03:20,track
Control,"The Sharks",Unknown,00:03:20,track
"Flip Flop and Fly","Wild Rooster",Unknown,00:03:08,track
"Mary Jane","Carlos And The Bandidos",Unknown,00:02:25,track
"The Devils Slate","Carlos And The Bandidos",Unknown,00:02:44,track
"Little Lin","Chuy & The Bobcats",Unknown,00:02:17,track
"Lie To Me Baby","Wendy LeBeau & Her Beaus",Unknown,00:02:38,track
"I Don't Want A Playboy","Barbara Lynn",Unknown,00:01:52,track
"Mean Woman Married Man Blues","Paul Durham",Unknown,00:02:18,track
"Hard To Love","The Delta Bombers",Unknown,00:02:07,track
"Hold On Angel","The Psychonauts","Go Rockabella, Go!",00:02:46,track
"One Desire","Carlos & the Bandidos",Unknown,00:02:49,track
"Say What You Want And Leave","Carlos & the Bandidos",Unknown,00:03:00,track
"Walk Of Life","Di Maggio Brothers",Unknown,00:03:53,track
"I Don't Wanna Grow Up","Eddie Spaghetti",Unknown,00:02:32,track
"Come Together","Lee Rocker",Unknown,00:02:59,track
"10'15 Saturday Night","Living End",Unknown,00:04:52,track
"Blue Monday","Phantom Rockers",Unknown,00:02:58,track
"Ghost Story","Lick The Tins",Unknown,00:03:23,track
Hourglass,"Kim Lenz",Unknown,00:03:41,track
"I'll Find You","Kim Lenz",Unknown,00:03:00,track
"F**k All The Perfect People","Chip Taylor & The New Ukrainians",Unknown,00:04:19,track
"Nothin´ (I Suppose)","Chip Taylor & The New Ukrainians",Unknown,00:04:37,track
"A Thousand Stars","Linda Scott",Unknown,00:02:01,track
"Don’t Bet Money Honey","Linda Scott",Unknown,00:02:26,track
"I've Told Every Little Star","Linda Scott",Unknown,00:02:17,track
"Little Star","Linda Scott",Unknown,00:02:40,track
"I Wanna Be Your Boyfriend",Ramones,Unknown,00:02:25,track
Adagio,"Lubomír Brabec & Karel Vágner",Unknown,00:04:24,track
Adagio,"Paul Mauriat",Unknown,00:03:32,track
Adagio,"Procol Harum",Unknown,00:06:11,track
Adagio,"The Doors",Unknown,00:04:39,track
"The Fire Is A-Burnin'","Sue Moreno & Jack Rabbit Slim",Unknown,00:02:13,track
"What About Tomorrow","Sue Moreno & Jack Rabbit Slim",Unknown,00:02:43,track
"King of the World","John Lee Hooker, Buddy Guy, Fred Below",Unknown,00:03:44,track
"Favorite T","Whiskey Daredevils",Unknown,00:04:14,track
"Two Packs","Whiskey Daredevils",Unknown,00:03:14,track
"Fuck Me Up","Pokey LaFarge",Unknown,00:03:41,track
"Let's rock to-night","Jimmy Grubbs",Unknown,00:02:34,track
"Short fat Ben","Phil Barclay & The Sliders",Unknown,00:02:12,track
"Have a ball","The Country Dudes (vocal, Clay Allen)",Unknown,00:02:48,track
"Hot Dog","Corky Jones",Unknown,00:02:13,track
"Just Wastin' Time","Stereophonic Space Sound Unlimited",Unknown,00:03:33,track
"Rimini nel inverno del 1976","Stereophonic Space Sound Unlimited",Unknown,00:03:03,track
"Yume Wa Yoru Hiraku","The Coffin Daggers",Unknown,00:02:22,track
"Dead In The Ground","The Two Step Goodbyes",Unknown,00:02:14,track
"Good For Nothing","The Two Step Goodbyes",Unknown,00:02:14,track
"Sittin' On Top of the World","Howlin' Wolf",Unknown,00:03:52,track
"Saturday Night","Willie And The Poor Boys",Unknown,00:02:48,track
"You Never Can Tell","Willie And The Poor Boys",Unknown,00:03:52,track
"Every Day",Dion,Unknown,00:03:33,track
"Shu Bop",Dion,Unknown,00:04:14,track
"Angels On Sunday",Matchbox,Unknown,00:03:18,track
"One More Saturday Night",Matchbox,Unknown,00:02:36,track
Sleepwalk,"Los Surfer Compadres",Unknown,00:02:46,track
"16 Miles of Chain","Tami Neilson",Unknown,00:03:30,track
"Be With Me","Taylor & Leigh",Unknown,00:02:51,track
"Kindest Route","Taylor & Leigh",Unknown,00:03:12,track
"San Francisco","Taylor & Leigh",Unknown,00:03:49,track
"It Serve You Right To Suffer","John Lee Hooker",Unknown,00:05:15,track
"Hand Over My Heart","The Secret Sisters",Unknown,00:04:18,track
Fair,"The Secret Sisters",Unknown,00:03:25,track
"Healer In The Sky","The Secret Sisters",Unknown,00:04:25,track
"Hold You Dear","The Secret Sisters",Unknown,00:03:52,track
"Nowhere, Baby","The Secret Sisters",Unknown,00:04:40,track
"Tin Can Angel","The Secret Sisters",Unknown,00:04:27,track
"Water Witch","The Secret Sisters",Unknown,00:03:28,track
"He's fine","The Secret Sisters",Unknown,00:03:44,track
"King cotton","The Secret Sisters",Unknown,00:03:13,track
"Little again","The Secret Sisters",Unknown,00:04:03,track
Mississippi,"The Secret Sisters",Unknown,00:04:23,track
"The damage","The Secret Sisters",Unknown,00:03:27,track
"To all the girls who cry","The Secret Sisters",Unknown,00:04:22,track
"Monday, Monday","Susanna Hoffs",Unknown,00:03:26,track
"Sunday Morning","Susanna Hoffs",Unknown,00:03:25,track
"Bended Knee","The Heavy Horses",Unknown,00:03:32,track
"It's Five O'clock","Aphrodite's Child",Unknown,00:03:30,track
"(What A) Wonderful World","Bryan Ferry",Unknown,00:02:56,track
"Monday, Monday","Bud Shank",Unknown,00:02:33,track
"Martha's Harbour","Celtic Spirit",Unknown,00:03:15,track
"I Don't Know How to Love Him","Cilla Black",Unknown,00:04:10,track
"Mean, Mean Martha","Carl Perkins",Unknown,00:02:26,track
"You Never Can Tell","Emmylou Harris",Unknown,00:03:27,track
Martha,"Harvey Andrews",Unknown,00:03:35,track
Martha,"Jefferson Airplane",Unknown,00:03:27,track
"Martha's Madmen","Manfred Mann's Earth Band",Unknown,00:04:53,track
"Bang Bang (My Baby Shot Me Down)","Nancy Sinatra",Unknown,00:02:42,track
"Feelin' Kinda Sunday","Nancy Sinatra",Unknown,00:02:51,track
"Run For Your Life","Nancy Sinatra",Unknown,00:02:43,track
"The End Of the World","Nancy Sinatra",Unknown,00:02:33,track
"Martha's Dream","Nick Cave & Warren Ellis",Unknown,00:03:08,track
"Blues For Martha","Oscar Peterson",Unknown,00:05:10,track
"You've Lost That Lovin' Feelin'","Nancy Sinatra and Lee Hazlewood",Unknown,00:03:28,track
"These Are The Days Of Our Lives",Queen,Unknown,00:04:22,track
"I Don't Know How To Love Him","Shirley Bassey",Unknown,00:04:23,track
"Martha My Dear",Slade,Unknown,00:02:18,track
"These Are The Days Of Our Lives","Stephen Lloyd",Unknown,00:04:18,track
"In Bloom","Steve ‘n’ Seagulls",Unknown,00:02:52,track
"Saturday Night At The Movies","The Drifters",Unknown,00:02:29,track
"Stand By Me","The Drifters",Unknown,00:03:38,track
"California dreamin'","The Seekers",Unknown,00:02:31,track
"Martha's Foolish Ginger","Tori Amos",Unknown,00:04:23,track
"I Don't Know How To Love Him","Yvonne Elliman",Unknown,00:03:41,track
"Grapefruit Moon","Tom Waits",Unknown,00:04:51,track
"I Hope That I Don’t Fall in Love With You","Tom Waits",Unknown,00:03:55,track
Martha,"Tom Waits",Unknown,00:04:31,track
"Ol’ ’55","Tom Waits",Unknown,00:03:59,track
Rosie,"Tom Waits",Unknown,00:04:04,track
"(Looking For) The Heart Of Saturday Night","Tom Waits",Unknown,00:03:53,track
"Christmas Card from a Hooker in Minneapolis","Tom Waits",Unknown,00:04:34,track
"I Never Talk To Strangers","Tom Waits",Unknown,00:03:39,track
"Invitation to the Blues","Tom Waits",Unknown,00:05:25,track
"Jersey Girl","Tom Waits",Unknown,00:05:12,track
"Johnsburg, Illinois","Tom Waits",Unknown,00:01:34,track
"No-One Knows I'm Gone","Tom Waits",Unknown,00:01:43,track
"Tom Traubert's Blues (Four Sheets To The Wind In Copenhagen)","Tom Waits",Unknown,00:06:39,track
"You Can Never Hold Back Spring","Tom Waits",Unknown,00:02:27,track
"Baby Tonight","The Hawkmen",Unknown,00:03:25,track
"Love Runs Out","The Hawkmen",Unknown,00:02:35,track
"The Frathouse","The Hawkmen",Unknown,00:02:29,track
"Treat Me This Way","The Hawkmen",Unknown,00:03:33,track
"Running Up That Hill (A Deal With God)","David Baron, Donna Lewis",Unknown,00:04:29,track
"Running Up That Hill","Jade Bird",Unknown,00:03:32,track
"Running Up That Hill","James Gilmour",Unknown,00:05:27,track
"Running Up That Hill",Jem,Unknown,00:04:43,track
"Running Up That Hill","Me and Deboe",Unknown,00:03:16,track
"Running After Time","Orla Gartland",Unknown,00:02:43,track
"Dragostea Din Tei","Robyn Adele Anderson",Unknown,00:03:58,track
"Running Up That Hill","The Distance",Unknown,00:03:04,track
"Dust in the Wind",Melanie,Unknown,00:04:15,track
"Rock 'n' Roll Yé Yé","The Boomtown Rats",Unknown,00:04:55,track
"Nail in the Coffin","The Obscuritones",Unknown,00:03:47,track
"If I Told","Courtney Marie Andrews",Unknown,00:04:58,track
"Easy Go!","Emily Duff",Unknown,00:02:22,track
"Forever Love","Emily Duff",Unknown,00:04:09,track
"There is a Way Out","Emily Duff",Unknown,00:03:47,track
"Bring Me Home","Freeky Cleen",Unknown,00:04:11,track
Answer,Kora,Unknown,00:02:53,track
"Хто Сказав","Kolo Dvoh",Unknown,00:04:28,track
"So Easy",Kora,Unknown,00:04:17,track
"Tе Як Є","Max Paragraph",Unknown,00:03:33,track
"Зграї мужиків","Rude Jokes",Unknown,00:02:30,track
"Downhearted Blues","Tumbledown House",Unknown,00:04:36,track
"Everybody Loves My Baby","Tumbledown House",Unknown,00:02:37,track
"Shoeshine Shuffle","Urban Zotel",Unknown,00:02:18,track
"Good Luck Charm","Pokey LaFarge",Unknown,00:02:37,track
"Let's Get Lost","Pokey LaFarge",Unknown,00:03:52,track
"Riot in the Streets","Pokey LaFarge",Unknown,00:03:41,track
"One Town at a Time","Pokey LaFarge",Unknown,00:03:05,track
"The Devil Ain't Lazy","Pokey LaFarge",Unknown,00:02:40,track
"Wanna Be Your Man","Pokey LaFarge",Unknown,00:02:49,track
Wellington,"Pokey LaFarge",Unknown,00:03:55,track
"Something in the Water","Pokey LaFarge",Unknown,00:03:24,track
"What the Rain WIll Bring","Pokey LaFarge",Unknown,00:03:45,track
"Hard Times Come and Go","Pokey LaFarge and the South City Three",Unknown,00:03:46,track
"Head to Toe","Pokey LaFarge and the South City Three",Unknown,00:02:33,track
"Good Country Girls","Pokey LaFarge and the South City Three",Unknown,00:03:13,track
"Sunny Side of the Street","Pokey LaFarge and the South City Three",Unknown,00:02:49,track
"Weedwacker Rag","Pokey LaFarge and the South City Three",Unknown,00:02:28,track
"Let Me Stay All Night","Twisted Rod",Unknown,00:02:25,track
"Rock & Roll Guitar","Twisted Rod",Unknown,00:02:07,track
"The Place Was Jumpin'","Twisted Rod",Unknown,00:02:50,track
"My Rose by the Sea (Satyr Boy)","King Dude","Full Virgo Moon",00:03:59,track
"Red Right Hand","Kerry Pastine and the Crime Scene",Unknown,00:04:51,track
"The Prince of Persia",WJLP,Unknown,00:03:11,track
"The Sea of Tranquility",WJLP,Unknown,00:04:10,track
"I love you (Me either) (Je t'aime, mon non plus)","Cat Power & Karen Elson",Unknown,00:05:17,track
"I Just Came To Tell You That I'm Going","Jarvis Cocker & Kid Loco",Unknown,00:03:39,track
"L'hôtel (L'hôtel particulier)","Michael Stipe",Unknown,00:04:27,track
"Black Trombone","Marc Ribot",Unknown,00:03:45,track
"Ford Mustang","Mike Patton",Unknown,00:02:41,track
"Last But One","Primitive Roadrunners",Unknown,00:02:13,track
"Who's Leavin' With My Girl Tonight","Three Alley Cats",Unknown,00:03:16,track
"Hot Rod Girl","Danny B. Harvey & Annie Marie Lewis",Unknown,00:03:13,track
"Memphis Stroll","Danny B. Harvey & Annie Marie Lewis",Unknown,00:03:13,track
"My Man","Danny B. Harvey & Annie Marie Lewis",Unknown,00:03:36,track
"The Rising Sun","Danny B. Harvey & Annie Marie Lewis",Unknown,00:04:17,track
"Trying To Get To You (Feat. Lemmy Kilmister)","Danny B. Harvey & Annie Marie Lewis",Unknown,00:02:18,track
"Have Love Will Travel","Danny B. Harvey & Annie Marie Lewis",Unknown,00:03:26,track
"How Long","Grave Slaves",Unknown,00:03:05,track
"Graveyard Stomp","Grave Slaves",Unknown,00:03:08,track
"Rest in Pieces","Grave Slaves",Unknown,00:03:03,track
"Vampire Girl","Grave Slaves",Unknown,00:03:45,track
Venganza,"Grave Slaves",Unknown,00:03:04,track
"The end of the world","La Légende De Bagnolet",Unknown,00:02:50,track
"Travel To Your Heart","Lew Phillips",Unknown,00:02:40,track
"True Love Ways","Lew Phillips",Unknown,00:02:52,track
"Ghost Town Boy",Wanton,Unknown,00:04:23,track
Павуки,Zwyntar,Unknown,00:02:51,track
"Beecher's Bossa","Konstantin Kolesnichenko Quartet",Unknown,00:05:17,track
Chuggin',"Konstantin Kolesnichenko Quartet",Unknown,00:03:37,track
Pyramid,"Konstantin Kolesnichenko Quartet",Unknown,00:03:22,track
Ram-Bank-Shush,"Konstantin Kolesnichenko Quartet",Unknown,00:03:21,track
"Sticky Wicket","Konstantin Kolesnichenko Quartet",Unknown,00:05:16,track
Tenderly,"Konstantin Kolesnichenko Quartet",Unknown,00:05:14,track
"End Of My Rope","Pokey LaFarge",Unknown,00:02:59,track
Cries,"Sleeper Bill",Unknown,00:04:19,track
"All Alone Am I","Brenda Lee",Unknown,00:02:47,track
"Call On Me [Alternate Take]","Janis Joplin",Unknown,00:02:42,track
"All Alone Am I","Katy Richards",Unknown,00:02:39,track
"Wuthering Heights","The Puppini Sisters",Unknown,00:03:40,track
"I Want You","Tom Waits",Unknown,00:01:23,track
"Can't Take My Eyes Off You (1968)","Brenda Lee",Unknown,00:03:16,track
Arrival,"Your Inner God",Unknown,00:03:53,track
Blend,"Your Inner God",Unknown,00:01:27,track
Bliss,"Your Inner God",Unknown,00:04:59,track
Monochromic,"Your Inner God",Unknown,00:05:34,track
"I_ll Kill You Jailer","Your Inner God",Unknown,00:05:39,track
Threads,"Your Inner God",Unknown,00:04:35,track
"La Chanson De Slogan (En Duo Avec Jane Birkin)","Serge Gainsbourg",Unknown,00:02:51,track
"Little Girl","Edwardian Devils",Unknown,00:02:08,track
"Rock & Roll Star","Edwardian Devils",Unknown,00:02:51,track
"We Sleepwalk Together","Edwardian Devils",Unknown,00:04:07,track
"Back Home to Me","Devil Doll",Unknown,00:04:00,track
Forsaken,"Devil Doll",Unknown,00:04:29,track
"It's Only Make Believe","Devil Doll",Unknown,00:02:29,track
"Lover & a Fighter","Devil Doll",Unknown,00:03:43,track
"Mother Mary","Devil Doll",Unknown,00:05:39,track
"Purse Whiskey","Devil Doll",Unknown,00:04:01,track
"Steeltown Heart","Devil Doll",Unknown,00:03:58,track
"Save Me a Seat","Devil Doll",Unknown,00:04:54,track
"Simple Man","Devil Doll",Unknown,00:07:12,track
"To All Our Friends","Devil Doll",Unknown,00:04:29,track
"You Can't Have Me","Devil Doll",Unknown,00:05:05,track
"Ballad of the Rearview Mirror","Devil Doll, Charlie Overbey",Unknown,00:04:57,track
Dreamtime,"Don Ray",Unknown,00:02:30,track
"Young Singer","Don Ray",Unknown,00:02:16,track
"She devil (with the polka dot bikini)","Help Me Devil",Unknown,00:03:46,track
"Vampire Again","Marlon Williams",Unknown,00:04:03,track
Fire,"The Brains",Unknown,00:03:11,track
"Lonely Wednesday","The Brains",Unknown,00:04:08,track
"Hop Skip & Jump","Ruby Ann & The Boppin' Boozers",Unknown,00:01:53,track
Denise,Firebirds,Unknown,00:02:52,track
Joanne,Firebirds,Unknown,00:03:02,track
Never,Firebirds,Unknown,00:02:34,track
Yesterday,"Ray Charles",Unknown,00:02:48,track
"Unchained Melody","Righteous Brothers",Unknown,00:03:41,track
"Dust in the wind",Kansas,Unknown,00:03:28,track
Greenfields,"The Brothers Four",Unknown,00:03:06,track
"Orange And Red Beams","Danny McCullouch",Unknown,00:03:07,track
"Time After Time","Paul Anka",Unknown,00:04:04,track
Imagine,"Elton John",Unknown,00:06:03,track
"Gloomy Sunday","Sinéad O'Connor",Unknown,00:03:56,track
"I Don't Know How To Love Him","Sinéad O'Connor",Unknown,00:04:14,track
"Lucky Devil","Glenn Crytzer's Secluded Seven",Unknown,00:03:21,track
"Zou Bisou Bisou","Kerry Pastine and the Crime Scene",Unknown,00:02:41,track
"Cretin Hop","Es Feiv",Unknown,00:01:51,track
"Devil Bone","Es Feiv",Unknown,00:03:58,track
"Gimme Your Love","Es Feiv",Unknown,00:02:10,track
"If That's The Way You Want It","Es Feiv",Unknown,00:02:42,track
"Pure Evil","Es Feiv",Unknown,00:03:41,track
"She Turns Me On","Es Feiv",Unknown,00:01:45,track
"Surfing Home on a Dead Girl","Es Feiv",Unknown,00:02:55,track
"The Old Man's Down the Road","Es Feiv",Unknown,00:03:46,track
"Wild Weekend","The Rockin' Rebels",Unknown,00:02:16,track
"More Surf","The deFenders",Unknown,00:02:40,track
Misirlou,"Dick Dale & The Del-Tones",Unknown,00:02:14,track
"Paradise Cove","The Surfmen",Unknown,00:03:04,track
"King Of The Surf Guitar","Dick Dale & The Del-Tones",Unknown,00:02:07,track
"Lockdown Boogie","Doyley & The Rejects",Unknown,00:02:06,track
"Done Time","Freeky Cleen",Unknown,00:04:27,track
"Black Brown And White","Freeky Cleen",Unknown,00:02:42,track
Misery,"Freeky Cleen",Unknown,00:04:28,track
"One After 909","Freeky Cleen",Unknown,00:03:05,track
"Small Town Woman","Freeky Cleen",Unknown,00:03:32,track
"Round And Round","Freeky Cleen",Unknown,00:03:17,track
"The Losin' End","Freeky Cleen",Unknown,00:03:55,track
"I Hear Them All","Lauren O'Connell",Unknown,00:02:37,track
"Three Time Loser","Freeky Cleen",Unknown,00:03:10,track
"Walkin' On Clouds","Freeky Cleen",Unknown,00:03:45,track
Because,"Los Reverb","Surf The Waves Of Music With​.​.​.",00:02:20,track
Reverie,"Maya de Vitry",Unknown,00:03:08,track
"There Are No Secrets Here","Mighty Joe Castro and the Gravamen",Unknown,00:05:26,track
Зрада,"Nick Lemon Band",Unknown,00:03:00,track
"Мертве місто","Nick Lemon Band",Unknown,00:04:12,track
"One Cup of Coffee","Robert Gordon with Joe Louis Walker",Unknown,00:02:35,track
"Would Ja","Robert Gordon with Emanuela Hutter",Unknown,00:02:06,track
"Останій Блюз","Макс Параграф",Unknown,00:02:17,track
Ранок,"Макс Параграф",Unknown,00:02:51,track
"Те Як Є","Макс Параграф",Unknown,00:03:33,track
"Wuthering Heights","Dave Edmunds",Unknown,00:04:15,track
"Your Song","Dave Edmunds",Unknown,00:03:37,track
"Hungry Heart","Lauren O'Connell",Unknown,00:02:30,track
Insomnia,"The Evanstones",Unknown,00:02:28,track
"The Isle of Rhum Boogie","The Hula Girls",Unknown,00:02:12,track
"Je pense encore à toi","Francis Cabrel",Unknown,00:02:12,track
"l'Encre de tes yeux","Francis Cabrel",Unknown,00:03:07,track
"Road Of Steel","Riot Rockers",Unknown,00:03:35,track
"Letter Full Of Tear","The Rollo Brothers",Unknown,00:03:13,track
"Your Baby Tonight","Cadcatz Sun Quartet",Unknown,00:02:35,track
"What You Gonna do Whe","Crazy Cavan",Unknown,00:01:47,track
"Hop Skip & Jump","The Bugaloos",Unknown,00:02:33,track
"Weekend Bop","Wendy's Tube",Unknown,00:02:41,track
"Rockin On Sunday Night","Jive Giants",Unknown,00:02:52,track
Вита,"Mr Skatkov",Unknown,00:04:12,track
"Весна зимой","Mr Skatkov",Unknown,00:07:43,track
"Дискотека для раков","Mr Skatkov",Unknown,00:07:41,track
"Однажды на пляже","Mr Skatkov",Unknown,00:05:49,track
"Тревожный отдых","Mr Skatkov",Unknown,00:05:50,track
"Innocent Look","Raygun Cowboys",Unknown,00:03:22,track
"Никто больше не слушает регги в этом городе","Mr Skatkov",Unknown,00:07:33,track
Fever,"Dick Dale",Unknown,00:04:47,track
"A Word In Spanish","Elton John",Unknown,00:04:40,track
"Love Letters","Elton John",Unknown,00:04:02,track
Sacrifice,"Elton John",Unknown,00:05:07,track
"My Father's Eyes","Eric Clapton",Unknown,00:05:23,track
"My Father's Eyes","Guitar Tribute Players",Unknown,00:03:40,track
"Je L`Aime A Mourir","Gheorghe Zamfir",Unknown,00:02:47,track
"Je L`Aime A Mourir - Les Feuilles Mortes","Orchester Anthony Ventura",Unknown,00:05:05,track
"Love Is Blue","Vicky Leandros",Unknown,00:03:00,track
"Redemption Song","Sinéad O'Connor",Unknown,00:04:57,track
"Demon lover","Shocking blue",Unknown,00:06:00,track
"Fat Bottom Girls","Paul Galaxy & The Galactix",Unknown,00:03:37,track
"The Shadow of Your Smile","Oscar Peterson",Unknown,00:05:04,track
"Love Is Blue",Liberace,Unknown,00:02:29,track
"Love Is Blue","Claudine Longet",Unknown,00:02:45,track
"Shadow Of Your Smile","Brenda Lee",Unknown,00:02:25,track
"Love Is Blue","Paul Mauriat",Unknown,00:02:38,track
"Love Is Blue","The Sonny Bradshaw Seven",Unknown,00:03:19,track
"Don't Go Away","The Silvertones",Unknown,00:03:02,track
"What Have I Done","Ray Campi",Unknown,00:02:40,track
"Ballad Of An Outlaw",Pitmen,Unknown,00:03:38,track
"Wonderous Place","The Guana Batz",Unknown,00:02:22,track
"Mean Ol Train","High Strung Ramblers",Unknown,00:02:53,track
"You'll Come Crawlin'","The Creepshow",Unknown,00:03:27,track
"Rue Morgue Radio","The Creepshow",Unknown,00:02:43,track
"Rock 'n' Roll Sweetheart","The Creepshow",Unknown,00:02:51,track
"Demon Lover","The Creepshow",Unknown,00:03:14,track
"Dearly Departed","The Creepshow",Unknown,00:02:35,track
"Nancy Jean","Richard Barone",Unknown,00:02:58,track
"Horten Combomobile","Joe Horten Combo",Unknown,00:02:24,track
"You Can't Touch Me",Inoportunos,Unknown,00:03:02,track
"Demon Quiff",Dypsomaniaxe,Unknown,00:02:39,track
"One Step Further","Whistle Bait",Unknown,00:04:42,track
Weekend,"The Kingsmen",Unknown,00:02:23,track
"Radio Sweetheart","The Guana Batz",Unknown,00:03:18,track
"Johnny Remember Me","The Meteors",Unknown,00:03:32,track
"I'm On Fire","The Guana Batz",Unknown,00:02:27,track
74-75,"The Connels",Unknown,00:04:32,track
"Runaway Train","Soul Asylum","Alle 40 Goed - One Day Flies Cd2",00:03:36,track
"To Claudia On Thursday","Mamas and The Papas",Unknown,00:03:10,track
"Mmm Mmm Mmm Mmm","Crash Test Dummies",#1994,00:03:53,track
"Big Friday","Bonnie ""Prince"" Billy",Unknown,00:02:46,track
"Father And Son","Cat Stevens","The Boat That Rocked OST",00:03:42,track
"Got My Mind Set On You","Elizabeth Karayekov Big Band",Unknown,00:03:57,track
"Je Suis Venu Te Dire Que Je M'en Vais","Jo Lemaire",Unknown,00:03:35,track
"Heart Of Glass","Mad Jack 'N' The Hatters",Unknown,00:02:49,track
"If It Be Your Will","Perla Batalla","Bird On The Wire - The Songs Of Leonard Cohen",00:04:39,track
"Welcome To The Jungle","Richard Cheese",Unknown,00:02:40,track
Quicksand,Seal,Funkdory,00:05:04,track
Careful,Television,Adventure,00:03:19,track
"Blue Monday","The Jolly Boys",Unknown,00:03:14,track
"The Hills Have Eyes","The Meteors","The Best Of The Meteors",00:03:09,track
Screaming,"The Twilighters",Unknown,00:04:17,track
"Bottle hunter","The Mystification","Insidious Man",00:02:47,track
"Do the Crab Bop","The Wise Guyz",Unknown,00:02:35,track
"Heart Of Glass","The Puppini Sisters","Best Of The Puppini Sisters",00:02:55,track
"In the Graveyard Now","Pokey LaFarge and the South City Three",Unknown,00:03:35,track
"Zombie Jive","Freno De Pedales","1-é Óêðàèíñêèé Ðîêàáèëüíûé Front",00:03:19,track
"I Am The Walrus","The Beatles","Magical Mystery Tour",00:04:37,track
"River Rock Bottom","Pokey LaFarge and the South City Three",Unknown,00:04:32,track
"Kingdom of Delay","The Twilighters",Unknown,00:02:50,track
"The Passenger","Number Nine","Movin' On",00:03:34,track
"Let Me Teach You How to Eat","Reverend Horton Heat",Rev,00:03:18,track
"На Болоті",Zwyntar,Unknown,00:05:22,track
"It's A Sin","Paul Anka","Rock Swings",00:04:59,track
"My Eyes","Freno de Pedales",FishyCycletrip,00:02:16,track
"Because the Night","Rhythms Del Mundo feat. KT Tunstall",Unknown,00:03:22,track
"Don't bring Harry","The Stranglers","The Raven",00:04:09,track
"Glitter In Their Eyes","Patti Smith","Outside Society",00:03:03,track
"Cold Cold Ground","Tom Waits",Unknown,00:03:27,track
Highwayman,"The Highwaymen",Unknown,00:03:03,track
"Here, There and Everywhere","The Mystic Moods Orchestra","English Muffins",00:04:06,track
"Here, There and Everywhere","Petula Clark",Unknown,00:02:39,track
"Here, There and Everywhere","Paul McCartney","Unplugged (The Official Bootleg)",00:03:16,track
"All My Love","Led Zeppelin",Unknown,00:05:54,track
"Since I've Been Loving You","Led Zeppelin",Unknown,00:07:24,track
"Immigrant Song","Led Zeppelin",Unknown,00:02:25,track
"I Can't Quit You Baby","Led Zeppelin",Unknown,00:04:43,track
"D'yer Mak'er","Led Zeppelin",Unknown,00:04:24,track
"Black Dog","Led Zeppelin",Unknown,00:04:55,track
"Here, There and Everywhere","Mary Hopkin and Jan Cussick","The Lost Songs, Volume 2",00:03:59,track
"Babe I'm Gonna Leave You","Led Zeppelin",Unknown,00:06:42,track
"Here, There and Everywhere","John Patitucci",Unknown,00:05:46,track
"Brian's Joint","David Arnold",Unknown,00:02:05,track
"Here, There and Everywhere","Cilla Black",Unknown,00:02:34,track
"Here, There and Everywhere","Barbara Casini Quartet",Unknown,00:03:56,track
Martha,"Tim Buckley",Unknown,00:03:19,track
"My Sharona","The Knack",Unknown,00:04:52,track
"Somewhere Over The Rainbow","The Ventures",Unknown,00:03:44,track
"Play With Fire","Rolling Stones",Unknown,00:02:14,track
"What God Wants, Pt. 1","Roger Waters",Unknown,00:05:51,track
"Who Needs Information","Roger Waters",Unknown,00:05:56,track
"Radio Waves","Roger Waters",Unknown,00:04:30,track
"Love in Vain Blues","Robert Johnson",Unknown,00:02:21,track
"Knockin' On Heaven's Door","Roger Waters",Unknown,00:04:07,track
"Love In Vain Blues","Peter Green",Unknown,00:04:48,track
"You Want Her Too","Paul McCartney",Unknown,00:03:13,track
"This One","Paul McCartney",Unknown,00:04:12,track
"Put It There","Paul McCartney",Unknown,00:02:10,track
"Music For a While","Paul Desmond",Unknown,00:06:44,track
"Wuthering Heights","Kate Bush",Unknown,00:04:56,track
"Somewhere Over The Rainbow","Jimi Hendrix",Unknown,00:03:30,track
"Tears In Heaven","Eric Clapton",Unknown,00:04:37,track
"Love In Vain","Eric Clapton",Unknown,00:04:03,track
"Bring It Back Home To Me","Little Richard",Unknown,00:03:41,track
"Bama Lama Bama Loo","Little Richard",Unknown,00:02:59,track
"Ich She Dich","Tom Toxic & Die Holstein Rockets",Unknown,00:04:48,track
"Kreaturen Der Nach","Tom Toxic & Die Holstein Rockets",Unknown,00:02:58,track
"Droge Rock'n'Roll","Tom Toxic & Die Holstein Rockets",Unknown,00:04:30,track
Higher,"The Silvertones",Unknown,00:03:00,track
Summernight,"The Hot Wheels",Unknown,00:02:54,track
Destiny,"The Hot Wheels",Unknown,00:02:25,track
"Rollin' Dice","Rollin' Dice",Unknown,00:04:10,track
"Which Way",Pfeffer,Unknown,00:04:16,track
"Recreational Killer","The Sharks",Unknown,00:02:43,track
"Michael Myers","The Meteors",Unknown,00:04:05,track
"Time Bomb","The Sharks",Unknown,00:03:53,track
Hammer,"The Frantic Flintstones",Unknown,00:02:39,track
"Texarkana Moonlight","Bad Detectives",Unknown,00:03:55,track
"Get Back Wet Back","The Long Tall Texans","This Is Psychobilly ( CD3 )",00:03:26,track
Exhumed,"Season Of Nightmares",Unknown,00:03:51,track
"Psycho Killer","Season Of Nightmares",Unknown,00:03:58,track
"Notice Me","The Long Tall Texans",Unknown,00:02:30,track
"Happy Pillz","The Hyperjax",Unknown,00:03:45,track
"Don't Take This To Heart","The Guana Batz",Unknown,00:03:50,track
"Final Justice","Dawg House",Unknown,00:03:50,track
"Soft Like Velvet",Nitro17,Unknown,00:04:06,track
Butterfly,"Hot Boogie Chillun",Unknown,00:03:08,track
"The Snap Fastener","Fifty Foot Combo",Unknown,00:03:53,track
"Johnny Six String","The Tailgators",Unknown,00:01:59,track
Jameson,Eightmen,Unknown,00:02:57,track
"Shoot Shoot",Batmobile,Unknown,00:03:21,track
"I Refuse","Achtung Spitfire",Unknown,00:03:48,track
"Underbuy Joe","Sky Rockets",Unknown,00:03:56,track
"Flying Fortress",Propellors,Unknown,00:02:21,track
Shit,Mosquito,Unknown,00:02:47,track
"Can't Hide From You",Hoox,Unknown,00:02:26,track
"Guilty 2006","Thee Flanders",Unknown,00:02:59,track
"Come Back To Me","The Gutter Boys",Unknown,00:03:23,track
"Evil Dead","Sick City Daggers",Unknown,00:03:32,track
"Leopard Skin",Lux,Unknown,00:03:47,track
"Put It To Me Straight","The Reverend Horton Heat",Unknown,00:02:35,track
"Twanging, Beating & Shouts","Mad Heads",Unknown,00:04:27,track
Welcome,"Mad Heads",Unknown,00:03:37,track
"Through The Night","Mad Heads",Unknown,00:03:38,track
"Timid Guy","Mad Heads",Unknown,00:03:37,track
"Rockin' Brain","Mad Heads",Unknown,00:03:29,track
"The Nails","Mad Heads",Unknown,00:03:23,track
"N. D. E.","Mad Heads",Unknown,00:03:09,track
"Never Die","Mad Heads",Unknown,00:01:59,track
"Mad Heads Boogie","Mad Heads",Unknown,00:02:39,track
"I Wait","Mad Heads",Unknown,00:05:28,track
Ghost,"Mad Heads",Unknown,00:03:19,track
"Evil People","Mad Heads",Unknown,00:04:00,track
"Elephants' Run","Mad Heads",Unknown,00:04:18,track
"Cheap Chick Baby","Mad Heads",Unknown,00:02:03,track
"Yesterday When I Was Young (Hier Encore)","Willie Nelson",Unknown,00:03:34,track
"Tennessee Saturday Night","Girly and The Blue Caps",Unknown,00:02:25,track
"I Wanna Be Loved By You","Girly and The Blue Caps",Unknown,00:03:00,track
"Theme from Valley of the Dolls","Gabor Szabo",Unknown,00:03:53,track
"The Look of Love","Gabor Szabo",Unknown,00:03:20,track
"Sunshine Superman","Gabor Szabo",Unknown,00:03:49,track
"Love is Blue","Gabor Szabo",Unknown,00:04:23,track
"Tranvía asesino","The Bucannan",Unknown,00:03:12,track
"Titloli (A Fistful of Dollars)","Egotones ",Unknown,00:02:47,track
Tuning,coma.fm,Unknown,00:01:43,track
"The Buzz","The Pretenders","Hate for Sale",00:03:51,track
"Maybe Love Is in NYC","The Pretenders","Hate for Sale",00:03:25,track
"You Can't Hurt a Fool","The Pretenders","Hate for Sale",00:03:19,track
"The Rockfather","Toxic Riders",Unknown,00:02:55,track
"I Hate Hapiness","Toxic Riders",Unknown,00:02:43,track
"In The Hall Of The Mountain King","Surf Muscle",Unknown,00:02:45,track
Ghost,Rezurex,Unknown,00:04:20,track
"Only You","Naomi Bedford and Paul Simmonds",Unknown,00:02:49,track
"I'm Fine","Mr. Hypno & His Lo-Fi",Unknown,00:03:09,track
"Una Muerte Segura","Hattori Hanzo Surf Experience",Unknown,00:02:58,track
"Twentynine Palms","Hattori Hanzo Surf Experience",Unknown,00:02:05,track
"The Green Hornet","Hattori Hanzo Surf Experience",Unknown,00:02:20,track
Delilah,Drakulina,Unknown,00:02:43,track
"Das Boot",Drakulina,Unknown,00:02:56,track
"The Devil's Coming","Bones In The Walls",Unknown,00:04:03,track
"Circle the Wagons","Bones In The Walls",Unknown,00:03:31,track
"Get A Little Goner","Marti Brom","The Best Of Ripsaw Records Vol 1",00:02:41,track
"The Wind Cries Mary","The Jimi Hendrix Experience","Are You Experienced?",00:03:21,track
"There is a Light That Never Goes Out","Greg Townson",Unknown,00:03:52,track
"Travelin' Guitar","Greg Townson",Unknown,00:02:22,track
"You Send Me","Greg Townson",Unknown,00:03:16,track
"Two Dancers","Kansas Smitty's",Unknown,00:03:15,track
"Heart of Gold","Lauren O'Connell",Unknown,00:03:02,track
"I Fall to Pieces","Lauren O'Connell",Unknown,00:02:47,track
"Friday Night","Psycho Tendencies",Unknown,00:01:56,track
"My Secret","Ukulena feat. Henry Wagons",Unknown,00:02:41,track
"Fight The Tide","Clayton Ryan & The Singing Mountain",Unknown,00:04:06,track
"The World Is Spinning","Lynn Miles",Unknown,00:03:39,track
"The End","Mr. Hypno & His Lo-Fi",Unknown,00:03:22,track
"House Fire",Sheverb,Unknown,00:05:52,track
"Red Right Hand","Bones in the Walls","The Killing Type",00:04:32,track
"Rockabilly Ripper","Bones in the Walls","The Killing Type",00:03:37,track
"Stay With Me","Bones in the Walls","The Killing Type",00:03:45,track
"Where Did You Go","Old Wood Tatter","This, That, and Some Other Things Vol. 3",00:03:52,track
"Mr. Moto","Satan's Pilgrims","At Home With Satan's Pilgrims",00:02:11,track
"Music To Watch Girls By","Satan's Pilgrims","At Home With Satan's Pilgrims",00:03:02,track
"Squad Car","Satan's Pilgrims","At Home With Satan's Pilgrims",00:03:02,track
"Shadow and Me","Short Stack and Sides","Planet Bop",00:04:02,track
"So Lonesome","Short Stack and Sides","Planet Bop",00:03:30,track
"Werewolf Blues","Short Stack and Sides","Planet Bop",00:03:44,track
"Lady Jane","Steve T Hunter","Expecting To Fly",00:04:38,track
"The Wind Cries Mary","Steve T Hunter","Expecting To Fly",00:02:47,track
"Strong Enough","The Album Show","Selections from 'Tuesday Night Music Club'",00:03:23,track
"In The Wilderniss","Lynn Miles",Unknown,00:03:31,track
"Main St.","Lynn Miles",Unknown,00:02:50,track
"She Drinks","Lynn Miles",Unknown,00:03:21,track
"Unknown Seas","The Aqua Barons",Unknown,00:03:31,track
"Saturn Express","The Supertones","Unknown And Other Hits From Outer Space",00:02:46,track
"Space Oddity","The Supertones","Unknown And Other Hits From Outer Space",00:04:00,track
Starman,"The Supertones","Unknown And Other Hits From Outer Space",00:03:32,track
"Bezsenne Noce",Komety,"The Story Of Komety",00:04:42,track
"Gdzie Ona Jest",Komety,Komety,00:02:07,track
"Kieszonkowiec Darek",Komety,"The Story Of Komety",00:02:17,track
"Krzywe Nogi",Komety,"Komety 2004-2006",00:02:05,track
"Krol Flipperow",Komety,Komety,00:01:46,track
"Lonely Sky",Komety,Komety,00:03:00,track
"Love At First Bite",Komety,Komety,00:01:58,track
"Miasto Turystów",Komety,"The Story Of Komety",00:03:26,track
"Nie Ufaj Nikomu",Komety,"Akcja V1",00:02:35,track
"Nikt Nie Kupuje Twoich Płyt",Komety,"Akcja V1",00:04:29,track
"Nobody To Love",Komety,"Akcja V1",00:03:34,track
"Nuda Nuda Nuda",Komety,"The Story Of Komety",00:02:09,track
Samobojczynie,Komety,Komety,00:03:28,track
"Spotkajmy Się Pod Koniec Sierpnia",Komety,"The Story Of Komety",00:02:26,track
"Tak Czy Nie?",Komety,"The Story Of Komety",00:02:05,track
"Tak Mi Źle",Komety,"Komety 2004-2006",00:01:53,track
"To Samo Miejsce",Komety,"The Story Of Komety",00:03:06,track
"Traktuj Mnie Źle",Komety,"The Story Of Komety",00:04:48,track
"W Dżinsach I Swetrze",Komety,"The Story Of Komety",00:02:13,track
"W Pułapce",Komety,"The Story Of Komety",00:02:51,track
"Wreszcie W Ciąży",Komety,"The Story Of Komety",00:04:09,track
"Your Cheating Heart",Komety,"Komety 2004-2006",00:01:51,track
"Wyglądasz Źle",Komety,"The Story Of Komety",00:04:20,track
"Is My Baby Happy Now","Eva Eastwood",Candy,00:03:27,track
"Meant To Be","Eva Eastwood",Candy,00:03:10,track
"The Forgiver","Eva Eastwood",Candy,00:02:28,track
"You Changed Your Mind","Eva Eastwood",Candy,00:02:30,track
"Why Do I Take It From You","The Paris Sisters","Always Heavenly - The Paris Sisters Anthology",00:02:29,track
You,"The Paris Sisters","Always Heavenly - The Paris Sisters Anthology",00:02:24,track
"Œdipus: Music For A While","Giovanna Pessi Susanna Wallumrød","If Grief Could Wait",00:04:06,track
"Œdipus: Music For A While","Henry Purcell & Alfred Deller","Music For A While",00:04:04,track
"Œdipus: Music For A While","Iestyn Davies","If: Michael Nyman, Henry Purcell",00:03:52,track
"Music For A While","Henry Purcell","Henry Purcell - Sacred Music - Funeral Music for Queen Mary - Dioclesian - Songs (2 cd's) cd2",00:04:05,track
Mother,"Lou Reed",Unknown,00:03:54,track
"In Bloom","Sturgill Simpson","A Sailor’s Guide to Earth",00:04:00,track
"Beach Bomb","Night Surf",Unknown,00:02:57,track
"Running Up That Hill","Booka Brass Band Feat. Orla Gartland",Unknown,00:04:32,track
"The Call","Emily Duff",Unknown,00:03:41,track
Sunday,"Gentlemen & Gangsters","Sleepy Time",00:02:57,track
"Tuesday Bluesday","Gentlemen & Gangsters","Sleepy Time",00:03:10,track
"The House on Hawkins Drive","Keenan McKenzie & the Riffers","Remote Riffing: Volume 1",00:03:37,track
"Something It's Not","Kelly English",Unknown,00:02:56,track
"Spell Bound","Linda Gail Lewis (featuring Annie Marie Lewis)","Hard Rockin' Woman",00:03:47,track
"The Early Script Blues","Sheila K Cameron (SKC)",Unknown,00:03:48,track
"Breakers Roar","Sturgill Simpson","Cuttin’ Grass - Vol.1 (The Butcher Shoppe Sessions)",00:02:30,track
Rattler,"the Reefriders","Reverb Island",00:03:02,track
Palomino,"the Reefriders","Reverb Island",00:03:13,track
"Happy Days","The Greystone Collective","Cathode Rays",00:02:15,track
"Doctor Who","The Greystone Collective","Cathode Rays",00:02:39,track
"Hawaii Five-O","The Greystone Collective","Cathode Rays",00:02:32,track
"Maybe Tomorrow","The Greystone Collective","Cathode Rays",00:02:10,track
"The Pink Panther","The Greystone Collective","Cathode Rays",00:03:42,track
"Did I Remember","Hot Sugar Band & Nicolle Rochelle","Eleanora - the Early Years of Billie Holiday",00:03:58,track
"Fly Away",Hendrikse,Unknown,00:04:27,track
"What a Night, What a Moon, What a Girl","Hot Sugar Band & Nicolle Rochelle","Eleanora - the Early Years of Billie Holiday",00:03:34,track
"What Child Is This?","Jason Janik","Merry Christmas",00:02:19,track
"Kad zima dođe",Moussaka,"Bil Bil",00:04:36,track
"Pričaj druže",Moussaka,"Bil Bil",00:03:16,track
"Rayap Aspal",PROOT,Unknown,00:02:41,track
"Muscle Beach","Par Avion","Perro Avion",00:04:16,track
"У Відчаї","Spiv Brativ",Unknown,00:01:56,track
"Rainy Night in Georgia","Los Straitjackets",Unknown,00:04:02,track
"Songs Have A Life Of Their Own","John Lee Sanders","Songs Have A Life Of Their Own",00:05:20,track
"My Soul To Keep","Mr. Scardinius",Unknown,00:05:55,track
"The Fairies of Inverness","Shoot the Pier",Unknown,00:04:50,track
Beast,"The Troubled","Beast EP",00:03:14,track
Hellfire,"The Troubled","Beast EP",00:03:17,track
"Midnight Awakes","Charlie Sundown","Midnight Awakes",00:02:52,track
Reception,"Charlie Sundown","Midnight Awakes",00:02:21,track
Shorelines,"Many Mountains","Endless Time",00:03:54,track
"Red Hot Chillin' Blues","Sara Gee & Ramblin Matt feat. Soni Artal","Goddamn Blues (Album 2020)",00:03:24,track
"Somewhere In The Mountains","Sara Gee & Ramblin Matt feat. Soni Artal","Goddamn Blues (Album 2020)",00:04:04,track
"Til The Rain Dries Back Again","Sara Gee & Ramblin Matt feat. Soni Artal","Goddamn Blues (LP 2020)",00:05:00,track
"Jesus Shot Me Down","Thomas Schoeffler Jr.","Best Of...",00:04:59,track
"La démise de la bise","Anna Lavigne","Angels In Sandshoes",00:04:13,track
"Highway 61 Revisited","Dave Alvin","From an Old Guitar: Rare and Unreleased Recordings",00:04:56,track
Inside,"Dave Alvin","From an Old Guitar: Rare and Unreleased Recordings",00:03:41,track
"Man Walks Among Us","Dave Alvin","From an Old Guitar: Rare and Unreleased Recordings",00:03:56,track
"Link of Chain","Dave Alvin","From an Old Guitar: Rare and Unreleased Recordings",00:03:57,track
"Signal Hill Blues","Dave Alvin","From an Old Guitar: Rare and Unreleased Recordings",00:04:25,track
"Hava Nagila","King Ghidora","KING GHIDORA RUINS CHRISTMAS",00:04:45,track
"Hard Rockin' Man","The Devil's Daughters w/ Danny B. Harvey",Rebirth,00:02:46,track
"Doc Croc","The Milk Lizards",Warm,00:02:56,track
Rebekka,"Emily Marie Palmer & Jeffrey Butzer","Rebekka (Single version)",00:02:23,track
Corvair,"Eugene & The Sampletones!","Take It To The Dragstrip",00:02:11,track
"Cat Walkin'","Eugene & The Sampletones!","Take It To The Dragstrip",00:02:47,track
"No-man's Land","Eugene & The Sampletones!","Take It To The Dragstrip",00:03:19,track
"Take It To The Dragstrip","Eugene & The Sampletones!","Take It To The Dragstrip",00:02:08,track
"Last Burning Ember","Kacy & Clayton and Marlon Williams","Plastic Bouquet",00:03:11,track
"Out of Control","Many Mountains","Endless Time",00:02:49,track
"Our Way (Reprise)","Old Wood Tatter","Fall Winds",00:02:28,track
"Private Dick for Hire","Sinister Twist","Someone from the Past",00:02:33,track
Hero,"Sturgill Simpson","Cuttin Grass - Vol. 2 (The Cowboy Arms Sessions)",00:03:04,track
"Jesus Boogie","Sturgill Simpson","Cuttin Grass - Vol. 2 (The Cowboy Arms Sessions)",00:03:31,track
"Murder Ballad 25","The Dead Show Dealers","The Dead Show Dealers",00:05:37,track
"More Than Words","Louisa Revolta","Answer Me, My Love",00:01:59,track
Sleepwalk,"Marissa Nadler","Sleepwalk & Lonely People",00:03:35,track
"Lonely People","Marissa Nadler","Sleepwalk & Lonely People",00:03:50,track
"Actor in the Dream of God",RvB,2020,00:03:06,track
"Party is Over",RvB,2020,00:03:51,track
"Crybaby (Feat. Deer Tick)","Shovels & Rope","Busted Jukebox Vol. 3",00:04:10,track
"Everybody Hurts (Feat. T. Hardy Morris)","Shovels & Rope","Busted Jukebox Vol. 3",00:05:05,track
"Crippled King","Silas J. Dirge","Tales of Woe",00:03:19,track
"I Saw a Snake","Silas J. Dirge","The Poor Devil",00:05:05,track
"Don't Let Me Down","Annie Lennox",Coldest,00:03:27,track
"Under Pressure","Annie Lennox & David Bowie","The Freddie Mercury Tribute Concert. (3Cd Bootleg) (Cd 3)",00:04:09,track
"The Fool On The Hill","Annie Lennox",Unknown,00:03:35,track
"I Will","Art Garfunkel","Songs From A Parent To A Child",00:02:16,track
"Famous Blue Raincoat","The Handsome Family","Leonard Cohen I'm Your Man",00:05:08,track
"Late To The Party","Kacey Musgraves","Pageant Material",00:03:38,track
"Pageant Material","Kacey Musgraves","Pageant Material",00:03:56,track
"Somebody To Love","Kacey Musgraves","Pageant Material",00:03:15,track
"Boys From The County Hell","The Pogues","The Very Best Of The Pogues",00:02:55,track
"Dirty Old Town","The Pogues","The Very Best Of The Pogues",00:03:46,track
"Fairytale Of New York","The Pogues","The Very Best Of The Pogues",00:04:35,track
"If I Should Fall From Grace With God","The Pogues","The Very Best Of The Pogues",00:02:21,track
"London Girl","The Pogues","The Very Best Of The Pogues",00:03:15,track
"Misty Morning, Albert Bridge","The Pogues","The Very Best Of The Pogues",00:03:02,track
"Rain Street","The Pogues","The Very Best Of The Pogues",00:04:03,track
"Streams Of Whiskey","The Pogues","The Very Best Of The Pogues",00:02:33,track
"Summer In Siam","The Pogues","The Very Best Of The Pogues",00:04:08,track
"The Band Played Waltzing Matilda","The Pogues","The Very Best Of The Pogues",00:08:09,track
"The Old Main Drag","The Pogues","The Very Best Of The Pogues",00:03:19,track
"The Sunnyside Of The Street","The Pogues","The Very Best Of The Pogues",00:02:44,track
"White City","The Pogues","The Very Best Of The Pogues",00:02:32,track
"The Shadow Of Your Smile","Blossom Dearie","Blossom Time at Ronnie Scott's",00:04:13,track
"Don't Think Twice, It's All Right","Bob Dylan","Bob Dylan's Greatest Hits Vol.2",00:03:40,track
"I Shot the Sheriff","Bob Marley & The Wailers","Legend: The Best of Bob Marley and The Wailers",00:04:41,track
"Iron Lion Zion","Bob Marley & The Wailers","Natural Mystic",00:03:13,track
Jamming,"Bob Marley & The Wailers",Unknown,00:05:54,track
"No Woman No Cry","Bob Marley & The Wailers","The Very Best in Memoriam",00:04:04,track
"No Woman, No Cry (live, 1975-07-19: Lyceum Theatre, London, UK)","Bob Marley & The Wailers","Legend: The Best of Bob Marley and The Wailers",00:07:08,track
"Turn Your Lights Down Low","Bob Marley & The Wailers",Exodus,00:03:39,track
"Waiting in Vain","Bob Marley & The Wailers","Legend: The Best of Bob Marley and The Wailers",00:04:17,track
"Love in Vain","The Pretty Things","Bare as Bone, Bright as Blood",00:04:18,track
"Philip K. Dick in the Pet Section of a Wal-Mart","Man Or Astro-man?","Project Infinity",00:01:56,track
"Bad News From Pretty Red Lips",Fatboy,"Rockabilly Summer",00:02:48,track
"You Never See Me Crying Over You","Gry Sol Karlsson","Rockabilly Summer",00:03:02,track
"Letter To My Baby","Simon Crashly & The Roadmasters","Rockabilly Summer",00:03:13,track
"Mean Eyed Cat","Tennessee Drifters","Rockabilly Summer",00:02:34,track
"Red Cadillac And A Black Moustache","The Playtones","Rockabilly Summer",00:02:35,track
"Sunshine Of Your Love","Jimi Hendrix","Valleys Of Neptune",00:06:47,track
"Foxy Lady","The Jimi Hendrix Experience","Are You Experienced?",00:03:19,track
"Highway Chile","The Jimi Hendrix Experience","Are You Experienced?",00:03:34,track
"Red House","The Jimi Hendrix Experience","Are You Experienced?",00:03:44,track
"Castles Made Of Sand","The Jimi Hendrix Experience","Axis Bold As Love",00:02:49,track
"Little Wing","The Jimi Hendrix Experience","Axis Bold As Love",00:02:27,track
Sunday,"Jay McShann, Dick Hyman, Harry Sweets Edison","Stride Piano Summit: A Celebration of Harlem Stride & Classic Piano Jazz",00:05:16,track
"Concrete Jungle","Bob Marley & The Wailers",Unknown,00:05:37,track
"Kinky Reggae","Bob Marley & The Wailers",Unknown,00:04:46,track
"Positive Vibration","Bob Marley & The Wailers",Unknown,00:05:50,track
"Rat Race","Bob Marley & The Wailers",Unknown,00:03:41,track
"Punky Reggae Party","Bob Marley & The Wailers",Unknown,00:05:51,track
"Rebel Music (3 O'Clock Roadblock)","Bob Marley & The Wailers",Unknown,00:05:20,track
"Stir It Up","Bob Marley & The Wailers",Unknown,00:05:16,track
"The Man I Love","Art Tatum","Jazz Ballads 18 - Disc 1",00:04:29,track
ХВЗ,"Alcohol Ukulele","Квіти на могилі",00:04:19,track
"Квіти на могилі","Alcohol Ukulele","Квіти на могилі",00:03:39,track
Avengers,"Alcohol Ukulele","Квіти на могилі",00:03:50,track
"Flowers on the Grave","Alcohol Ukulele","Квіти на могилі",00:03:39,track
"The Gallows","Carlos & The Bandidos","Kiss You Goodnight",00:03:26,track
"Balcony Man","Nick Cave And Warren Ellis",Carnage,00:04:30,track
Albuquerque,"Nick Cave And Warren Ellis",Carnage,00:03:57,track
Carnage,"Nick Cave And Warren Ellis",Carnage,00:04:47,track
"Lavender Fields","Nick Cave And Warren Ellis",Carnage,00:04:34,track
"Shattered Ground","Nick Cave And Warren Ellis",Carnage,00:05:35,track
"Best Of Me","Jane Rose & The Deadend Boys","Over It",00:04:00,track
"Don't Let Go","Jane Rose & The Deadend Boys","Over It",00:02:45,track
Fool,"Jane Rose & The Deadend Boys","Over It",00:04:37,track
"Tuff Love","Jane Rose & The Deadend Boys","Over It",00:02:34,track
Crazy,"Madeleine Peyroux",Unknown,00:02:50,track
"I Wanna Be Your Boyfriend","Didi Wray",Unknown,00:01:52,track
"Lost In The Shuffle","Helen Reddy","I Am Woman",00:03:07,track
Wait,"Jeff Plankenhorn","Uncovered Vol. 2",00:03:27,track
"Monday Morning","Jefferson Dust","Dark Before the Dawn",00:04:07,track
"Diamonds and Rust","Judy Collins","White bird",00:03:35,track
"When I Go Feat. Willie Nelson","Judy Collins","White bird",00:04:28,track
"Lights Out","Keenan McKenzie & the Riffers","Remote Riffing: Volume 2 (Calbal Live)",00:03:05,track
Transcontinental,"Keenan McKenzie & the Riffers","Remote Riffing: Volume 2 (Calbal Live)",00:03:10,track
"Taking Back Monday Night!","Lara Hope & the Ark-Tones","Taking Back Monday Night! (single)",00:01:53,track
"Time Is on My Side","Los Straitjackets",Unknown,00:02:26,track
"(What's So Funny 'Bout) Peace, Love, And Understanding","Richard Cheese","""Big Cheese Energy"" (2021)",00:03:09,track
Dynamite,"Richard Cheese","""Big Cheese Energy"" (2021)",00:02:14,track
"Hotline Bling (In Five And Drunk)","Richard Cheese","""Big Cheese Energy"" (2021)",00:02:33,track
"Hash Pipe","Richard Cheese","""Big Cheese Energy"" (2021)",00:01:56,track
"Thrift Shop","Richard Cheese","""Big Cheese Energy"" (2021)",00:02:23,track
"Born to Love You","Sam C. Jones","Overdue Confession",00:03:18,track
"Mr. Tambourine Man","Steve T Hunter","Byrds Again",00:03:44,track
"Honey Glaze","The Hang Ten Gallon Hats","Giddy Up Surfboard",00:02:26,track
"Orange & Blue","The Hang Ten Gallon Hats","Giddy Up Surfboard",00:02:38,track
"Return from the Big Smoke","The Hang Ten Gallon Hats","Giddy Up Surfboard",00:02:16,track
"Surfe Diem","The Hang Ten Gallon Hats","Giddy Up Surfboard",00:03:01,track
"Tomorrow We Ride Again","The Hang Ten Gallon Hats","Giddy Up Surfboard",00:02:20,track
"La Caravana","Albert Ginés y sus Oceánicos","En La Isla Del Fin Del Mundo",00:02:28,track
"La Danza Del Sable","Albert Ginés y sus Oceánicos","En La Isla Del Fin Del Mundo",00:02:36,track
Effort,"Amphibian Man",Seven,00:03:23,track
Gorgona,"Amphibian Man",Seven,00:03:25,track
Pulse,"Amphibian Man",Seven,00:03:20,track
Night,"Amphibian Man",Seven,00:04:23,track
Shift,"Amphibian Man",Seven,00:05:35,track
Shadow,"Amphibian Man",Seven,00:03:48,track
"All My Runnin'","Anna Elizabeth Laube",Annamania,00:04:17,track
Shining,"Amphibian Man",Seven,00:04:02,track
"Sunny Days","Anna Elizabeth Laube",Annamania,00:02:17,track
"Please Let It Rain In California","Anna Elizabeth Laube",Annamania,00:03:17,track
"Peregrine Blam","Flower Smellers","Flower Smellers 7-8",00:02:16,track
"Tumbling Tumbleweeds","I’m With Her","Under the Pepper Tree",00:02:43,track
"Surfboard - (Jobim)","Guitar UP!","Surfed Up Jazz Classics",00:03:08,track
"There Is A Fire","National Park Radio","Best of National Park Radio 2013-2020",00:03:29,track
"The Whiskey Wouldn't Let Me Pray","Queen Esther","Gild The Black Lily",00:03:03,track
"100 Dollars","Sam C. Jones","Overdue Confession",00:04:44,track
"Smilin' Like We're Stupid","Sam C. Jones","Overdue Confession",00:02:50,track
"Good Night","Sara Watkins","Under the Pepper Tree",00:03:48,track
"Night Singing","Sara Watkins","Under the Pepper Tree",00:02:11,track
"Moon River","Sara Watkins","Under the Pepper Tree",00:02:50,track
"Good Time To Die","The 69 Cats","Seven Year Itch",00:03:25,track
"Hell Of The Mountain King","The 69 Cats","Seven Year Itch",00:03:01,track
"Graveyard Blues","The 69 Cats","Seven Year Itch",00:03:48,track
"Hey World","The 69 Cats","Seven Year Itch",00:02:53,track
"Hollywood Bleeding","The 69 Cats","Seven Year Itch",00:03:46,track
"I'm Evil","The 69 Cats","Seven Year Itch",00:03:56,track
Psycho,"The 69 Cats","Seven Year Itch",00:02:56,track
"Shes Hot","The 69 Cats","Seven Year Itch",00:02:49,track
"Vampire Shuffle","The 69 Cats","Seven Year Itch",00:02:59,track
"You're The Kind Of Girl","The 69 Cats","Seven Year Itch",00:03:05,track
"Teddy Boy Boogie","The 69 Cats","Seven Year Itch",00:03:22,track
"Viva Maria Bonita",Gasolines,"Gasolines X Colt Cobra",00:03:04,track
"Fool's Gold","Grant-Lee Phillips","Walking in the Green Corn",00:03:51,track
"Vanishing Song","Grant-Lee Phillips","Walking in the Green Corn",00:04:23,track
"How's The World Treating You","Hilde Vos","A Heartbeat Away",00:03:06,track
"The Waterfall Twist","Didi Wray","PANDEMIC SINGLE SET VOL. 02",00:02:26,track
"Funk #49","Los Straitjackets",Unknown,00:02:14,track
"GHOST SATELLITE","King Ghidora",Unknown,00:02:25,track
"The Devil's Gun","Sant Anna Bay Coconuts","Harbor City Surfing",00:02:45,track
"March of the Turtle God",Zerox,"March 2021",00:01:40,track
"Harvey Wallbanger","Lakewood Cemetery","The City",00:02:17,track
"Mr. Blue","Nicole Atkins & Marissa Nadler","Mr. Blue",00:03:13,track
Kharma,"Sant Anna Bay Coconuts","Harbor City Surfing",00:02:15,track
"Giving It Up","Thomas Ashby",Better,00:02:59,track
"Blunt If You Want",Ukulena,"420 Honey (EP)",00:03:24,track
"Lipstick And Chrome","Davina and The Vagabonds","Hey Mister Jesse's Fine BBQ",00:03:41,track
"Sunday Swing","Fizz Jazz","Hey Mister Jesse's Fine BBQ",00:05:01,track
"Nocturne 9.2","Guitar UP!","Surfed Up Jazz Classics",00:02:57,track
"Baby's Gonna Leave Me Now","Hilde Vos","A Heartbeat Away",00:03:09,track
"I Don't Want to Spoil The Party","Hilde Vos","A Heartbeat Away",00:02:32,track
"Home From the Storm","Liz Simmons",Poets,00:04:47,track
"Who Knows Where the Time Goes","Liz Simmons",Poets,00:04:26,track
"Mia Wallace","Los Reverb","Surf The Waves Of Music With​.​.​.",00:01:48,track
Paraíso,"Los Reverb","Surf The Waves Of Music With​.​.​.",00:04:05,track
Butterscotch,"Mackenzie Shivers","Rejection Letter",00:03:59,track
"Martha's Vineyard","Mackenzie Shivers","Rejection Letter",00:04:14,track
"I'm In Love With My Car","Maria McKee",Unknown,00:03:01,track
"No Better","Megan Lacy",Salvation,00:04:57,track
"Manha de Sabado","Wood Surfers","""Surf You Next Tuesday""",00:02:10,track
"Hong Kong Sex Bomb","The Side Burns","Freakout 509",00:01:52,track
Solace,"Imelda May","11 Past The Hour",00:03:36,track
"Midnight Prowler","Stage Frite","Revenge Of The Killer Coypu",00:02:26,track
"Revenge Of The Killer Coypu","Stage Frite","Revenge Of The Killer Coypu",00:02:36,track
Taken,"Stage Frite","Revenge Of The Killer Coypu",00:03:15,track
"The Death Of Mr Angry","Stage Frite","Revenge Of The Killer Coypu",00:03:59,track
Faustina,"John R. Miller",Unknown,00:03:50,track
"Бий І Тікай","Rude Jokes",Unknown,00:04:15,track
Azathoth,"The Hypnotunez","New Origins (LP)",00:03:40,track
"Be My Hypno","The Hypnotunez","New Origins (LP)",00:03:43,track
"Cinema Land (bonus track)","The Hypnotunez","New Origins (LP)",00:03:35,track
"Flock Of Sheep (""Atheist"" main theme)","The Hypnotunez","New Origins (LP)",00:02:53,track
"I'm Your Hypno","The Hypnotunez","New Origins (LP)",00:03:07,track
"Pain Anger Sadness & Wine","The Hypnotunez","New Origins (LP)",00:04:58,track
Rakataka,"The Hypnotunez","New Origins (LP)",00:03:17,track
"Мистецтво Is Dead","The Hypnotunez","New Origins (LP)",00:02:32,track
"Taste My Love","The Hypnotunez","New Origins (LP)",00:03:31,track
Carousel,"Bones in the Walls","Figure A",00:03:51,track
"God Rest Ye Merry Gentlemen","Bones in the Walls","Lonely Exile Here",00:02:59,track
"Green Grows the Holly","Bones in the Walls","Lonely Exile Here",00:02:54,track
"Lo How a Rose E'er Blooming","Bones in the Walls","Lonely Exile Here",00:03:53,track
"O Come O Come Emmanuel","Bones in the Walls","Lonely Exile Here",00:03:33,track
Dangerous,"Liz Stringer","First Time Really Feeling",00:04:02,track
"Little Fears, Little Loves","Liz Stringer","First Time Really Feeling",00:04:35,track
"The Devils Tail","Vern Jules & The Aquanauts","The Spectre",00:02:13,track
"Smoke Dream","Vern Jules & The Aquanauts","The Spectre",00:02:59,track
"The Island","Vern Jules & The Aquanauts","The Spectre",00:02:04,track
"The Spectre","Vern Jules & The Aquanauts","The Spectre",00:03:09,track
"Sinking Ship",Zerox,"April 2021",00:03:54,track
"After The Fall","Abigail Dowd","Beautiful Day",00:03:22,track
"Beautiful Day","Abigail Dowd","Beautiful Day",00:03:43,track
"Don't Want To Talk About It","Abigail Dowd","Beautiful Day",00:04:45,track
Run,"Abigail Dowd","Beautiful Day",00:03:37,track
River,"Abigail Dowd","Beautiful Day",00:03:56,track
"Should've Been a Cowboy","American Aquarium","Slappers, Bangers & Certified Twangers: Volume One",00:03:30,track
"She's in Love with the Boy","American Aquarium","Slappers, Bangers & Certified Twangers: Volume One",00:04:22,track
"Wild One","American Aquarium","Slappers, Bangers & Certified Twangers: Volume One",00:02:50,track
"Saturne = Hula Hoop Eternel","Arno De Cea And The Clockwork Wizzards","Retrofuturisme Vol. 2",00:03:42,track
"We'll meet again","Avalon Jazz Band","We'll Meet Again",00:03:38,track
"Nightmare Town","Bones in the Walls",Unknown,00:04:03,track
"Cass McCombs - I Wish I Knew the Man I Thought You Were","Cass McCombs","Dreaming of You (1971–1976)",00:04:46,track
Melina,"Didi Wray","New Tango - Remastered",00:02:20,track
"O Qué e Que a Bahiana Tem","Didi Wray","New Tango - Remastered",00:02:56,track
"Twist da Cachoeira","Didi Wray","New Tango - Remastered",00:02:26,track
"Ashes and Dust","Dean Owens","Sand and Blood",00:03:34,track
"Whiskey In The Jar","Didi Wray","PANDEMIC SINGLE SET VOL. 02",00:02:31,track
"A Weight (Hanging Over Me)","Floyd James & The GTs","A Weight (Hanging Over Me)",00:03:30,track
"Organic Matters","Frankie and the Pool Boys","The Wet Season",00:03:14,track
Poser,"Frankie and the Pool Boys","The Wet Season",00:02:32,track
"Tan Line Fever","Frankie and the Pool Boys","The Wet Season",00:02:38,track
"The Golden State","Frankie and the Pool Boys","The Wet Season",00:03:38,track
"The Raven","Frankie and the Pool Boys","The Wet Season",00:03:06,track
"Littleroot, My Home","Louie Zong","surfin' GBA",00:02:52,track
Moonchild,"Marissa Nadler","Instead of Dreaming",00:04:41,track
"J'entends Siffler Le Train 500 Miles","Martha Fields","Headed South",00:03:33,track
"Yellow Roses","Martha Fields","Headed South",00:03:55,track
"I’m Not Ready","Riley Downing","Start It Over",00:03:19,track
"I’m Right There With You","Riley Downing","Start It Over",00:04:20,track
Bones,Rosali,"No Medium",00:04:46,track
"Whatever Love",Rosali,"No Medium",00:04:37,track
"Come Together","Adam Ben Ezra",Unknown,00:02:55,track
"Tam Gdzie Rosna Dzikie Roze","Nick Cave, Anna Maria Jopek & Maciej Malenczuk","A Flowerdance Collection For Verycd",00:04:48,track
"Not Alone Anymore","Adrian Belew","Young Lions",00:03:16,track
"Have You Ever Seen the Rain?","Allison Moorer","Down to Believing",00:02:43,track
"I Ain't Given Up On You","Allison Moorer","The Duel",00:04:25,track
"Caroline Says II","Amanda Palmer","Several Attempts to Cover Songs by The Velvet Underground & Lou Reed for Neil Gaiman as His Birthday Approaches",00:04:54,track
"Ain't no cure for love","Ane Brun",Rarities,00:04:33,track
"Danny's Song","Anne Murray","O Canada:  Celebrating Canadian Music, vol. 16",00:03:04,track
"No Surprises","Amanda Palmer","Performs The Popular Hits of Radiohead on Her Magical Ukulele",00:03:45,track
"Moonlight Shadow","Annie Haslam","Annie Haslam",00:03:35,track
"Moonlight Shadow","Aselin Debison","Sweet Is The Melody",00:03:43,track
"Your heart is as black as night","Beth Hart","Don't explain",00:04:59,track
"Without You (Previously Unreleased Studio Demo Version)",Badfinger,"No Dice",00:03:58,track
"Without You",Badfinger,"No Dice",00:04:43,track
"Wind Beneath My Wings","Bette Midler","Billboard Top 100 of 1989",00:04:52,track
"Wish You Were Here","Bettye LaVette","Interpretations: The British rock songbook",00:03:49,track
Complicated,"Bettye Lavette",Worthy,00:03:43,track
"All My Love","Bettye LaVette","Interpretations: The British Rock Songbook",00:04:09,track
"Dream Lover","Bobby Darin","Ljuva 50-tal: 1955-1959",00:02:30,track
"I Will","Alison Krauss","Now That I've Found You: A Collection",00:04:04,track
"The Saddest Song I Ever Wrote","Lynn Miles","We'll Look for Stars",00:03:29,track
Denise,"Randy and The Rainbows","Billboard Top 100 of 1963",00:01:58,track
"Into My Arms","Shelby Lynne & Allison Moorer","Not Dark Yet",00:04:47,track
Lithium,"Shelby Lynne & Allison Moorer","Not Dark Yet",00:05:38,track
"Manic Monday","The Bangles",Unknown,00:03:02,track
"I Beg Your Pardon","Tom Waits & Crystal Gayle","A Flowerdance Collection For Verycd",00:04:26,track
Sacrifice,"Brenda Cochrane",Unknown,00:04:19,track
Restless,"Lynn Miles",Unknown,00:03:53,track
"Ain't Misbehavin'","Annie Marie Lewis & Danny B. Harvey","Americana Songbook Vol. 1",00:02:58,track
"Your Kiss","Adam & Amy Pope",Unknown,00:04:35,track
"Hector and Donna","Chris Bergson","All I Got Left",00:03:26,track
"Did You Mean It?","Jonathan Stout and his Campus Five","Hummin' to Myself",00:02:52,track
Manhattan,"Jonathan Stout and his Campus Five","Hummin' to Myself",00:03:00,track
"Sentimental Gentleman from Georgia","Jonathan Stout and his Campus Five","Hummin' to Myself",00:02:09,track
"I Only Want to Be With You","Lauren O'Connell","Covers Three",00:02:49,track
"Les Conseils de la Fee des Lilas","Les Agamemnonz",Amateurs,00:02:55,track
"Get It ‘Fore It’s Gone","Pokey LaFarge","In The Blossom of Their Shade",00:03:35,track
"Hope It Hurts","Rachel Baiman",Cycles,00:02:39,track
Cycles,"Rachel Baiman",Cycles,00:03:06,track
"Rust Belt Fields","Rachel Baiman",Cycles,00:04:29,track
"The Distance","Rachel Baiman",Cycles,00:02:45,track
"Young Love","Rachel Baiman",Cycles,00:03:50,track
"Magic Is Gone","The Memphis Suns","MAGIC IS GONE",00:03:00,track
"Golden Brown","Take Vibe","The Take Vibe E.P.",00:03:11,track
"Walking On The Moon","Take Vibe","The Take Vibe E.P.",00:03:32,track
"Bondi James","The Atlantics","Flight of the Surf Guitar 21st Anniversary Edition",00:03:13,track
"Dawn Patrol","The Atlantics","Flight of the Surf Guitar 21st Anniversary Edition",00:02:56,track
"Islands in the Surf","The Atlantics","Flight of the Surf Guitar 21st Anniversary Edition",00:03:31,track
"Night Star","The Atlantics","Flight of the Surf Guitar 21st Anniversary Edition",00:03:22,track
"Saturday Night","The Atlantics","Flight of the Surf Guitar 21st Anniversary Edition",00:02:52,track
Inferno,"The Felice Brothers","From Dreams to Dust",00:03:41,track
"Heroic Doze","Your Inner God","Another Dimension",00:04:00,track
Pray,"Your Inner God","Another Dimension",00:06:07,track
"Wasting Time pt.2","Your Inner God","Another Dimension",00:04:00,track
"Well !!","Dave Del Monte & The Cross County Boys Featuring Crash Gordon",Unknown,00:02:39,track
"Forget What I Said","Inge Augustina","Shadows Of The Past",00:03:15,track
"I Won`t Tell","Mandy Storm",Unknown,00:02:29,track
"Done With It All","Braden Foulkes","A Little Hell",00:04:26,track
"It's A Crime","Lara Hope & the Ark-Tones","Here To Tell The Tale",00:04:59,track
Forever,"Norm & Jean",Unknown,00:03:07,track
"Joe & Marilyn","Norm & Jean",Unknown,00:02:46,track
"Night Drive","Shaye Zadravec","Now and Then",00:05:13,track
"Silver Bell","Shaye Zadravec","Now and Then",00:03:42,track
Haunted,"The Meteors","THE CURSE OF BLOOD N BONES",00:04:13,track
"Darlin’ Hold On","The Wallflowers","Exit Wounds",00:03:43,track
"I’ll Let You Down (But Will Not Give You Up)","The Wallflowers","Exit Wounds",00:04:03,track
"Roots And Wings","The Wallflowers","Exit Wounds",00:03:54,track
"Who’s That Man Walking ‘Round My Garden","The Wallflowers","Exit Wounds",00:02:56,track
"Ordinary World","Them Pulp Criminals","The Silver Stallion EP",00:04:29,track
"Silver Stallion","Them Pulp Criminals","The Silver Stallion EP",00:02:56,track
"Nube Negra",Tsunamish,Fenomerama,00:02:53,track
"The Model:","Cheap Violent Cats","Keep Em Peeled",00:02:08,track
"California Dreamin'","Clare Teal","The Clare Teal Fireside Sessions Vol 3",00:04:18,track
"I Will","Clare Teal","The Clare Teal Fireside Sessions Vol 2",00:03:17,track
"La Belle Dame Sans Regrets","Clare Teal","The Clare Teal Fireside Sessions Vol 2",00:04:59,track
"Love Hurts","Clare Teal","The Clare Teal Fireside Sessions Vol 3",00:04:31,track
"Tea For Two","Clare Teal","The Clare Teal Fireside Sessions Vol 1",00:02:49,track
"Window Of My Eyes","Cuby & Blizzards","Window Of My Eyes (digital EP)",00:03:13,track
"Pillowcase Forest","Jeffrey Bützer",Unknown,00:03:26,track
"Summer's Hard for Love","Karen Jonas","Summer Songs",00:03:17,track
"Help (Live From The Other Side)","Margo Price","Live From The Other Side (Hi Res)",00:04:49,track
"Diamond Beach","Mike Brookfield","Hey Kiddo!",00:02:37,track
"Wave Shaped Moon","Mike Brookfield","Hey Kiddo!",00:02:56,track
"All My Life","Now That's What I Call Surf","Volume One",00:03:46,track
"Basket Case","Now That's What I Call Surf","Volume One",00:03:24,track
"I Don't Wanna Miss A Thing","Now That's What I Call Surf","Volume One",00:03:50,track
"Black Hole Sun","Now That's What I Call Surf","Volume One",00:04:33,track
Torn,"Now That's What I Call Surf","Volume One",00:04:11,track
"Here Comes A Regular","Cat Power","Covers [Japanese Edition]",00:05:16,track
"Surfin' with Diablo","The Big Swell Drifters","Deadman's Reef",00:02:58,track
"Still Waters","The Hello Darlins","Go By Feel",00:04:02,track
"Hammerhead (bonus track)","The Routes","Instrumentals II",00:02:35,track
"Hello, I shove You","The Routes","Instrumentals II",00:02:34,track
Kapow,"The Routes","Instrumentals II",00:03:57,track
"Endless Running Out of Time","The Secret Sisters","Quicksand EP",00:03:59,track
"Book of Love","Theuns Jordaan",Unknown,00:03:35,track
"Let's dance","Bowbridge Band","Ziggy Played Surf Guitar",00:05:34,track
"All the young Dudes","Glasgow Tiki Shakers","Ziggy Played Surf Guitar",00:04:08,track
"Cat People (Putting on Fire)",Breakaways,"Ziggy Played Surf Guitar",00:03:39,track
"The Man who sold the World","Lost Boys of Penzance","Ziggy Played Surf Guitar",00:03:44,track
"China Girl","Mighty Surf Lords","Ziggy Played Surf Guitar",00:04:37,track
"Panic in Detroit","Pollo del Mar","Ziggy Played Surf Guitar",00:03:33,track
"All the young Dudes",Razorblades,"Ziggy Played Surf Guitar",00:02:39,track
"Rebel Rebel","Red Planets","Ziggy Played Surf Guitar",00:02:37,track
"Five Years",Surfadelica,"Ziggy Played Surf Guitar",00:03:57,track
"Modern Love","Swamp Coolers","Ziggy Played Surf Guitar",00:03:41,track
"The Gospel according to Tony Day","The Green Windows","Ziggy Played Surf Guitar",00:02:39,track
Heroes,"The Incredible Mr Smith","Ziggy Played Surf Guitar",00:03:03,track
"Ziggy Stardust","Thurston Lava Tube","Ziggy Played Surf Guitar",00:02:24,track
Starman,VaraTones,"Ziggy Played Surf Guitar",00:03:03,track
"Moonage Daydream",TomorrowMen,"Ziggy Played Surf Guitar",00:03:55,track
"Life on Mars",Weasletones,"Ziggy Played Surf Guitar",00:03:06,track
"Gloomy Sunday","Ketty Lester","Love Is for Everyone (The 1962 Sessions)",00:02:11,track
"Bye Bye Baby","Janis Joplin","Big Brother & the Holding Company Featuring Janis Joplin",00:02:39,track
"Call On Me","Janis Joplin","Big Brother & the Holding Company Featuring Janis Joplin",00:02:35,track
"Down On Me","Janis Joplin","Big Brother & the Holding Company Featuring Janis Joplin",00:02:07,track
Albatross,"Amphibian Man",Waves,00:02:15,track
"A Couple Of Dollars","Amphibian Man","Desert Songs",00:02:24,track
"Anubis' Wrath","Amphibian Man",Pyramids,00:03:12,track
"Apep the Serpent from the Nile","Amphibian Man",Pyramids,00:03:30,track
"Apache Pass","Amphibian Man","Desert Songs",00:03:13,track
Base,"Amphibian Man","Contra Surf",00:01:56,track
Atlantis,"Amphibian Man",Hellas,00:01:31,track
Bonfire,"Amphibian Man",Waves,00:02:05,track
Cerberus,"Amphibian Man",Hellas,00:03:15,track
"Coral riff","Amphibian Man",Tsunami,00:03:06,track
Damask,"Amphibian Man",Pyramids,00:02:33,track
"Dionysus' wine","Amphibian Man",Hellas,00:03:06,track
Duat,"Amphibian Man",Pyramids,00:05:14,track
"Energy Zone","Amphibian Man","Contra Surf",00:01:43,track
"Eye of Ra","Amphibian Man",Pyramids,00:02:13,track
Emigrant,"Amphibian Man","Desert Songs",00:03:32,track
"Fair Wind","Amphibian Man",Waves,00:03:26,track
"Far From Any Road","Amphibian Man",Unknown,00:02:37,track
"Flock of dolphins","Amphibian Man",Tsunami,00:01:52,track
"Ghost Town","Amphibian Man","Desert Songs",00:04:23,track
"Gold Rush","Amphibian Man","Desert Songs",00:04:20,track
Gunsmoke,"Amphibian Man","Desert Songs",00:02:55,track
"Horus the God of War","Amphibian Man",Pyramids,00:02:35,track
Jungle,"Amphibian Man","Contra Surf",00:02:13,track
"North Star","Amphibian Man",Waves,00:03:20,track
"Nun the Father of the Gods","Amphibian Man",Pyramids,00:03:43,track
Medusa,"Amphibian Man",Hellas,00:03:56,track
"Poseidons horses","Amphibian Man",Hellas,00:03:43,track
"Pandoras box","Amphibian Man",Hellas,00:04:56,track
Rush,"Amphibian Man",Tsunami,00:02:00,track
"Set's Betrayal","Amphibian Man",Pyramids,00:03:46,track
Sirenes,"Amphibian Man",Hellas,00:03:14,track
Sisyphus,"Amphibian Man",Hellas,00:05:12,track
"Stymphalian birds","Amphibian Man",Hellas,00:03:19,track
Starfish,"Amphibian Man",Tsunami,00:02:47,track
Styx,"Amphibian Man",Hellas,00:03:56,track
"The Battle of Kadesh","Amphibian Man",Babylon,00:03:02,track
"Temple of Marduk","Amphibian Man",Babylon,00:03:50,track
"The Boss","Amphibian Man","Contra Surf",00:02:48,track
"The Code of Hammurabi","Amphibian Man",Babylon,00:03:14,track
"The Ishtar Gate","Amphibian Man",Babylon,00:03:03,track
"The Last Wave","Amphibian Man",Waves,00:02:41,track
"The Tower of Babel","Amphibian Man",Babylon,00:03:08,track
Tiamat,"Amphibian Man",Babylon,00:02:23,track
"Valley of the Kings","Amphibian Man",Pyramids,00:02:32,track
Tsunami,"Amphibian Man",Tsunami,00:02:08,track
Waterfall,"Amphibian Man","Contra Surf",00:02:09,track
"She Drives Me Crazy","King Dude","Beware of Darkness",00:05:47,track
"The Winner Takes it All","King Dude","Beware of Darkness",00:04:27,track
"Without You","King Dude","Beware of Darkness",00:03:13,track
Danceway,Blondie,"(1982) The Hunter",00:03:17,track
"For Your Eyes Only",Blondie,"(1982) The Hunter",00:03:10,track
"Little Caesar",Blondie,"(1982) The Hunter",00:03:03,track
"(I'm Always Touched By Your) Presence Dear",Blondie,"The Best Of Blondie",00:02:43,track
"Call Me (Theme From American Gigolo)",Blondie,"The Best Of Blondie",00:03:32,track
Denis,Blondie,"Top 100 Van 1978",00:02:18,track
"In The Flesh",Blondie,"The Best Of Blondie",00:02:32,track
"Hanging On The Telephone",Blondie,"The Best Of Blondie",00:02:22,track
"Heart Of Glass",Blondie,"The Best Of Blondie",00:04:34,track
"The Tide Is High",Blondie,"The Best Of Blondie",00:04:40,track
"Sunday Girl",Blondie,"The Best Of Blondie",00:03:05,track
"Big In Japan","Ane Brun","Leave Me Breathless",00:03:36,track
"Always On My Mind","Ane Brun","Leave Me Breathless",00:03:11,track
"Big Yellow Taxi","Ane Brun","Leave Me Breathless",00:03:10,track
"I Want To Know What Love Is","Ane Brun","Leave Me Breathless",00:04:55,track
"Into My Arms","Ane Brun","Leave Me Breathless",00:05:10,track
Stay,"Ane Brun","Leave Me Breathless",00:04:51,track
"Show Me Heaven","Ane Brun","Leave Me Breathless",00:05:31,track
"True Colors","Ane Brun","Leave Me Breathless",00:02:41,track
"The Dancer","Ane Brun","Leave Me Breathless",00:05:21,track
"Unchained Melody","Ane Brun","Leave Me Breathless",00:03:29,track
"If You Could Read My Mind","A.A. Williams","Songs from Isolation",00:04:16,track
"The Ballad Of Frankenstein's Monster","12 Step Rebels","PSYCHOBILLY - OLD vs NEW",00:04:44,track
"Remember When","Alan Jackson","Now That´s What I Call Country Ballads",00:04:30,track
"Dark Space Low","Angelo Badalamenti","Twin Peaks (Limited Event Series Soundtrack)",00:02:16,track
"A Whiter Shade Of Pale","Annie Lennox",Medusa,00:05:16,track
Cold,"Annie Lennox",Diva,00:04:22,track
"Dark Road","Annie Lennox","Songs Of Mass Destruction",00:03:47,track
"Happy Girl","Beth Nielsen Chapman","Bubanee 500 Song Country Collection",00:03:34,track
"If You Could Read My Mind","Barbra Streisand","Stoney End",00:03:51,track
"If You Could Read My Mind","Diana Krall & Sarah McLachlan","Wallflower (Deluxe Edition)",00:03:44,track
"Loan Shark","Gauna Batz","PSYCHOBILLY - OLD vs NEW",00:02:40,track
"What It Is","Mark Knopfler","Biky's Golden Country Songs II (Part 32)",00:04:58,track
"I Fucked A Zombie",Mutilators,"PSYCHOBILLY - OLD vs NEW",00:03:11,track
"500 Miles","Nick Cave","Rare Songs",00:02:29,track
"Times They Are A-Changin","Blueground Undergrass","Nobody Sings Dylan Like Dylan XVIII - ",00:06:24,track
"If You Could Read My Mind","Olivia Newton John","48 Original Tracks CD1",00:03:42,track
"Dead And Gone","Reckless Ones","PSYCHOBILLY - OLD vs NEW",00:03:46,track
"Rottin' In My Coffin","The Phantom Rockers","PSYCHOBILLY - OLD vs NEW",00:04:07,track
"If You Could Read My Mind","The Spotnicks","Something Like Country",00:03:17,track
"If You Could Read My Mind","Gordon Lightfoot","Gord's Gold",00:03:50,track
"Me And Bobby McGee","Gordon Lightfoot","If You Could Read My Mind",00:03:46,track
"Saturday Clothes","Gordon Lightfoot","If You Could Read My Mind",00:03:21,track
"Castle Of Death","Boppin' Kids","Psychobilly Old V's New [THE FINAL COUNTDOWN]",00:02:25,track
"I'm Running",Boozehounds,"Psychobilly Old V's New [THE FINAL COUNTDOWN]",00:02:26,track
"Get Evil","Out Of Luck","Psychobilly Old V's New [THE FINAL COUNTDOWN]",00:02:27,track
"Curse of the pharaohs","The Krewmen","Psychobilly Old V's New [THE FINAL COUNTDOWN]",00:03:08,track
"Psycho Down","The Meteors","Psychobilly Old V's New [THE FINAL COUNTDOWN]",00:04:09,track
"My True Story","The Swamp Dogs","Psychobilly Old V's New [THE FINAL COUNTDOWN]",00:02:43,track
"Tainted love","The Swampys","Psychobilly Old V's New [THE FINAL COUNTDOWN]",00:02:36,track
"Vampire Ville","Voodoo Dolls","Psychobilly Old V's New [THE FINAL COUNTDOWN]",00:02:14,track
"Out of my head",Torment,"Psychobilly Old V's New [THE FINAL COUNTDOWN]",00:04:12,track
Sleepwalk,"The Ramblin Bandits","Gone Surfin",00:03:10,track
"Surf Rider","The Ramblin Bandits","Gone Surfin",00:02:56,track
"Walk Dont Run","The Ramblin Bandits","Gone Surfin",00:01:54,track
"Dance With Me","Haney's Big House","Hiding To Nothing",00:03:05,track
Tootatubon,"The Meteors","Dreamin' up a Nightmare",00:03:52,track
"Hot Spot Boogie","Nina & The Hot Spots","Monkey Business",00:03:29,track
"I Got A Love","Stage Frite","Revenge Of The Killer Coypu",00:02:29,track
"Book Of Joe 4:14-21","The Strays","Cool Your Jets",00:04:15,track
"Silence Is Golden","The Strays","Cool Your Jets",00:04:09,track
"Who's Crazy Now?","The Strays","Cool Your Jets",00:03:32,track
"Forever Young","The Baseballs","Hot Shots",00:03:02,track
"Take On Me","The Baseballs","Hot Shots",00:02:33,track
Jacksonville,"American Aquarium","Daytrotter Sessions",00:05:49,track
"Look at Miss Ohio","American Aquarium","Daytrotter Sessions",00:03:42,track
Reidsville,"American Aquarium","Daytrotter Sessions",00:04:52,track
Power,"Amphibian Man","Speed Power Turbo Racer",00:03:30,track
Credits,"Amphibian Man","Contra Surf",00:02:56,track
Racer,"Amphibian Man","Speed Power Turbo Racer",00:03:43,track
"The City","Amphibian Man",Unknown,00:02:12,track
Turbo,"Amphibian Man","Speed Power Turbo Racer",00:02:17,track
"Danny B. Harvey & Mysti Moon - Walkin' After Midnight","Danny B. Harvey & Mysti Moon",Unknown,00:03:32,track
Fire,"Edward Hartline",FGHIJ,00:04:12,track
Generations,"Edward Hartline",FGHIJ,00:04:23,track
"Happy Birthday","Edward Hartline",FGHIJ,00:03:31,track
"Can't seem to make you mine","Southern Culture On The Skids","Can't seem to make you mine""",00:02:28,track
"All Ice No Whiskey","Samantha Fish",Faster,00:03:10,track
"All The Words","Samantha Fish",Faster,00:04:35,track
"Crowd Control","Samantha Fish",Faster,00:04:17,track
"Forever Together","Samantha Fish",Faster,00:02:54,track
"Made Like That","Sierra Ferrell","Long Time Coming",00:03:41,track
"Whispering Waltz","Sierra Ferrell","Long Time Coming",00:03:22,track
"Broken Clock",Straytones,"Magic Green River Swimmin’ & Stunning Tarzanka Experience",00:05:00,track
Delusion,Straytones,"Magic Green River Swimmin’ & Stunning Tarzanka Experience",00:05:44,track
"Magical River",Straytones,"Magic Green River Swimmin’ & Stunning Tarzanka Experience",00:03:19,track
Fire-Fire!,Straytones,"Magic Green River Swimmin’ & Stunning Tarzanka Experience",00:06:01,track
"Night Bird",Straytones,"Magic Green River Swimmin’ & Stunning Tarzanka Experience",00:05:36,track
"Oh Sweet Seeds",Straytones,"Magic Green River Swimmin’ & Stunning Tarzanka Experience",00:06:07,track
"Super Hot!",Straytones,"Magic Green River Swimmin’ & Stunning Tarzanka Experience",00:04:45,track
"The Key",Straytones,"Magic Green River Swimmin’ & Stunning Tarzanka Experience",00:05:07,track
"Juanita (feat. Willie Nelson)","Sturgill Simpson","The Ballad of Dood & Juanita",00:03:41,track
"Do I Love You","The Hillbilly Moon Explosion","BOURGEOIS BABY",00:03:33,track
"And If You Should See Dave...","The Stranglers","Dark Matters",00:03:35,track
Down,"The Stranglers","Dark Matters",00:03:02,track
Breathe,"The Stranglers","Dark Matters",00:05:50,track
"If Something's Gonna Kill Me (It Might As Well Be Love)","The Stranglers","Dark Matters",00:04:56,track
Payday,"The Stranglers","Dark Matters",00:03:04,track
"The Lines","The Stranglers","Dark Matters",00:01:37,track
"This Song","The Stranglers","Dark Matters",00:03:20,track
"The Last Men On The Moon","The Stranglers","Dark Matters",00:05:35,track
Cranes,"Thalia Zedek Band","Perfect Vision",00:04:42,track
Tolls,"Thalia Zedek Band","Perfect Vision",00:05:52,track
"Smokin' Gun","The Hello Darlins","Go By Feel",00:03:44,track
"Tired Horses","Tobacco City","Lagniappe Sessions",00:03:14,track
"Moon Dust Shine","Tobacco City","Lagniappe Sessions",00:03:07,track
"Let's Pretend It's Summer","Trevor Lake","Let's Pretend It's Summer - Single",00:03:12,track
"Driver 8 feat. John Paul White","Jason Isbell and the 400 Unit","Georgia Blue",00:03:35,track
"Just As Well","Mel Bryant & the Mercy Makers","Muscle Memory",00:05:23,track
Lace,"Mel Bryant & the Mercy Makers","Muscle Memory",00:04:29,track
Wildflower,"Mel Bryant & the Mercy Makers","Muscle Memory",00:02:53,track
"Muscle Memory","Mel Bryant & the Mercy Makers","Muscle Memory",00:03:49,track
Sunset,"Surfer Joe","World Traveler",00:02:52,track
"Next Summer","Todd Bradley","Next Summer",00:02:38,track
"Don't Worry Too Much","Will Padgett","Swing or Get Swinged!",00:04:13,track
Dream,"La Perra Blanco","Hot 45´s EP",00:02:15,track
"My teeth are falling","La Perra Blanco","Hot 45´s EP",00:02:21,track
"Sweet daddy lips","La Perra Blanco","Hot 45´s EP",00:02:23,track
"Howlin' At The Moon","The Side Burns",Howlin',00:03:26,track
"Ode To The Lullaby","The Side Burns",Howlin',00:02:08,track
"Cute But Psycho","Hot Rod Walt & The Psycho-Devilles","Devils Brew - Sampler",00:03:22,track
"Los Odiosos Seisiete","Los Seisiete",MONTESA,00:02:56,track
"Santa Ynez","Los Seisiete",MONTESA,00:02:46,track
"My Man Is Gone Now",Magnatech,Introducing...,00:03:03,track
"Surfin' Demon Twist",Magnatech,"Impala '59",00:03:27,track
"He's The One (That Rings My Bell)","Screamin' Rebel Angels","He's The One (That Rings My Bell) Single",00:02:20,track
"Language of Curiosity","Starlite Campbell Band","The Language of Curiosity",00:03:49,track
"Das Model","Tanque Rudy","El Fabuloso y Estridente Sonido de Tanque Rudy en vivo en Kaysurf",00:03:04,track
"Lets Dance","Tanque Rudy","El Fabuloso y Estridente Sonido de Tanque Rudy en vivo en Kaysurf",00:01:47,track
"Surf Rider","Tanque Rudy","El Fabuloso y Estridente Sonido de Tanque Rudy en vivo en Kaysurf",00:02:42,track
"The Wedge","Tanque Rudy","El Fabuloso y Estridente Sonido de Tanque Rudy en vivo en Kaysurf",00:02:34,track
"All Lovers Will Be Devoured By Sharks","The Deaf Surfers","Now The Sharks Are Your friends!",00:03:02,track
"She's Kerosene","Georgia Weber and The Sleeved Hearts",Unknown,00:03:29,track
"Monday Morning Church","Alan Jackson",Unknown,00:03:22,track
"A Friday Night In June","Back To Earth","Back To Earth",00:04:11,track
"Saturday Morning Confusion","Bobby Russell","Super Hits Of The Seventies Vol 6",00:03:08,track
"Saturday Night Special","Conway Twitty","The Conway Twitty Collection Disc 4",00:03:19,track
"Saturday Night Fish Fry","Buddy Guy","Heavy Love",00:05:29,track
"Friday Night","Dennis Wilson","Pacific Ocean Blue",00:03:12,track
"Friday Night August 14th",Funkadelic,Unknown,00:05:23,track
"Small Town Saturday Night","Hal Ketchum","Top 500 Hits (Countrychina)",00:02:57,track
"Where Did Robinson Crusoe Go With Friday On Saturday Night","Ian Whitcomb & His Seaside Syncopators",Grumpy_100905,00:01:50,track
"Saturday Night","Herman Brood","My Way: The Hits",00:03:41,track
"Won't You Try_Saturday Afternoon (Schizoforest Love Suite)","Jefferson Airplane","After Bathing At Baxter's",00:05:07,track
"It Sure Is Monday","Mark Chesnutt","Greatest Hits",00:02:57,track
"Friday Night","Lady Antebellum","Own The Night",00:02:58,track
"Louisiana Saturday Night","Mel Mcdaniel","Greatest Hits",00:02:23,track
"Saturday Night Special","Lynyrd Skynyrd","Lynyrd Skynyrd",00:05:09,track
"Another Sunday In The South","Miranda Lambert",Platinum,00:03:50,track
"Save Me A Saturday Night","Neil Diamond","12 Songs",00:03:31,track
"Monday Morning","Melanie Fiona",Unknown,00:03:38,track
"A Month Of Saturdays",R.E.M.,"The Greatest Hits 1982 - 2011 CD2",00:01:39,track
Friday,Phish,"Round Room",00:06:33,track
"Friday Night In Dixie","Rhett Akins","People Like Me",00:03:47,track
"Mr. Saturday Night","The Computers","Love Triangles Hate Squares",00:03:54,track
Sunday,"Sonic Youth","A Thousand Leaves",00:04:52,track
"Friday Night","The Darkness",Unknown,00:02:57,track
"Saturday’s Child","The Monkees","The Monkees",00:02:44,track
"Saturday Night",Odds,"100% British Mod",00:02:40,track
"Friday Night, Saturday Morning","The Specials","The Best Of The Specials",00:03:34,track
"Martha Sways","Andy Shauf","The Party",00:04:19,track
"Many Rivers To Cross","Annie Lennox","The Annie Lennox Collection Disc 2",00:03:23,track
"Love Song For A Vampire","Annie Lennox","The Very Best Of",00:04:21,track
"Prove It All Night","Bruce Springsteen",Unknown,00:04:01,track
Rock-A-Bye-Rock,"Buddy Holly",Unknown,00:02:23,track
"Don't smoke in bed","Holly Cole","Don't smoke in bed",00:02:27,track
"God Only Knows","Holly Cole",Unknown,00:04:27,track
"I've Just Seen A Face","Holly Cole","Blue Note Plays The Beatles",00:03:55,track
Downtown,"Holly Cole Trio",Unknown,00:03:56,track
"Two Thousand Miles","Holly Cole Trio","Christmas Blues",00:03:58,track
"Till There Was You","JJ Heller","I Dream of You, Vol. 2",00:02:55,track
"Venus in Furs","Hugh Cornwell","Footprints in the Desert",00:05:07,track
"Angel (Acoustic)","Jimi Hendrix","Jimi Hendrix",00:03:12,track
Angel,"Jimi Hendrix","The Cry Of Love",00:04:24,track
"Till There Was You",Lyambiko,"Love Letters",00:03:02,track
"Who Will Take My Dreams Away","Marianne Faithfull","Music For Film And Television",00:03:09,track
Hearts,"Marty Balin",Unknown,00:04:19,track
"Till There Was You","Marvin Gaye & Kim Weston","Take Two",00:02:26,track
"Little man",Milva,"Milva (1967)",00:03:09,track
"Chi Mai",Milva,"Dedicato A Milva Da Ennio Morricone",00:03:34,track
Poggibonsi,Milva,"Milva e dintorni",00:03:59,track
"Every Breath You Take","Nikki Parrott",Unknown,00:04:32,track
Allô,"Mireille Mathieu",Unknown,00:04:05,track
Jolene,"Nikki Parrott",Unknown,00:04:19,track
"'Till There Was You","Peggy Lee","Memories Are Made of This",00:02:30,track
"Till There Was You","Ray Charles","Come Live with Me",00:04:10,track
"Little Martha","The Allman Brothers Band","Eat A Peach {MFSL UD SACD 2102}",00:02:10,track
"Till There Was You","The Beatles","Meet The Beatles!",00:02:15,track
"Till There Was You","The Smithereens","Meet The Smithereens",00:02:14,track
"Hava Nagila","Ginny & The Gallions","Intoxica!  Strange and Sleazy Sounds From The SoCal Suberbs",00:03:01,track
"Hava nagila","Joe Brown & his Bruvvers","Telstars, Mexicans, manhunts & wonderful lands ..",00:01:25,track
"Hava Nagila","Glen Campbell","Instrumentals From The Capitol Tower (Disc 1)",00:02:15,track
"Hava Nagila","Ricky King","Ricky King - Greatest Hits CD2",00:02:50,track
"Hava Nagila.mp3","Orquestra Serenata Tropical","Convite pra ouvir musicas ao redor do mundo\disco 01",00:02:57,track
"Hava Nagila","The Challengers","On The Move",00:02:07,track
"Song From Israel (Hava Nagila)","The Climbers","Song From Israel",00:02:41,track
"Hava Nagila","The Clebanoff Strings & Percussion","Exciting Sounds",00:02:49,track
"Hava Nagila","The Exotic Guitars","I can't stop loving you",00:02:08,track
"Hava Nagila","The Fivetones & The Blue Stars","$uper Instrumental Music Collection",00:02:49,track
"Hava Nagila","The Finks","Fill'er Up and Go!",00:02:23,track
"Hava Nagila","The Irridescents","The Silver Sounds Of The Surf",00:02:17,track
"Hava Nagila","The Spotnicks","A Retrospective Journey",00:02:36,track
"Psychic Pitfalls","Bones in the Walls",Unknown,00:04:10,track
"Special Forces","Beware Of Blast","Special Forces",00:02:58,track
"House Of Secretions (rough mix)","Genki Genki Panic","Drac'd Raw Dot Com",00:02:26,track
"летучая мышь (Ventures Cover)","Genki Genki Panic","Drac'd Raw Dot Com",00:03:34,track
"Sunny Afternoon","Harry Katz and the Pistachios","Songs to Stay Alive to: Pandemic Covers & More",00:02:54,track
"Don't Talk To Me","Herbert Rehbein And His Orchestra","Music To Soothe That Tiger",00:04:15,track
"Dry Eyes","Herbert Rehbein And His Orchestra","Music To Soothe That Tiger",00:03:15,track
"If I Had You","Herbert Rehbein And His Orchestra","Music To Soothe That Tiger",00:03:04,track
"Prisoner Of Love","Herbert Rehbein And His Orchestra","Music To Soothe That Tiger",00:03:14,track
"Speak Low","Herbert Rehbein And His Orchestra","Music To Soothe That Tiger",00:03:40,track
"The Lady Smiles","Herbert Rehbein And His Orchestra","Music To Soothe That Tiger",00:02:55,track
"When I Fall In Love","Herbert Rehbein And His Orchestra","Music To Soothe That Tiger",00:03:13,track
"Las Panteras","Los Bitchos","Let The Festivities Begin!",00:03:53,track
"Like Strangers","Manos Wild","Like Strangers",00:02:06,track
"The Dredger","Satan's Pilgrims","The Dredger - Single",00:02:57,track
"Line 'em Up","Strange Waters","Deep Dive",00:02:28,track
Lately,"Lilly Hiatt",Lately,00:02:48,track
Rotterdam,"Pokey LaFarge","In The Blossom of Their Shade",00:03:25,track
"Partialisms 3","Jeffrey Bützer",Soldaderas,00:02:39,track
"Voice on the Phone","Phil Gammage","From Nowhere to Somewhere (album)",00:02:23,track
"Night of the Dugong","Egotones ","Geodesic Dome",00:03:26,track
"Sabu the Triumphant","Egotones ","Geodesic Dome",00:02:58,track
"Cheap Seats","Emily Scott Robinson","American Siren",00:04:04,track
"Every Day In Faith","Emily Scott Robinson","American Siren",00:04:52,track
"Hometown Hero","Emily Scott Robinson","American Siren",00:04:58,track
"Let 'Em Burn","Emily Scott Robinson","American Siren",00:05:08,track
"Lightning In A Bottle","Emily Scott Robinson","American Siren",00:04:14,track
"Lost Woman's Prayer","Emily Scott Robinson","American Siren",00:04:24,track
"Happy Bongos (Somebody Put Something In My Drink)","Full Load of King","Hula Blue Aloha Cocktail",00:02:57,track
"Mystery Drink","Full Load of King","Hula Blue Aloha Cocktail",00:05:26,track
"Return From Psychedelic Island","Full Load of King","Hula Blue Aloha Cocktail",00:03:48,track
"Beyond the Pale","Gutter Demons",Ritual,00:05:01,track
"Gambler's Blues","Gutter Demons",Ritual,00:03:18,track
"Mental Radio","Gutter Demons",Ritual,00:04:05,track
Nightbreed,"Gutter Demons",Ritual,00:02:29,track
"Silver & Gold","Gutter Demons",Ritual,00:03:22,track
"Foolish sister","Inga Lynch",Unknown,00:05:01,track
"Standoff At Planet 'T'","Les Robots","Standoff At Planet 'T' 7""",00:02:29,track
Stop,"Lilly Hiatt",Lately,00:03:21,track
"Couldn't Have Done the Killing","Marissa Nadler","The Path of the Clouds",00:04:49,track
Elegy,"Marissa Nadler","The Path of the Clouds",00:04:45,track
"From Vapor to Stardust","Marissa Nadler","The Path of the Clouds",00:03:54,track
"If I Could Breath Underwater","Marissa Nadler","The Path of the Clouds",00:04:29,track
Storm,"Marissa Nadler","The Path of the Clouds",00:03:53,track
"Lemon Queen","Marissa Nadler","The Path of the Clouds",00:04:36,track
"The Path of the Clouds","Marissa Nadler","The Path of the Clouds",00:04:51,track
"Turned Into Air","Marissa Nadler","The Path of the Clouds",00:03:20,track
"Well Sometimes You Just Can't Stay","Marissa Nadler","The Path of the Clouds",00:03:52,track
"Little Earl","The Delines","The Sea Drift",00:04:16,track
"If I Had A Hammer","The J Ann C Trio","At Tan-Tar-A",00:02:24,track
"Moon River","The J Ann C Trio","At Tan-Tar-A",00:01:44,track
More,"The J Ann C Trio","At Tan-Tar-A",00:02:45,track
"The Tide","The J Ann C Trio","At Tan-Tar-A",00:02:27,track
"Lone Pine",12AX7,#ihateeverything,00:03:04,track
Solstice,12AX7,#ihateeverything,00:03:51,track
"Perhaps, Perhaps, Perhaps","Didi Wray","Once Upon A Time In Tijuana",00:01:31,track
"Kiss Me A Lot","Didi Wray","Once Upon A Time In Tijuana",00:02:56,track
Sabu,"Egotones ","Geodesic Dome",00:02:59,track
"Fall Out","Ray Anthony","Like Wild!",00:02:10,track
"Peter Gunn","Ray Anthony","Like Wild!",00:01:50,track
Mimi,"Jack Marshall",Soundsville,00:02:32,track
"Room 43","Ray Anthony","Like Wild!",00:02:14,track
Sonante,"Jack Marshall",Soundsville,00:02:31,track
"Mondongo (mono)","Xavier Cugat & His Orchestra","The Original Latin Dance King",00:02:29,track
"U Lisah",Zwyntar,EP,00:03:32,track
Янголе,Zwyntar,Unknown,00:03:46,track
"A Christmas Tree On Basin Street",Bluesniks,Unknown,00:04:30,track
"Black Heart","Your Inner God","Dead Inside",00:05:36,track
Nothingness,"Your Inner God","Dead Inside",00:06:25,track
Plateau,"Your Inner God","Dead Inside",00:06:17,track
Rising,"Your Inner God","Dead Inside",00:05:37,track
"Autumn Leaves","Alvino Rey His Guitars & Orchestra","Ping Pong!",00:02:47,track
"Aloha Oe","Alvino Rey His Guitars & Orchestra","Ping Pong!",00:02:55,track
"The Man I Love","Alvino Rey His Guitars & Orchestra","Ping Pong!",00:02:22,track
"Darkness Can't Survive In The Presence Of Light","Lara Hope & the Ark-Tones",Unknown,00:03:01,track
"Goodbye Sunday Morning","The Judy Chops",Unknown,00:04:13,track
Twister,"Twang Inspectors","​digital) - SC035",00:03:24,track
"The Volcano Boys","Underwater Bosses","The Night Divides The Ride",00:02:24,track
"The Day You Were Born","A Complicated Man","A Complicated Man",00:04:59,track
Easy,"Avery West ft. Boogie Fleetwood Jr.","Wishing Well",00:03:20,track
"The Spill of the Edmund Fitzgerald","Avery West ft. Boogie Fleetwood Jr.","Wishing Well",00:04:22,track
"Four Letter Name","Beth Lee","Waiting on You Tonight",00:03:40,track
"I Won't Give In","Beth Lee","Waiting on You Tonight",00:02:46,track
"It Was Enough","Beth Lee","Waiting on You Tonight",00:02:59,track
"Playing Along","Beth Lee","Waiting on You Tonight",00:04:17,track
"Too Little Too Late","Beth Lee","Waiting on You Tonight",00:03:09,track
Bopalena,"Philip Doyle","""Uke can't keep a good man down""",00:01:49,track
"Going Down","Dead Kings","Doyley - Psycho From Beyond compilation",00:02:45,track
"Hot Rod Vampires","Demented Are Go","Doyley - Psycho From Beyond compilation",00:03:14,track
"Funnel Of Love ","Philip Doyle feat Alice Panchenko","""Uke can't keep a good man down""",00:02:24,track
"Frite Nite",Klingonz,"Doyley - Psycho From Beyond compilation",00:02:06,track
Klingzone,Klingonz,"Doyley - Psycho From Beyond compilation",00:01:49,track
"King Kong","Jennie and The Slingers ","Doyley - Psycho From Beyond compilation",00:04:48,track
"Oompa Loompa","Klingonz ","Doyley - Psycho From Beyond compilation",00:01:58,track
H.O.M.O,"Klingonz ","Doyley - Psycho From Beyond compilation",00:03:18,track
"Oompa Loompa","Philip Doyle","""Uke can't keep a good man down""",00:02:11,track
"Freight train Graffiti","Nigel Lewis & The Zorchmen","Doyley - Psycho From Beyond compilation",00:02:22,track
"Ubangi Stomp feat Kateryna Butska","Philip Doyle","""Uke can't keep a good man down""",00:02:21,track
"Shit TV","The Highliners ","Doyley - Psycho From Beyond compilation",00:02:07,track
"Ring Out The Changes","Garrington T Jones",Unknown,00:04:00,track
"White Rabbit","Jyrki 69 feat Steve Stevens","WHITE RABBIT",00:04:10,track
"Baby Come Back to Me","Spud Sims & the Beltways","My Eyes Are Only for You",00:02:42,track
"Seafoam Latte Stroll","The Desolate Coast","Time Slips Away",00:02:12,track
"Time Stands Still","The Desolate Coast","Time Slips Away",00:02:18,track
"Sugar & Spice",Ukulena,"Ukulena's ""Sugar & Spice"" and ""I Wanna Spend Christmas With Elvis""",00:03:53,track
"Small Town Saturday Night","American Aquarium","Slappers, Bangers & Certified Twangers: Vol 2",00:03:09,track
"Strawberry Wine","American Aquarium","Slappers, Bangers & Certified Twangers: Vol 2",00:04:51,track
"Gloomy Sunday","Claudia Thompson","Goodbye To Love",00:03:44,track
"Los Blonder - Lamento Borincano","Los Blonder","Sabor Surf Compiled by El Palmas & El Drágon Criollo",00:02:19,track
"Los Blonder - Solo Una Vez","Los Blonder","Sabor Surf Compiled by El Palmas & El Drágon Criollo",00:02:46,track
"Los Blonder - Sabes Porqué","Los Blonder","Sabor Surf Compiled by El Palmas & El Drágon Criollo",00:03:09,track
González,"Los Dangers","Sabor Surf Compiled by El Palmas & El Drágon Criollo",00:01:59,track
"Past The Shadows","The Delines","The Sea Drift",00:03:23,track
"Haunted Horror Howl","Dave Del Monte & The Cross County Boys",Unknown,00:02:29,track
"Angel Mine","Freeky Cleen",Unknown,00:04:09,track
Jewel,"Freeky Cleen",Unknown,00:02:29,track
"Misery (Official Audio)","Freeky Cleen",Unknown,00:04:27,track
Imagine,"Inge Augustina","Shadows Of The Past",00:03:39,track
"Someone Told Me Twice","Sasha Nabokova",Unknown,00:03:12,track
"I Wish It Were Christmas Tonight",Studeo,Unknown,00:04:14,track
"Under the Pink Moon",Ukulena,"Marlena Lorèn's Album",00:02:41,track
"Evening Jazz",ХоЖаЙ,Unknown,00:03:51,track
"Our Song","Bonnie & The Treasures","Lost Jukebox Vol. 128",00:02:31,track
"The Impossible Dream","Captain Milk (Edwin Hubbard)","Lost Jukebox Vol. 128",00:02:45,track
"California Dreamin'","Bud Shank","Lost Jukebox Vol. 128",00:02:33,track
"Love Has Gone","Dick Glasser & Co.","Lost Jukebox Volume 084",00:02:23,track
"The Prophet","Elliot's Music Room","Lost Jukebox Vol. 128",00:02:34,track
"Blue Is the Night (feat. Terry Snyder & The All-Stars)","Enoch Light","The Complete Persuasive Percussion",00:03:02,track
"Hawaiian War Chant (feat. The Command All-Stars)","Enoch Light","The Complete Persuasive Percussion",00:02:25,track
"La Cucaracha (feat. Terry Snyder & The All-Stars)","Enoch Light","The Complete Persuasive Percussion",00:02:31,track
"Miami Beach Rhumba (feat. Terry Snyder & The All-Stars)","Enoch Light","The Complete Persuasive Percussion",00:03:04,track
"Out of Nowhere (feat. Terry Snyder & The All-Stars)","Enoch Light","The Complete Persuasive Percussion",00:01:55,track
"Rock-a-Bongo Boogie (feat. Terry Snyder & The All-Stars)","Enoch Light","The Complete Persuasive Percussion",00:02:24,track
"Harlem Nocturne","Juan Garcia Esquivel","Music From The Space Age! (Remastered)",00:02:33,track
"Sentimental Journey","Juan Garcia Esquivel","Music From The Space Age! (Remastered)",00:02:43,track
Greensleeves,"Ferrante & Teicher",Soundproof,00:02:41,track
"Lay Lady Lay","Ferrante & Teicher","Lost Jukebox Volume 084",00:02:56,track
"La Cucaracha","Ferrante & Teicher",Soundproof,00:02:43,track
"Mama Yo Quero","Ferrante & Teicher",Soundproof,00:02:43,track
Tico-Tico,"Ferrante & Teicher",Soundproof,00:03:19,track
"Brief And Breezy","Henry Mancini","Music From Peter Gunn",00:03:33,track
"A Taste Of Honey","Herb Alpert and the Tijuana Brass","Whipped Cream & Other Delights",00:02:45,track
"Bittersweet Samba","Herb Alpert and the Tijuana Brass","Whipped Cream & Other Delights",00:01:45,track
"Lollipops And Roses","Herb Alpert and the Tijuana Brass","Whipped Cream & Other Delights",00:02:30,track
"Love Potion #9","Herb Alpert and the Tijuana Brass","Whipped Cream & Other Delights",00:03:02,track
Tangerine,"Herb Alpert and the Tijuana Brass","Whipped Cream & Other Delights",00:02:47,track
Estrellita,"Juan Garcia Esquivel",Latin-Esque,00:02:31,track
"La Paloma","Juan Garcia Esquivel",Latin-Esque,00:02:06,track
"Mucha Muchacha","Juan Garcia Esquivel",Latin-Esque,00:02:19,track
"Love Dance","Les Baxter And His Orchestra","Ritual Of The Savage (Le Sacre Du Sauvage)",00:02:19,track
"Quiet Village","Les Baxter And His Orchestra","Ritual Of The Savage (Le Sacre Du Sauvage)",00:03:17,track
"Sophisticated Savage","Les Baxter And His Orchestra","Ritual Of The Savage (Le Sacre Du Sauvage)",00:02:15,track
"The Ritual","Les Baxter And His Orchestra","Ritual Of The Savage (Le Sacre Du Sauvage)",00:03:11,track
"A Taste of Honey","Martin Denny","Exotic Moog",00:03:00,track
"I Talk to the Trees","Martin Denny","Exotic Moog",00:02:55,track
"Midnight Cowboy","Martin Denny","Exotic Moog",00:02:16,track
"The Enchanted Sea","Martin Denny","Exotic Moog",00:02:17,track
"Was It Really Love","Martin Denny","Exotic Moog",00:03:13,track
Fireworks,"Pérez Prado","""Prez""",00:02:31,track
Guaglione,"Pérez Prado","Mondo Mambo! The Best of Pérez Prado",00:02:26,track
"Lullaby of Birdland","Pérez Prado","""Prez""",00:04:08,track
"Mama Teach Me To Dance","Pérez Prado","""Prez""",00:02:47,track
Marta,"Pérez Prado","""Prez""",00:02:59,track
"San Remo","Pérez Prado","Mondo Mambo! The Best of Pérez Prado",00:01:48,track
"Theme From ''Monty Nash''","The Good Stuff","Lost Jukebox Vol. 128",00:01:49,track
"Free 'N' Easy","The Free 'N' Easy","Lost Jukebox Volume 084",00:03:13,track
"It's Not Unusual","The Heritage","Lost Jukebox Volume 084",00:02:17,track
"Sunday's Coming","The Grand Piano Company","Lost Jukebox Volume 084",00:03:05,track
Peace,"The Lollipop Tree","Lost Jukebox Volume 084",00:02:14,track
"Heaven's Door","The Mod Mods","Lost Jukebox Vol. 128",00:02:40,track
"Misty Flowers","The Mystic Monks","Lost Jukebox Volume 084",00:02:36,track
"The Uninhibited Bicycle Rider","The Two Mile Pike","Lost Jukebox Vol. 128",00:02:53,track
"Gloomy Sunday","Abbey Lincoln","A Tribute To Billie Holliday",00:05:09,track
"Wednesday Morning",America,"Human Nature",00:03:45,track
"No Left Turn On Tuesday","Alain Caron",5,00:05:47,track
"Sunday Sunrise","Anne Murray",Together,00:03:16,track
"Monday Woman","B. B. King","Makin' Love Is Good For You",00:03:37,track
"Call It Stormy Monday (with Albert Collins)","B. B. King","Blues Summit",00:07:17,track
"Sweet Tuesday Morning",Badﬁnger,"Straight Up [DCC GZS 1088]",00:02:33,track
"Gloomy Sunday","Billie Holiday",CD8,00:03:13,track
"Sunday In New York","Bobby Darin","Ultra-Lounge Volume Five - Wild, Cool And Swingin'",00:02:31,track
"Stormy Monday Blues","B. B. King","Live At The BBC",00:06:09,track
"See You Next Tuesday","Bryan Beller",View,00:04:12,track
"Fat Tuesday","Chris Standring",Groovalicious,00:04:16,track
"Jam On A Tuesday Night","Fast Frank and the Hot Shout Blues","Shakin' The Boogie",00:04:47,track
"Lockdown On Date Night Tuesday","J.S. Ondara","Folk n’ Roll Vol. 1: Tales Of Isolation",00:05:03,track
"Tuesday Evening","John Lee Hooker","Boogie Awhile",00:03:08,track
"Loan Me Two Till Tuesday","King Cole Trio","Blues Connection, Vol. 2: County Jail Blues (Disc 4)",00:02:38,track
"Tuesday's Gone","Lynyrd Skynyrd","pronounced 'leh-nerd 'skin-nerd Ultimate MasterDisc",00:07:31,track
"Tuesday Morning Boogie","Paul Kossoff","Back Street Crawler",00:04:21,track
"Gentle Tuesday","Primal Scream","Sonic Flower Groove",00:03:50,track
"Tuesday Heartbreak","Stevie Wonder","Talking Book",00:03:02,track
"Little Tuesday","The Flashbulb",Réunion,00:02:43,track
Tuesday,"You Am I","Hourly, Daily",00:03:17,track
"Boogie Tuesday","Yuu Takami","My Boss, My Hero Ost",00:02:41,track
"Poor Black Children","Big Daddy Wilson","Best of 2021: Blues",00:03:47,track
"Saturday Night To Tease","Jake Calypso","Lockdown Reunion",00:02:19,track
"Beyond The Reef","Leo Addeo and His Orchestra","Paradise Regained",00:02:52,track
"Every Little Moment","Leo Addeo and His Orchestra","Paradise Regained",00:02:28,track
"I'll See You In Hawaii","Leo Addeo and His Orchestra","Paradise Regained",00:02:21,track
"In The Wee Small Hours","Sid Bass and His Orchestra","With Bells On",00:02:44,track
"Keep your Eyes On The Hands","Leo Addeo and His Orchestra","Paradise Regained",00:02:18,track
"Ka Lu A","Leo Addeo and His Orchestra","Paradise Regained",00:02:20,track
"No Other Love","Paul Weston","Music For Memories",00:03:22,track
"Pick Yourself Up","Sid Bass and His Orchestra","With Bells On",00:02:02,track
Soon,"Sid Bass and His Orchestra","With Bells On",00:02:46,track
"Say It With Music","Sid Bass and His Orchestra","With Bells On",00:02:27,track
"The Bells Are Swinging","Sid Bass and His Orchestra","With Bells On",00:02:19,track
"You'd Be So Nice To Come Home To","Sid Bass and His Orchestra","With Bells On",00:02:49,track
"I Need You","Les Robots",MC,00:02:27,track
"Johnny Remember Me","Les Robots",MC,00:02:32,track
Sunday,"Mackenzie Shivers","Funeral Singer",00:03:04,track
"(Marie's The Name Of) His Latest Flame",Magnatech,"Sea Sea Rider",00:02:11,track
"Headed South","Martha Fields","Best of 2021: Roots",00:05:11,track
"Sunday Dream","Ondine Appel","Hidden Valley of Children",00:03:57,track
"Voodoo Blues","Joe Williams With The Red Saunders Orchestra","The Eternal Myth Revealed - Vol. 1 (CD 7)",00:02:57,track
Tequila,"Marty Cooper Clan",Unknown,00:01:57,track
"Walk Don't Run","Marty Cooper Clan",Unknown,00:02:12,track
"Kuba Mambo","Pérez Prado","The Eternal Myth Revealed - Vol. 1 (CD 7)",00:03:06,track
"El Relicario","Pérez Prado","Exotic Suite of the Americas",00:02:11,track
"I Could Have Danced All Night","Pérez Prado","Exotic Suite of the Americas",00:02:04,track
"In the Mood","Pérez Prado","Exotic Suite of the Americas",00:02:23,track
"Mama Yo Quiero","Pérez Prado","Exotic Suite of the Americas",00:02:06,track
"Son of a Gun","Pérez Prado","Exotic Suite of the Americas",00:02:00,track
Sleepwalk,"The Marty Cooper Clan","New Sounds... Old Goodies",00:02:22,track
"Bim Bam Bum","Xavier Cugat & His Orchestra","The Original Latin Dance King",00:03:01,track
"Mambo Gordo (mono)","Xavier Cugat & His Orchestra","The Original Latin Dance King",00:03:16,track
"Mambo Jambo","Xavier Cugat & His Orchestra","The Original Latin Dance King",00:03:17,track
"Miami Beach Rhumba","Xavier Cugat & His Orchestra","The Original Latin Dance King",00:03:21,track
Suavecito,"Xavier Cugat & His Orchestra","The Original Latin Dance King",00:03:19,track
"The Anything Can Happen Mambo","Xavier Cugat & His Orchestra","The Original Latin Dance King",00:02:22,track
"The Brand New Cha Cha","Xavier Cugat & His Orchestra","The Original Latin Dance King",00:02:45,track
"Who Me (mono)","Xavier Cugat & His Orchestra","The Original Latin Dance King",00:02:11,track
"Blue Champagne","Xavier Cugat","Cugi's Cocktails",00:02:22,track
"Cocktails for Two","Xavier Cugat","Cugi's Cocktails",00:03:10,track
Daiquiri,"Xavier Cugat","Cugi's Cocktails",00:02:58,track
Old-Fashioned,"Xavier Cugat","Cugi's Cocktails",00:03:25,track
"Rum and Coca-Cola","Xavier Cugat","Cugi's Cocktails",00:02:39,track
Tequila,"Xavier Cugat",Unknown,00:02:19,track
"Can't Seem to Make You Mine","Alex Chilton","Bach's Bottom",00:02:46,track
Smithereens,"Annie Lennox","Annie Lennox & The Bbc Concert Orchestra",00:05:19,track
"No More 'I Love You's'","Annie Lennox","Billboard Year-End Hot 100 Songs 1995",00:04:51,track
"Walking On Broken Glass","Annie Lennox",Diva,00:04:13,track
Why,"Annie Lennox",#1992,00:04:54,track
"To Love or Not to Love","Barbara Lynn","The Jamie Singles Collection 1962-1965 [Disc 1]",00:01:58,track
"Strange Fruit","Billie Holiday","The Rough Guide to Jazz and Blues Legends (Billy Holiday)",00:03:13,track
"You'll Lose A Good Thing.","Barbara Lynn",monkeybastardsv20.blogspot.com,00:02:22,track
"Streets Of London","Blackmore's Night","05 - The Village Lanterne",00:03:48,track
"Hit the Road Jack (feat. Haley Reinhart)","Casey Abrams",Unknown,00:03:46,track
"Can't help falling in love","Haley Reinhart",Better,00:02:53,track
"I Who Have Nothing","Haley Reinhart","American Idol 2011",00:02:30,track
"Oh! Darling","Haley Reinhart","What's That Sound?",00:03:16,track
"Piece Of My Heart","Haley Reinhart","American Idol 2011",00:03:40,track
"Sunny Afternoon","Haley Reinhart","What's That Sound?",00:04:19,track
"These Boots Are Made For Walkin","Haley Reinhart","What's That Sound?",00:02:57,track
"White Rabbit","Haley Reinhart","What's That Sound?",00:02:41,track
"Words Of Love","Haley Reinhart","What's That Sound?",00:02:19,track
"You've Really Got A Hold On Me","Haley Reinhart","American Idol 2011",00:02:21,track
"Mysterious Mountain","Jaco Pastorius","Holiday For Pans",00:01:33,track
"Can't Seem to Make You Mine",Ramones,"Acid Eaters",00:02:42,track
"Piece Of My Heart","Janis Joplin","Cheap Thrills",00:04:15,track
"All I Wanna Do","Sheryl Crow","Tuesday Night Music Club",00:04:34,track
"Strong Enough","Sheryl Crow","Tuesday Night Music Club",00:03:10,track
"Run for your life","The Creepshow","Wild Psychobilly",00:03:55,track
"Kieszonkowiec Darek",Vespa,Potwór,00:03:30,track
"Dream Beat","Kenyon Hopkins",Lonelyville,00:02:08,track
"Lonely Girl","Kenyon Hopkins",Lonelyville,00:02:40,track
"St. James Infirmary","Kenyon Hopkins",Lonelyville,00:02:29,track
"The Lonesome Road","Kenyon Hopkins",Lonelyville,00:02:17,track
"I've grown Accustomed to Your Face","Jackie Gleason","Lush Moods",00:02:55,track
"Lover Come Back To Me","Jackie Gleason","Lush Moods",00:02:47,track
"The Man I Love","Jackie Gleason","Lush Moods",00:02:11,track
"Roller Coaster","Henri Rene & His Orchestra & C","The History of Space Age Pop,",00:02:52,track
Caravan,"Sir Julian & His Orchestra","The History of Space Age Pop,",00:03:30,track
"His latest flame (Marie's the name)","Dani Trabal Dúo","Album CUANDO GRITA EL SILENCIO 2022 (Full album)",00:02:16,track
"Sunday Girl","Didi Wray","Sunday Girl",00:02:39,track
"Love You Till Tuesday","Didi Wray","Love You Till Tuesday",00:02:37,track
Why,Indians,"2022_Ven conmigo (Singles)",00:02:32,track
"Orion Canyon","Insect Surfers","Satellite Bay",00:04:33,track
"Angel Of The Morning","Juice Newton","ANGEL OF THE MORNING - THE VERY BEST OF",00:04:05,track
"Crazy LIttle Thing Called Love","Juice Newton","ANGEL OF THE MORNING - THE VERY BEST OF",00:02:33,track
Hurt,"Juice Newton","ANGEL OF THE MORNING - THE VERY BEST OF",00:03:35,track
"Reason To Believe","Juice Newton","ANGEL OF THE MORNING - THE VERY BEST OF",00:03:19,track
"The Sweetest Thing (I've Ever Known)","Juice Newton","ANGEL OF THE MORNING - THE VERY BEST OF",00:04:06,track
"Dienvidu akvareļi 2.d. Skumja dziesma","Raimonds Pauls and Latvian Radio Big Band","JAZZ SUITES: REIMAGINED!",00:04:20,track
"Dienvidu akvareļi 3.d. Deja","Raimonds Pauls and Latvian Radio Big Band","JAZZ SUITES: REIMAGINED!",00:03:26,track
"Dienvidu akvareļi 5.d. Viesuļa vētra","Raimonds Pauls and Latvian Radio Big Band","JAZZ SUITES: REIMAGINED!",00:02:51,track
"Dienvidu akvareļi 4.d. Nakts","Raimonds Pauls and Latvian Radio Big Band","JAZZ SUITES: REIMAGINED!",00:05:01,track
"Instrumentu parāde","Raimonds Pauls and Latvian Radio Big Band","JAZZ SUITES: REIMAGINED!",00:02:46,track
"Iespaidi 3.d. Pavasarīga noskaņa","Raimonds Pauls and Latvian Radio Big Band","JAZZ SUITES: REIMAGINED!",00:04:18,track
"Melnās krāsas 1.d.","Raimonds Pauls and Latvian Radio Big Band","JAZZ SUITES: REIMAGINED!",00:03:26,track
"Ватра в трусах","Rude Jokes",Unknown,00:03:20,track
"Melnās krāsas 5.d.","Raimonds Pauls and Latvian Radio Big Band","JAZZ SUITES: REIMAGINED!",00:03:40,track
"Sunday 1:40pm","The Currie Brothers","We Are The Currie Brothers",00:01:53,track
"Jungle Drums (Canto Karabali)","Esquivel & His Orchestra","The History of Space Age Pop,",00:03:51,track
"The Girl Friend of the Whirlin","Markko Polo Adventurers","The History of Space Age Pop,",00:02:25,track
"Chant of the Jungle","Sid Bass and His Orchestra","The History of Space Age Pop,",00:03:19,track
Carioca,"Esquivel & His Orchestra","The History of Space Age Pop,",00:01:45,track
"Punctuated Performance","Henri Rene & His Orchestra","The History of Space Age Pop,",00:02:54,track
"Mood Indigo","Ray Martin & His Orchestra","The History of Space Age Pop,",00:03:31,track
"Prodigal Daughter (feat. Allison Russell)","Aoife O'Donovan","Age of Apathy",00:03:42,track
"After The Rain","Dean Owens","Sinner's Shrine",00:03:46,track
"Crooked Tree","Molly Tuttle & Crooked Tree","Crooked Tree",00:03:53,track
"She'll Change","Molly Tuttle & Crooked Tree","Crooked Tree",00:02:42,track
"Drifting With The Tide","Sys Malakian","Drifting With The Tide",00:02:49,track
"Oxygen #4","The Krontjong Devils","Music From The Stars",00:03:04,track
"Take On Me","The Krontjong Devils","Music From The Stars",00:03:02,track
Quiero,"The Krontjong Devils","Music From The Stars",00:02:39,track
"I Know You Know Me","Caroline Spence","True North",00:03:17,track
"Susurro  Hawaiano","Los Reverb","Surf The Waves Of Music With​.​.​.",00:01:50,track
"CATFISH HEAD","Thee Scarecrows AKA","Catfish Head",00:03:14,track
"FUNGUS AMONG US","Thee Scarecrows AKA","Catfish Head",00:01:44,track
"I'M ON MY WAY","Thee Scarecrows AKA","Catfish Head",00:02:11,track
"Hay Bale Betty","Thee Scarecrows AKA","Catfish Head",00:02:53,track
Rook,"Chrome Castle","Chrome Castle",00:03:28,track
"Sunday Chrome","Chrome Castle","Chrome Castle",00:03:17,track
"I Let Love In",Federale,"Our Side Of Their Story",00:04:12,track
"Once Upon A Time In The West",Federale,"Our Side Of Their Story",00:03:30,track
"All That You Can Dream","Grant-Lee Phillips","All That You Can Dream",00:04:53,track
"Cruel Trick","Grant-Lee Phillips","All That You Can Dream",00:04:26,track
"Pista (Fresh Start)","Los Bitchos","Let The Festivities Begin!",00:03:22,track
"The Link Is About To Die","Los Bitchos","Let The Festivities Begin!",00:03:48,track
"Saunders Ferry Lane","Marissa Nadler","The Wrath of the Clouds",00:03:55,track
Seabird,"Marissa Nadler","The Wrath of the Clouds",00:03:46,track
"La Cumparsita",Tangentg,"Tôhô Beach Party: Best of Tangentg Surf '21",00:02:21,track
"Waves are for the Surfers",Tangentg,"Tôhô Beach Party: Best of Tangentg Surf '21",00:02:43,track
"All Along The Ride","The Delines","The Sea Drift",00:04:41,track
"Hold Me Slow","The Delines","The Sea Drift",00:03:28,track
"Kid Codeine","The Delines","The Sea Drift",00:03:19,track
"Lynette’s Lament","The Delines","The Sea Drift",00:01:51,track
"Surfers In Twilight","The Delines","The Sea Drift",00:04:07,track
"The Gulf Drift Lament","The Delines","The Sea Drift",00:02:12,track
"This Ain’t No Getaway","The Delines","The Sea Drift",00:04:35,track
"All I Can Do is Cry","The Hillbilly Moon Explosion","INTRODUCING THE HILLBILLY MOON EXPLOSION",00:02:23,track
"House of Bamboo","The Hillbilly Moon Explosion","ALL GROWN UP",00:02:49,track
"Little Lil","The Hillbilly Moon Explosion","ALL GROWN UP",00:02:48,track
"Maniac Lover","The Hillbilly Moon Explosion","INTRODUCING THE HILLBILLY MOON EXPLOSION",00:03:40,track
"Moonshine Song","The Hillbilly Moon Explosion","ALL GROWN UP",00:02:46,track
"Need You to Stay","The Hillbilly Moon Explosion","ALL GROWN UP",00:03:26,track
"Oh Oh Mojo","The Hillbilly Moon Explosion","ALL GROWN UP",00:02:25,track
"Remember (Walking in the Sand)","The Hillbilly Moon Explosion","INTRODUCING THE HILLBILLY MOON EXPLOSION",00:03:33,track
"The Long Way Down","The Hillbilly Moon Explosion","ALL GROWN UP",00:02:40,track
Golash,"The Surf Raiders","Raiders of the Lost Surf",00:02:30,track
"Gum Dipped Slicks","The Surf Raiders","Raiders of the Lost Surf",00:02:07,track
"High Wall","The Surf Raiders","Raiders of the Lost Surf",00:03:53,track
"Let There Be Surf","The Surf Raiders","Raiders of the Lost Surf",00:02:14,track
"Point Conception","The Surf Raiders","Raiders of the Lost Surf",00:02:09,track
Scratch,"The Surf Raiders","Raiders of the Lost Surf",00:02:29,track
Rampage,"The Surf Raiders","Raiders of the Lost Surf",00:02:36,track
"Squad Car","The Surf Raiders","Raiders of the Lost Surf",00:02:04,track
"Swami's Reef","The Surf Raiders","Raiders of the Lost Surf",00:02:28,track
"Surf Raider","The Surf Raiders","Raiders of the Lost Surf",00:03:44,track
Tsunami,"The Surf Raiders","Raiders of the Lost Surf",00:02:34,track
"The Curl Rider","The Surf Raiders","Raiders of the Lost Surf",00:03:22,track
Unknown,"The Surf Raiders","Raiders of the Lost Surf",00:02:22,track
"Muddy Boot Stomp","Thee Scarecrows AKA","Catfish Head",00:02:44,track
"ITCHING AND SCRATCHING","Thee Scarecrows AKA","Catfish Head",00:02:52,track
"Put A Bag On Your Head","Thee Scarecrows AKA","Catfish Head",00:02:51,track
"Ten Gallon Hat","Thee Scarecrows AKA","Catfish Head",00:03:18,track
"Sunset At Makaha","Glasgow Tiki Shakers","digital) - GC087",00:02:46,track
"Suicide Point","Insect Surfers","digital) - GC087",00:02:47,track
Annabel,"49 Winchester","Fortune Favors the Bold",00:03:00,track
"Easter Parade","Sonny Lester & His Orchestra","How To Strip For Your Husband",00:02:50,track
"For Strippers Only","Sonny Lester & His Orchestra","How To Strip For Your Husband",00:02:29,track
Lament,"Sonny Lester & His Orchestra","How To Strip For Your Husband",00:03:05,track
"Lonely Little G-String","Sonny Lester & His Orchestra","How To Strip For Your Husband",00:02:31,track
"Seduction Of The Virgin Princess","Sonny Lester & His Orchestra","How To Strip For Your Husband",00:03:10,track
"The Raid","Sonny Lester & His Orchestra","How To Strip For Your Husband",00:02:20,track
"Shivas Regal","Sonny Lester & His Orchestra","How To Strip For Your Husband",00:02:04,track
Turkish,"Sonny Lester & His Orchestra","How To Strip For Your Husband",00:01:41,track
"Walkin' And Strippin'","Sonny Lester & His Orchestra","How To Strip For Your Husband",00:02:24,track
"Running Up That Hill",Medieval,Unknown,00:03:59,track
Anchor,"Shovels & Rope",Manticore,00:04:28,track
"Collateral Damage","Shovels & Rope",Manticore,00:04:02,track
"Happy Birthday Who","Shovels & Rope",Manticore,00:04:41,track
"All Is Quiet","Susan Cattaneo","All Is Quiet",00:03:23,track
"Sea Cruise","Annie Marie Lewis w_ Danny B. Harvey",Unknown,00:03:01,track
"Demon Train","Crypt 24","Zombie Bikers From Hell",00:02:45,track
"OH YES!","Harry Katz & The Pistachios",Unknown,00:04:34,track
"All The Things You Are","Paul Weston","Music For Memories",00:03:17,track
"Riders In The Sky (Cowboy Legend)","King Dude","Songs of The 1940's • Part One",00:03:16,track
"Night Hawk","Mary Ann Hawkins","Mary Ann Hawkins",00:03:13,track
"Sunday Morning","Norma Tanega","I’m the Sky: Studio and Demo Recordings, 1964–1971",00:04:06,track
"When Money Talks","Peter & the Wolves","Forget About It",00:02:10,track
"Quattro (World Drifts In)","Robert Plant and Allison Krauss","Raise The Roof",00:04:34,track
"Trouble With My Lover","Robert Plant and Allison Krauss","Raise The Roof",00:04:04,track
"Your Move Ms Drake","Stereophonic Space Sound Unlimited","The Flawless Ms Drake",00:03:25,track
"It's Been Wrong","The Lostines","The Lostines",00:03:28,track
"Who's Your Love","The Lostines","The Lostines",00:03:35,track
"Predator Of Love","The Troubled","Spacing Away",00:03:04,track
"My Baby Knows How","Jeremy Mohney","KGNU Air Checks II",00:04:22,track
"George & Janice","Say Sue Me","The Last Thing Left",00:03:03,track
Щедрик,"Your Inner God",Unknown,00:05:05,track
"These Days","Cat Power","Covers [Japanese Edition]",00:03:45,track
"Back Around","The Hawkmen","When It's Gone",00:03:10,track
"Hawkmen Stomp","The Hawkmen","When It's Gone",00:02:21,track
"James Dean","The Hawkmen","When It's Gone",00:02:14,track
"The Rhythm We Want","Charlie Halloran and The Tropicales","Shake the Rum",00:03:10,track
Tabu,"Charlie Halloran and The Tropicales","Shake the Rum",00:04:35,track
"Voltige Antillais","Charlie Halloran and The Tropicales","Shake the Rum",00:03:01,track
"Bluebirds and Rye","Kate Ellis",Spirals,00:03:19,track
"Another Way","Kate Ellis",Spirals,00:04:34,track
Wolf,"Kate Ellis",Spirals,00:03:33,track
Wonderland,"Kate Ellis",Spirals,00:03:20,track
"First Kiss","The Me Gustas","The Me Gustas",00:02:41,track
"Miles Inbetween","The Space Age Travellers","Satellite Shuffle",00:02:29,track
"The Waiting","The Space Age Travellers","Satellite Shuffle",00:03:27,track
"C'est Pas Normal","The Vrooming Crew avec Dolores","NEWEST - Laisse-Moi Respirer (LP​/​digital​) - GC082",00:01:58,track
"Caresse Mes Cheveux","The Vrooming Crew avec Dolores","NEWEST - Laisse-Moi Respirer (LP​/​digital​) - GC082",00:03:04,track
"Dis Dis Donc Dis Donc","The Vrooming Crew avec Dolores","NEWEST - Laisse-Moi Respirer (LP​/​digital​) - GC082",00:01:39,track
Jalouses,"The Vrooming Crew avec Dolores","NEWEST - Laisse-Moi Respirer (LP​/​digital​) - GC082",00:01:51,track
"Laisse Allier","The Vrooming Crew avec Dolores","NEWEST - Laisse-Moi Respirer (LP​/​digital​) - GC082",00:01:53,track
"Laisse-Moi Respirer","The Vrooming Crew avec Dolores","NEWEST - Laisse-Moi Respirer (LP​/​digital​) - GC082",00:02:04,track
Patatra,"The Vrooming Crew avec Dolores","NEWEST - Laisse-Moi Respirer (LP​/​digital​) - GC082",00:02:32,track
Oulala,"The Vrooming Crew avec Dolores","NEWEST - Laisse-Moi Respirer (LP​/​digital​) - GC082",00:01:34,track
"Qui S'y Frotte S'y Pique","The Vrooming Crew avec Dolores","NEWEST - Laisse-Moi Respirer (LP​/​digital​) - GC082",00:01:56,track
"Qu'Est - Ce Que Tu Fous","The Vrooming Crew avec Dolores","NEWEST - Laisse-Moi Respirer (LP​/​digital​) - GC082",00:01:40,track
"Salut Les Copines","The Vrooming Crew avec Dolores","NEWEST - Laisse-Moi Respirer (LP​/​digital​) - GC082",00:01:42,track
"Cold And Hot Game","The Vrooming Crew avec Grandsart & Dolores","NEWEST - Sex Call From Paris (LP/digital) - GC083",00:02:34,track
"French Girl On Duty","The Vrooming Crew avec Grandsart & Dolores","NEWEST - Sex Call From Paris (LP/digital) - GC083",00:01:57,track
"Ho Ho Darling","The Vrooming Crew avec Grandsart & Dolores","NEWEST - Sex Call From Paris (LP/digital) - GC083",00:02:09,track
"Love Me Blues","The Vrooming Crew avec Grandsart & Dolores","NEWEST - Sex Call From Paris (LP/digital) - GC083",00:02:07,track
"Madame Present","The Vrooming Crew avec Grandsart & Dolores","NEWEST - Sex Call From Paris (LP/digital) - GC083",00:03:10,track
"Sex Call From Paris","The Vrooming Crew avec Grandsart & Dolores","NEWEST - Sex Call From Paris (LP/digital) - GC083",00:02:53,track
"Know Your Demons","Tre Burt","Know Your Demons",00:03:27,track
"Le Tchian du Bouolay","Little Miss Higgins","The Fire Waltz",00:03:14,track
"Let Me Be Your Wolf","Little Miss Higgins","The Fire Waltz",00:04:12,track
"Mules Don't Speak French","Little Miss Higgins","The Fire Waltz",00:02:47,track
"No One Way To Live","Little Miss Higgins","The Fire Waltz",00:02:29,track
"The Blanket","Little Miss Higgins","The Fire Waltz",00:02:35,track
"The Dream That's Breaking Me","Little Miss Higgins","The Fire Waltz",00:02:52,track
"The Sea Takes Me Away","Little Miss Higgins","The Fire Waltz",00:03:07,track
"Your Love","Little Miss Higgins","The Fire Waltz",00:03:11,track
"Museum of Brotherly Love","Pete Galub & Matt Kanelos",Unknown,00:04:42,track
"Cloudy Sunday Afternoon","The Tadmen Twins","Cloudy Sunday Afternoon / Love Hurts",00:02:27,track
"Doctor Who","Cop Shop","Return of the Fuzz",00:03:14,track
"The Hearse","Cop Shop","Return of the Fuzz",00:02:04,track
"God's Medicine","John Moreland","Live at The Basement East - Nashville, TN - 2​/​17​/​22",00:03:21,track
"I Always Let You Burn Me to the Ground","John Moreland",LP5,00:04:35,track
"Losing Sleep","John Moreland","Live at The Basement East - Nashville, TN - 2​/​17​/​22",00:05:05,track
Arizona,"Judy Collins",Spellbound,00:05:57,track
"Thomas Merton","Judy Collins",Spellbound,00:04:48,track
"Blue Moon","Paul Weston","Music For Memories",00:02:54,track
"I'll Be Seeing You","Paul Weston","Music For Memories",00:02:31,track
"My Moonlight Madonna","Paul Weston","Music For Memories",00:03:01,track
"You Go To My Head","Paul Weston","Music For Memories",00:03:15,track
Castilleja,"Molly Tuttle & Golden Highway","Crooked Tree",00:03:17,track
Waitin',"The Hypochondriacs",Unknown,00:03:43,track
"Je t'aime ... moi non plus","Conj. Santa Anita","Ayahuasca: Bonus tracks (Tropical Cumbia Latin Soul Psych Peru '70s)",00:02:34,track
"Pale Moonlight","The Jazztronauts","Pale Moonlight",00:02:59,track
"Alright for the Party",Dandies,"Rockin' Days and Rollin' Nights",00:02:58,track
"Ain't Never Too Much Rockin'",Dandies,"Rockin' Days and Rollin' Nights",00:03:15,track
"Don't Go Away",Dandies,"Rockin' Days and Rollin' Nights",00:02:49,track
"I Want You by My Side",Dandies,"Rockin' Days and Rollin' Nights",00:03:57,track
Nightmare,Dandies,"Rockin' Days and Rollin' Nights",00:03:56,track
"Pick What You Choose",Dandies,"Rockin' Days and Rollin' Nights",00:02:31,track
One,Dandies,"Rockin' Days and Rollin' Nights",00:03:20,track
"Take Me for a Long Long Ride",Dandies,"Rockin' Days and Rollin' Nights",00:02:57,track
"Song in My Heart",Dandies,"Rockin' Days and Rollin' Nights",00:03:36,track
"Sea Side Rumble",Dandies,"Rockin' Days and Rollin' Nights",00:02:48,track
"Sunny Side",Dandies,"Rockin' Days and Rollin' Nights",00:03:21,track
"What's on Your Mind",Dandies,"Rockin' Days and Rollin' Nights",00:03:42,track
"Midnite Blues ","Charlie Rich","Things Are Lookin' Good!",00:02:53,track
"Beyond the Stars","Tami Neilson",KINGMAKER,00:04:50,track
"Buried in Space","The Inquisitors","Oculus Sinister",00:03:21,track
"The Good, the Bad, and the Dead","The Inquisitors","Oculus Sinister",00:02:39,track
"I Ain't No Miracle Worker","X Ray Cat Trio","I Ain't No Miracle Worker c/w Death Threat",00:03:02,track
"Bellville County Line","Beth Lee","Keep Your Mouth Shut",00:02:53,track
"Only A Dream","Beth Lee","Keep Your Mouth Shut",00:02:05,track
"Keep Your Mouth Shut","Beth Lee","Keep Your Mouth Shut",00:03:38,track
"Thick of It","Beth Lee","Keep Your Mouth Shut",00:03:11,track
"Right Back","Beth Lee","Keep Your Mouth Shut",00:03:05,track
"You Can Be Replaced","Beth Lee","Keep Your Mouth Shut",00:04:34,track
"You Remind Me","Beth Lee","Keep Your Mouth Shut",00:03:10,track
Mari,"Cosy Oleksa",Unknown,00:03:08,track
"Blue and Yellow Blues","Cosy Oleksa",Unknown,00:03:45,track
"Sputnik Swimming","Japanese Television","Space Fruit Vineyard",00:04:51,track
"Cowboys & Indians","King Beez",Games,00:03:17,track
"Red Rover","King Beez",Games,00:03:50,track
"Hard Times in Babylon","Rachel Baiman & Kris Drever",Unknown,00:04:03,track
"Broken Things","Susan Cattaneo","All Is Quiet",00:03:51,track
"Diamond Days","Susan Cattaneo","All Is Quiet",00:04:19,track
"Heart of Glass","The Surfrajettes","Roller Fink",00:03:34,track
"She Loves You","The Surfrajettes","Roller Fink",00:02:25,track
Snowball,"The Surfrajettes","Roller Fink",00:02:59,track
"bawana jinde","AL DUNCAN","EXOTIC-O-RAMA vol3",00:02:24,track
"Voodoo drums",AKIM,"EXOTIC-O-RAMA vol3",00:02:21,track
"A Horse With No Name","Dale Watson","JUKEBOX FURY",00:03:58,track
"Act Naturally ","Dale Watson feat. The Hillbilly Moon Explosion","JUKEBOX FURY",00:02:47,track
"Always On My Mind ","Dale Watson feat. Linda Gail Lewis","JUKEBOX FURY",00:03:06,track
"Have You Ever Seen The Rain?","Dale Watson","JUKEBOX FURY",00:03:15,track
"I've Always Been Crazy feat. Lorrie Morgan","Dale Watson","JUKEBOX FURY",00:03:44,track
"Polk Salad Annie","Dale Watson","JUKEBOX FURY",00:03:45,track
Sundown,"Dale Watson","JUKEBOX FURY",00:03:36,track
"The Gambler","Dale Watson","JUKEBOX FURY",00:03:42,track
"Turn The Page","Dale Watson","JUKEBOX FURY",00:04:31,track
"jungle fever","DICK DALE  and THE DEL-TONES","EXOTIC-O-RAMA vol3",00:02:15,track
"ole mambo","EDMUNDO ROSS and his Orchestra","EXOTIC-O-RAMA vol3",00:03:06,track
"jungle beat","HAROLD AND BOB","EXOTIC-O-RAMA vol3",00:03:10,track
"tarzan and  jane","JACK  AND JIM","EXOTIC-O-RAMA vol3",00:02:36,track
"Edge of the End","Jack Klatt","Edge of the End",00:03:04,track
"turkish coffee","LAGUESTRA & HIS ORCHESTRA","EXOTIC-O-RAMA vol3",00:02:09,track
"navel maneuver","ROSS BAGDASARIAN","EXOTIC-O-RAMA vol3",00:01:59,track
"putti putti","THE MAORI HI FIVE","EXOTIC-O-RAMA vol3",00:02:22,track
"garden of eden- part 1","THE LINCOLN TRIO","EXOTIC-O-RAMA vol3",00:02:16,track
"mama ubangi bangi","THE FOUR SOUNDS","EXOTIC-O-RAMA vol3",00:02:23,track
"35 Days","Cosy Oleksa",Unknown,00:04:08,track
"Life On Mars","Top Of The Pops","Top Of The Pops",00:03:54,track
"Jean Genie","Top Of The Pops","Top Of The Pops",00:04:19,track
"Susie and Jeffrey",Blondie,"The Platinum Collection",00:04:08,track
"Kate McCannon","Colter Wall","Colter Wall",00:04:34,track
"Diamonds & Gasoline","Turnpike Troubadours","Diamonds & Gasoline",00:03:52,track
"I Can Do That","Tanya Tucker","Biky's Golden Country Songs (Part 05)",00:03:32,track
Pipeline,"the Lake Devils","Bad times in bad waters",00:03:33,track
"The house of the Rising Sun","the Lake Devils","Bad times in bad waters",00:03:28,track
"Damn Darlin'","49 Winchester","Fortune Favors the Bold",00:03:20,track
Easy,Banditos,"Right On",00:03:26,track
"Here Tonight",Banditos,"Right On",00:03:20,track
"One More Time",Banditos,"Right On",00:04:54,track
"Said & Done",Banditos,"Right On",00:02:28,track
"Time Wasted",Banditos,"Right On",00:03:09,track
Waves,Banditos,"Right On",00:04:09,track
"Initials BB (feat. James Maker)","Boz Boorer","Initials BB (feat. James Maker)",00:03:38,track
"All By Heart","Grant-Lee Phillips","All That You Can Dream",00:04:44,track
"Help Us Title The New Tune...","Everglades Rhythm",Unknown,00:02:20,track
"My Eyes Have Seen","Grant-Lee Phillips","All That You Can Dream",00:04:01,track
"Peace Is a Delicate Thing","Grant-Lee Phillips","All That You Can Dream",00:05:20,track
"Remember This","Grant-Lee Phillips","All That You Can Dream",00:04:03,track
"Endless Afternoon","La Luz","Endless Afternoon",00:04:36,track
"Hey There","La Vergne Smith","Angel in the Absinthe House",00:03:29,track
"One Scotch, One Bourbon, One Beer","La Vergne Smith","Angel in the Absinthe House",00:01:42,track
"Helsinki 1952","Mary Ann Hawkins","Mary Ann Hawkins",00:02:34,track
"Day of the Dead","Mary Ann Hawkins","Mary Ann Hawkins",00:03:19,track
"Red Wind from the West","Mary Ann Hawkins","Mary Ann Hawkins",00:02:04,track
Salpimienta,"Mary Ann Hawkins","Mary Ann Hawkins",00:02:50,track
"Dyin' World","Ryan Chrys & The Rough Cuts","Tears & Blades",00:02:40,track
"My Love Is A Gun","Ryan Chrys & The Rough Cuts","Tears & Blades",00:03:37,track
"Outlaw Billy","Ryan Chrys & The Rough Cuts","Tears & Blades",00:04:03,track
Wasted,"Ryan Chrys & The Rough Cuts","Tears & Blades",00:04:01,track
"Seein' You Tonight","Ryan Chrys & The Rough Cuts","Tears & Blades",00:04:39,track
"You Gotta Play","Ryan Chrys & The Rough Cuts","Tears & Blades",00:03:03,track
"The Weather","Ryan Chrys & The Rough Cuts","Tears & Blades",00:04:13,track
"Double Trap","The ChuGuysters","First Warning",00:03:12,track
"First Warning","The ChuGuysters","First Warning",00:03:44,track
"Escape In The Fifth Gear","The ChuGuysters","First Warning",00:03:25,track
"Six Ghosts Of The Past","The ChuGuysters","First Warning",00:03:06,track
"The Seven","The ChuGuysters","First Warning",00:03:12,track
"The Fourth Space Speed","The ChuGuysters","First Warning",00:01:57,track
"Third Roosters","The ChuGuysters","First Warning",00:02:34,track
"Saturday Valentine's With Lulu",LHD,"Off the Grid",00:04:17,track
"I'll Be Seeing You","Tia Brazda","When I Get Low",00:03:51,track
Smile,"Tia Brazda","When I Get Low",00:02:46,track
"When I Get Low, I Get High","Tia Brazda","When I Get Low",00:03:38,track
"Lullaby of the Leaves","Tia Brazda","When I Get Low",00:04:15,track
"When the World Stops","Tia Brazda","When I Get Low",00:03:26,track
"Besame Mucho (Rumba)","Ralph Font & His Orchestra",TABU,00:02:59,track
"Chicharron (Afro-Cuban Rhumba)","Ralph Font & His Orchestra",TABU,00:02:44,track
"Landa (Love Theme)","Les Baxter",Barbarian,00:02:02,track
"Return Of The Fly","Screamin' Sins",Unknown,00:01:39,track
Satellite,"Courtney Marie Andrews","Loose Future",00:02:54,track
"Into Your Arms","Dominic Halpin","Shade of Blue",00:03:41,track
"Mr Leaving","Dominic Halpin","Shade of Blue",00:03:20,track
"Shade of Blue","Dominic Halpin","Shade of Blue",00:03:12,track
"Talk of the Devil","Dominic Halpin","Shade of Blue",00:02:28,track
"Rock 'n' Roll Baby (Girl Of My Dreams)","Dominic Halpin","Shade of Blue",00:03:36,track
"They Call it Rock 'n' Roll","Dominic Halpin","Shade of Blue",00:02:57,track
"Until You Tell Me That It's Gone","Dominic Halpin","Shade of Blue",00:02:49,track
"The Moon Turned Red","Dominic Halpin","Shade of Blue",00:03:39,track
"Vegas Blue","Dominic Halpin","Shade of Blue",00:03:04,track
Trees,"Michaela Anne","Oh To Be That Free",00:03:48,track
"Diamonds and Rust","Paul Walker & Karen Pfeiffer","Auf Wiedersehen, Me Duck (Album)",00:04:37,track
"No Time (The Facebook Blues)","Paul Walker & Karen Pfeiffer","Auf Wiedersehen, Me Duck (Album)",00:03:26,track
"Our Golden Age","Paul Walker & Karen Pfeiffer","Auf Wiedersehen, Me Duck (Album)",00:05:11,track
"Under That Old Clare Moon","Paul Walker & Karen Pfeiffer","Auf Wiedersehen, Me Duck (Album)",00:03:41,track
"Ballad Of Gruene Hall","Iain Matthews & the Salmon Smokers","Fake Tan",00:05:15,track
"Following Every Finger","Iain Matthews & the Salmon Smokers","Fake Tan",00:04:19,track
"The Fault is Mine","Phill Reynolds","A Ride",00:07:27,track
"World On Fire","Phill Reynolds","A Ride",00:04:16,track
"Lady in the Moon","Chad Nelson","Lady in The Moon",00:03:33,track
Forgiven,"Mariona Smets","I Am",00:03:27,track
"Without you","Sandra Vanreys",Unknown,00:04:38,track
"Let's talk about Elvis","Tammy Marler",Unknown,00:04:43,track
"Running Up That Hill",Mozartine,Unknown,00:06:28,track
"The Abyssal Ass Fish","The Angry Red Planet","""Captain... The Klingons Have Surrounded Uranus!""",00:03:27,track
"Hoku Kai","The Wave Chargers","NEWEST - Caravelle (LP/digital, 2022)",00:03:32,track
"When the Needle hit the Vinyl","John & Nienke",Unknown,00:05:48,track
"Rupture Continuum Espace-Temps","Arno De Cea And The Clockwork Wizards","Retrofuturisme Vol. 1",00:03:50,track
"Trompe La Mort","Arno De Cea And The Clockwork Wizards","Retrofuturisme Vol. 1",00:02:19,track
"This Mess We're In","Arlo Mckinley","This Mess We're In",00:04:49,track
"Where You Want Me","Arlo Mckinley","This Mess We're In",00:03:24,track
Attila,"Jim And The Sea Dragons","Sous les Paves, la Plage!",00:02:41,track
"Bee Hive","Cosy Oleksa",Unknown,00:06:48,track
"The Little Conversation",REQ'D,"Dressing Wounds By Candlelight",00:03:31,track
"Beechcraft Bonanza",Robotron,Atomium,00:04:25,track
"Baby,You're a Gun","Tami Neilson",KINGMAKER,00:04:22,track
"I Can Forget","Tami Neilson",KINGMAKER,00:03:59,track
"Green Peaches","Tami Neilson",KINGMAKER,00:03:41,track
"The Grudge","Tami Neilson",KINGMAKER,00:05:25,track
"Surfing Alone Again Or..","The Bloat Floaters","THE BLOAT FLOATERS",00:02:28,track
"Я хочу жити","Олександр Ремез",Unknown,00:05:21,track
"Knowing Me, Knowing You","Angie McMahon",Unknown,00:05:12,track
"Nothin' is worst (than this pain in my heart)","La Perra Blanco","FOLC184 LA PERRA BLANCO ""Won't you come on""",00:03:56,track
"What is wrong with you","La Perra Blanco","FOLC184 LA PERRA BLANCO ""Won't you come on""",00:06:11,track
"Rock me babe","La Perra Blanco","FOLC184 LA PERRA BLANCO ""Won't you come on""",00:06:14,track
"Won't you come on","La Perra Blanco","FOLC184 LA PERRA BLANCO ""Won't you come on""",00:05:00,track
Caravan,"Stanley Black and his Orchestra and Chorus","Exotic Percussion",00:03:18,track
Misirlou,"Stanley Black and his Orchestra and Chorus","Exotic Percussion",00:02:45,track
"Old Devil Moon","Stanley Black and his Orchestra and Chorus","Exotic Percussion",00:02:38,track
"The Waters Of Minnetonka","Stanley Black and his Orchestra and Chorus","Exotic Percussion",00:03:08,track
"Knowing Me, Knowing You","Katie Cole",Unknown,00:09:11,track
"Cry Cry","Psycho Devilles","Motor Honey",00:05:28,track
"Baby Bird","Angela Easterling","Witness (pre-order)",00:04:26,track
"Have You Seen My Friend?","Angela Easterling","Witness (pre-order)",00:04:21,track
Hero,"Angela Easterling","Witness (pre-order)",00:03:59,track
Witness,"Angela Easterling","Witness (pre-order)",00:03:48,track
"Two Steps From The Blues","Angela Strehli","Ace Of Blues",00:03:20,track
"I’m Gonna Live Forever","Willie Nelson Feat. Lucinda Williams","Live Forever: A Tribute to Billy Joe Shaver",00:05:02,track
"The Starter Wife","Daphne Parker Powell",Unknown,00:04:55,track
"Clap Hands","Didi Wray","Clap Hands",00:05:07,track
"Bajo Numero Uno","Jack Costanzo","Latin Fever",00:04:30,track
Drum-A-Mania,"Jack Costanzo","Latin Fever",00:02:59,track
Cumbanchero,"Jack Costanzo","Latin Fever",00:02:48,track
"Voodoo Doll","Glenda And Glen","Lux And Ivy Dig Voodoo",00:02:14,track
Hornacopia,"Jack Costanzo","Latin Fever",00:03:04,track
"La Paloma","Jack Costanzo","Latin Fever",00:02:33,track
"Latin Fever","Jack Costanzo","Latin Fever",00:04:42,track
"Like Having Fun",Staccato,Staccato,00:02:32,track
"MacDougal Street Special",Staccato,Staccato,00:02:50,track
"Mama Yo Quiero","Jack Costanzo","Latin Fever",00:03:21,track
"One Before Closing",Staccato,Staccato,00:03:12,track
"Poi And Juice",Staccato,Staccato,00:02:23,track
"Peanut Vendor","Jack Costanzo","Latin Fever",00:03:32,track
"Oye Negra","Jack Costanzo","Latin Fever",00:02:53,track
"Sax Con Ritmo","Jack Costanzo","Latin Fever",00:02:43,track
Taboo,"Jack Costanzo","Latin Fever",00:03:32,track
"Staccato's Theme",Staccato,Staccato,00:03:53,track
"Walk A Lonely Street",Staccato,Staccato,00:03:36,track
"You Can't Ever Tell","Kelsey Waldon","No Regular Dog",00:03:49,track
"Folsom Prison Blues","Mimi Roman","First Of The Brooklyn Cowgirls",00:03:09,track
"Minor Key","Monica Taylor","Trains, Rivers & Trails",00:06:07,track
Rescues,"Monica Taylor","Trains, Rivers & Trails",00:04:54,track
"It Rains","Phill Reynolds","A Ride",00:09:46,track
"Running Up That Hill",Bardcore,Unknown,00:04:37,track
"To Laura",NEONNOONE,"The Nightingale - A Tribute to Julee Cruise",00:19:22,track
Penetration,"The Pyramids","Penetration! The Best Of The Pyramids",00:04:32,track
"Pocket Calculator","The Routes","The Twang Machine",00:03:59,track
Radioactivity,"The Routes","The Twang Machine",00:06:06,track
"Rumble In The Uranium Jungle","Arno De Cea And The Clockwork Wizards","Rumble In The Uranium Jungle",00:06:37,track
Liquidateur,"Arno De Cea And The Clockwork Wizards","Rumble In The Uranium Jungle",00:02:34,track
"Agent Fenriz(En vind av sorg)","Beach Bomb",Unknown,00:17:37,track
"Sweet Memories","Black Cat Bone",Unknown,00:05:39,track
"Black Hole","Bones in the Walls","Unknown Worlds",00:10:57,track
"Alone Again","Black Cat Bone",Unknown,00:17:18,track
"Calling Me Home","Bones in the Walls","Unknown Worlds",00:19:09,track
"Don't Show Your Face","Bones in the Walls","Unknown Worlds",00:11:28,track
"Fall Asleep","Bones in the Walls","Unknown Worlds",00:19:28,track
"Find Myself","Bones in the Walls","Unknown Worlds",00:06:42,track
"It Sounds Like","Bones in the Walls","Unknown Worlds",00:10:59,track
Goodbye,"Bones in the Walls","Unknown Worlds",00:04:01,track
Luna,"Bones in the Walls","Unknown Worlds",00:11:09,track
"Unknown Worlds","Bones in the Walls","Unknown Worlds",00:13:23,track
"Where I Go","Bones in the Walls","Unknown Worlds",00:10:30,track
"Like a Rolling Stone","Colette Bone",Unknown,00:33:02,track
"I´m a Fool To Care","Didi Wray","I´m a Fool To Care - demo",00:08:14,track
"Spider Man","Footstep Surf Music Band",Surf'n'Glue,00:02:00,track
"Luau Cake","Humanga Danga","Watusi Peak",00:04:18,track
"Rocket Rodeo","Humanga Danga","Watusi Peak",00:03:13,track
Thundermug,"Humanga Danga","Watusi Peak",00:02:03,track
"Your're Gonna Kill That Girl","Ivan Motosserra Surf & Trash",Surf'n'Glue,00:03:02,track
"The Banker","Humanga Danga","Watusi Peak",00:04:28,track
"Needles & Pins","Las Mucuras",Surf'n'Glue,00:02:18,track
"Summertime (with Cleo Laine)","Ray Charles",Unknown,00:21:21,track
"Lonely Star","Tanque Rudy Sheri Corleone","Tanque Rudy junto a Sheri Corleone (EP)",00:04:08,track
"Change Of Heart","Margo Price",Strays,00:05:19,track
"Gallows Pole","Mike Langston",Unknown,00:03:24,track
Chimayo,"Nikki Lane","Denim & Diamonds",00:05:31,track
Faded,"Nikki Lane","Denim & Diamonds",00:04:48,track
Live/Love,"Nikki Lane","Denim & Diamonds",00:04:26,track
"Try Harder","Nikki Lane","Denim & Diamonds",00:04:17,track
1979,"The Hillbilly Moon Explosion","Back In Time",00:04:14,track
"Today Your Love Tomorrow The World","Os Marrones Vão Á Praia",Surf'n'Glue,00:04:07,track
"Now I Wanna Sniff Some Glue",Paquetá,Surf'n'Glue,00:04:27,track
"Sheena Is A Punk Rocker","Os Tatuíra",Surf'n'Glue,00:04:35,track
"She's A Sensation","Reverb Again",Surf'n'Glue,00:04:04,track
"Old Town","Say Sue Me 세이수미",10,00:06:31,track
"Rolando A Pedra Do Colégio Alto","Sangue de Androide",Surf'n'Glue,00:02:13,track
Haven,"Sting Kong",Botopia,00:05:58,track
"I Just Called To Say I Love You","John Prine","The Belonging EP Vol. 1",00:04:07,track
"Drive In","The Double Happiness",Roadhouse,00:05:48,track
"Find Your Feet","The Double Happiness",Roadhouse,00:03:24,track
"Raggedy Dog","The Double Happiness",Roadhouse,00:02:36,track
"Ride Alone","The Double Happiness",Roadhouse,00:07:44,track
Rhododendron,"Bella White","Among Other Things",00:12:06,track
"Los Chrismos","Los Bitchos","Los Chrismos EP",00:03:38,track
"Black Sheep Boy","Peter Isaacson","Sings Songs Of",00:02:40,track
"Blowin' In The Wind","Peter Isaacson","Sings Songs Of",00:03:51,track
"Catch The Wind","Peter Isaacson","Sings Songs Of",00:03:20,track
"Girl From The North Country","Peter Isaacson","Sings Songs Of",00:03:48,track
"Early Morning Rain","Peter Isaacson","Sings Songs Of",00:04:39,track
"I Threw It All Away","Peter Isaacson","Sings Songs Of",00:19:07,track
"I Shall Be Released","Peter Isaacson","Sings Songs Of",00:03:56,track
"Just Like A Woman","Peter Isaacson","Sings Songs Of",00:05:42,track
Lalena,"Peter Isaacson","Sings Songs Of",00:03:47,track
"Trouble In Mind","Peter Isaacson","Sings Songs Of",00:03:50,track
"I Walked With You A Ways",Plains,"I Walked With You A Ways",00:03:51,track
"Go Action!!","Satan's Pilgrims","Go Action!!",00:03:20,track
"Порожні Очі","Max Paragraph",Unknown,00:05:32,track
Ashes,"Amphibian Man","Flaming Home",00:07:29,track
"Clay Colossus","Amphibian Man","Flaming Home",00:07:47,track
"Flaming Home","Amphibian Man","Flaming Home",00:08:20,track
Oath,"Amphibian Man","Flaming Home",00:05:25,track
"New Dawn","Amphibian Man","Flaming Home",00:09:33,track
Reflection,"Amphibian Man","Flaming Home",00:06:08,track
Scar,"Amphibian Man","Flaming Home",00:06:18,track
"You Never Can Tell","Angela Strehli","Ace Of Blues",00:05:10,track
"The 3:10 To Yuma","Black Valley Moon","Songs From The Black Valley",00:02:22,track
"My Misery","Emily Duff",Tonight,00:04:29,track
"The Bomb","Emily Duff",Tonight,00:05:02,track
"Sleep No More","Emily Scott Robinson","Built On Bones",00:02:32,track
"See you again","Anna Dukke","FOLC190 ANNA DUKKE ""Broken Chains""",00:04:15,track
"Blood Moon",Federale,"Blood Moon / Mona Lisa",00:17:47,track
"Gabriel (Theotokion in 1 mode - Θεοτοκίον α΄ ήχου)","Ioann Rio",Unknown,00:02:16,track
"Slumber of the Bat People","Jay Poisön and the Bat People","Rise of the Bat People !",00:03:33,track
Greensleeves,Magnatech,"De Favorieten Expres!",00:03:11,track
"Stand By Me (Twist)",Magnatech,"De Favorieten Expres!",00:06:12,track
"Election Night","Rachel Baiman with Anthony da Costa",Unknown,00:04:37,track
"The Golden State","The Delines","The Lost Duets",00:06:00,track
Goodnight,"The Wild Feathers","Medium Rarities",00:04:37,track
Marie,"The Wild Feathers","Medium Rarities",00:04:16,track
"Daddie's Dead","Tyla J. Pallas","The Life & Times of a Ballad Monger - 30th Anniversary Remaster",00:02:06,track
"Haunted Man","X Ray Cat Trio",Haunted,00:04:22,track
"Now That You're Gone","X Ray Cat Trio",Haunted,00:03:29,track
"True Love","X Ray Cat Trio",Haunted,00:02:51,track
Ukumehame,12AX7,Ukumehame,00:04:36,track
Klets,BRUUT!,V,00:05:19,track
"Bang Bang","Bang Bang Band Girl","12 Super Duper Extraordinary Girl Trouble Rock’n’Roll Tracks",00:03:41,track
"Wild Thing","Bang Bang Band Girl","12 Super Duper Extraordinary Girl Trouble Rock’n’Roll Tracks",00:06:12,track
"Petit Rubis","ICI PARIS",Unknown,00:03:04,track
"Don't Think Twice, It's All Right","Marco Di Maggio and The All Star gang","Marco Di Maggio and The All Star Gang",00:31:37,track
"I'll Be Here In The Morning","Samantha Fish","The Stardust Sessions (Hi Res)",00:05:05,track
"Bali Hai-Ball","The Tikiyaki Orchestra","Swingin' Sounds for the Jungle Jetset",00:05:58,track
"Sunset on the Kona Kai","The Tikiyaki Orchestra","Swingin' Sounds for the Jungle Jetset",00:05:03,track
Surfidia,"The Tourmaliners",Surfidia,00:04:59,track
"I Heard the Bells on Christmas Day","Bones in the Walls",Unknown,00:08:55,track
"Gloomy Sunday","David J","Not Long For This World",00:05:31,track
"Mr. Big Talker","Davina and The Vagabonds","Sugar Drops",00:05:22,track
"One Minute at a Time","Hot Rod Walt and the Psycho-DeVilles","Rockabilly Rodeo",00:04:50,track
"Other Side Of The Street","Kate Ellis",Unknown,00:03:56,track
"Gotta See About a Girl","La Ratte",Astray,00:06:22,track
"The City's Scared","Lara Hope & the Ark-Tones","The City's Scared (single)",00:03:26,track
"Je l'aime à mourir","Lenka Filipová",Unknown,00:02:55,track
"Keep Breathin' (Reverse Version)","Night Surf",Light,00:12:48,track
"(We are) Pest Control","Pest Control","Basement Sweep",00:06:08,track
"Around the Corner","Pest Control","Basement Sweep",00:03:15,track
"Basement Sweep","Pest Control","Basement Sweep",00:02:31,track
Eleven,"Pest Control","Basement Sweep",00:08:16,track
"Giant Bug","Pest Control","Basement Sweep",00:15:08,track
"Night Creature","Pest Control","Basement Sweep",00:04:22,track
Payback,"Pest Control","Basement Sweep",00:04:59,track
"Red Eyes","Pest Control","Basement Sweep",00:02:58,track
"Rubber Room Dance","Pest Control","Basement Sweep",00:02:50,track
"The Wolf","Pest Control","Basement Sweep",00:08:11,track
"Throbbing Coffin","Pest Control","Basement Sweep",00:05:14,track
Вовк,"Pest Control","Basement Sweep",00:06:32,track
"Space Between Us","Flora Falls",Unknown,00:08:28,track
"I'm Still Here","Tom Waits","Alice (Anniversary Edition)",00:02:25,track
"На крилах кохання","Директор Азовського моря","Rockabilly Without Borders",00:04:09,track
"Come un miracolo","Ennio Morricone","Ennio Morricone: Fotogramma per Fotogramma, Vol. 1",00:02:30,track
"La cosa buffa","Ennio Morricone","Ennio Morricone: Fotogramma per Fotogramma, Vol. 1",00:06:42,track
"Metti una sera a cena","Ennio Morricone","Ennio Morricone: Fotogramma per Fotogramma, Vol. 1",00:07:40,track
Алілуя,Folkulaka,Unknown,00:09:51,track
"Self Made Man","Rachel Baiman",Unknown,00:04:27,track
"Don't Know What's Come Over You","Ruen Brothers","Ten Paces",00:05:04,track
Caravan,Stein,"The Lost Horse",00:03:43,track
"Lone Star",Stein,"The Lost Horse",00:05:37,track
"Los Toros",Stein,"The Lost Horse",00:03:58,track
"El Dorado",Stein,"The Lost Horse",00:04:23,track
Mustang,Stein,"The Lost Horse",00:02:38,track
Revolver,Stein,"The Lost Horse",00:03:31,track
"The Lost Horse",Stein,"The Lost Horse",00:05:56,track
"Tequila Sunrise",Stein,"The Lost Horse",00:02:17,track
"Kings Can Dream","The Atlantics","Still Making Waves",00:03:30,track
"(Elvis) In Paradise",Ukulena,"Only Daddy Calls Me Marley",00:03:02,track
"I Can't Explain","Iggy Pop","Who Are You - An All-Star Tribute To The Who",00:02:58,track
"Tennessee Frame of Mind","Autumn Brown Blasingame","Autumn Brown Blasingame",00:03:42,track
"Down at the Beach","Byram Brothers",Unknown,00:03:30,track
Perfect,"Carol Markstrom","Mile After Mile",00:05:23,track
"Necropolis Sidewalk",Eldanka,"Joldanka Patrol",00:05:21,track
"Sweet Almond Eyes","Wiped Out ","Welcome to Fear City",00:03:30,track
"Lovers and Leavers","Rachel Baiman",Unknown,00:03:17,track
"Walk, Don't Run","Wiped Out ","Wiped Out “Welcome to Fear City” LP",00:02:38,track
"Waiting In Vain","Annie Lennox",Unknown,00:05:41,track
Goodnight,Carpenters,"From The Top Disc 1 - 1965-1970",00:02:34,track
"Red Rubber Ball",Cyrkle,"Red Rubber Ball",00:02:23,track
"In The Days Of Old","Emitt Rhodes","The American Dream",00:02:13,track
"Waterloo Sunset","David Bowie","Never Get Old",00:03:28,track
"Dark End Of The Street","Eva Cassidy & Chuck Brown","The Other Side",00:03:55,track
"Autumn Leaves","Eva Cassidy","Live At Blues Alley",00:04:50,track
"Blue Skies","Eva Cassidy","Live At Blues Alley",00:02:40,track
"Bridge Over Troubled Water","Eva Cassidy","Live At Blues Alley",00:05:33,track
Fever,"Eva Cassidy",Imagine,00:03:56,track
"I Can Only Be Me","Eva Cassidy",Imagine,00:03:19,track
"Fields Of Gold","Eva Cassidy","Live At Blues Alley",00:04:59,track
Imagine,"Eva Cassidy",Imagine,00:04:36,track
"Stormy Monday","Eva Cassidy","Live At Blues Alley",00:05:50,track
"Time After Time","Eva Cassidy",Nightbird,00:04:29,track
"True Colours","Eva Cassidy","American Tune",00:04:51,track
"Let Me Get Through To You, Baby","Ginny Tiu & the Few",Unknown,00:02:22,track
"C'est Écrit","Francis Cabrel",Sarbacane,00:05:54,track
"Fire Down Below","Graham Nash","this path tonight",00:03:29,track
"Dirty Blues","Heather Newman","Burn Me Alive",00:04:11,track
"Autumn Leaves","Iris Williams","I'm Glad There Is You",00:05:21,track
"I Have Loved A Man","Iris Williams","I Wish You Love",00:03:22,track
"Old Devil Moon","Iris Williams","I Wish You Love",00:03:17,track
"Visa to the Stars","Perrey & Kingsley","The in Sound From Way Out!",00:02:14,track
"Sophisticated Lady","Iris Williams","I Wish You Love",00:03:50,track
"Every Breath You Take",Melanie,"Unplugged and Solo Powered - disc two",00:02:58,track
"Open House At The Cinder","The Pastel Six","Cinnamon Cinder",00:02:16,track
Martha,"Paper Lace",Unknown,00:05:03,track
"Every Breath You Take","Joan Osborne","The Many Faces Of The Police - The Songs",00:04:15,track
"Thousands Are Sailing",Pogues,"If I Should Fall From Grace W",00:05:29,track
"Chip 'n Dale Rescue Rangers","Postmodern Jukebox","Saturday Morning Slow Jams",00:03:48,track
"I Don’t Want To Miss A Thing (feat. Sara Niemietz)","Postmodern Jukebox","Sepia Is The New Orange",00:03:12,track
"Purple Rain (feat. Miche Braden)","Postmodern Jukebox","Sepia Is The New Orange",00:04:26,track
"Good Is Good","Sheryl Crow",Unknown,00:04:14,track
"Every Breath You Take","Shirley Bassey","The Show Must Go On",00:03:39,track
"Let's Go To San Francisco","Summer Set","Lost Jukebox Vol. 040",00:02:52,track
"A Week From Tuesday","The Pastel Six","Intoxica!  Strange and Sleazy Sounds From The SoCal Suberbs",00:02:03,track
"Brahms' Nightmare","The Pastel Six","Surf Legends (and Rumors) - Rockin' Instrumentals 1961-64",00:02:29,track
"My Babe","The Pastel Six","va - Rumble Rock Vol. 1",00:02:05,track
"The Good, The Bad And The Ugly (Ennio Morricone Cover)","Los Plantronics","The Best Of Surf Rock & Spaghetti Westerns",00:02:48,track
Hero,Federale,"The Best Of Surf Rock & Spaghetti Westerns",00:03:36,track
"Sixty Seconds To What","Brent J. Cooper","The Best Of Surf Rock & Spaghetti Westerns",00:03:58,track
"Back To Sonora","Los Twangers","The Best Of Surf Rock & Spaghetti Westerns",00:03:06,track
"Shalom Alechem","Meshugga Beach Party","The Best Of Surf Rock & Spaghetti Westerns",00:02:20,track
"Emmanuelle In Thailand","Robert And The Roboters","The Best Of Surf Rock & Spaghetti Westerns",00:03:58,track
"Johnny Remember Me","The Low-Fi Drifters","The Best Of Surf Rock & Spaghetti Westerns",00:03:17,track
"Girl, You'll Be A Woman Soon","The Tarantinos Nyc","The Best Of Surf Rock & Spaghetti Westerns",00:02:53,track
"She Makes It Easy (To Fall In Love)","Spud Sims & the Beltways","Spud Sims & the Beltways",00:03:13,track
"The Way I Oughta Go","Bella White","Among Other Things",00:05:07,track
"Change Of Heart [Feat. Sierra Ferrell]","Margo Price","Change Of Heart",00:04:56,track
"Paris Breeze","Karen Jonas","The Restless",00:26:16,track
"Tema per una donna sola (The Serpent)","Ennio Morricone","Love Songs & Romantic Scores (Movie Soundtracks Collection)",00:05:51,track
"Oh Yay, The Blues Has Got Me","Arms Grace",Summit,00:03:52,track
"Una donna da ricordare (Maddalena)","Ennio Morricone","Love Songs & Romantic Scores (Movie Soundtracks Collection)",00:06:53,track
"Tema D'Amore - Love Theme (Cinema Paradiso)","Ennio Morricone","Love Songs & Romantic Scores (Movie Soundtracks Collection)",00:05:20,track
"I've Got My Work to Do","Liv Greene","Deep Feeler",00:03:15,track
"You Were Never Mine","Liv Greene","Deep Feeler",00:03:42,track
"Lay Me Down","Karen Jonas","The Restless",00:05:16,track
"Peace Comes Back in Mimbres","Ennio Morricone","Love Songs & Romantic Scores (Movie Soundtracks Collection)",00:03:37,track
"Presentimento secondo (Lovers & Liars)","Ennio Morricone","Love Songs & Romantic Scores (Movie Soundtracks Collection)",00:01:51,track
"Per le antiche scale (Down the Ancient Staircase)","Ennio Morricone","Love Songs & Romantic Scores (Movie Soundtracks Collection)",00:04:06,track
"Prima e dopo l'amore (La Califfa)","Ennio Morricone","Love Songs & Romantic Scores (Movie Soundtracks Collection)",00:03:13,track
"Before I Knew It's Name","Richard Inman",Inman,00:03:58,track
"Callin' Down The Chaos","Richard Inman",Inman,00:02:28,track
"Where I First Loved Singing","Maya de Vitry",Unknown,00:05:02,track
"Forse basta (Il giro del mondo degli innamorati di Peynet)","Ennio Morricone, Alessandro Alessandroni","Love Songs & Romantic Scores (Movie Soundtracks Collection)",00:04:38,track
"Movie Seatre Theating","Hula Ghost","You Have To Be Quiet and Not Eat Things",00:03:00,track
"Those Are Technically Pajamas","Hula Ghost","You Have To Be Quiet and Not Eat Things",00:03:23,track
"Bad Debt","Rachel Baiman",Unknown,00:05:59,track
"Dearest Friend","Iris Williams",Unknown,00:15:59,track
"Hired To Haunt","Greg Townson",Unknown,00:02:58,track
"Unknown Legend","Bella White",Unknown,00:04:08,track
"Among Other Things","Bella White","Among Other Things",00:05:06,track
"Can't Take My Eyes Off You feat Cliff Richard & Rick Braun",Ann-Margret,"Born To Be Wild",00:05:25,track
"Nothin' More Than Nothin'","Richard Inman",Inman,00:04:45,track
"Sunday's For Sentimentality","Bobby Bluff","If these Mysteries are True",00:06:33,track
"We Stand, We Fight","The Troubled",Unknown,00:02:29,track
"Black Blizzard","Carter Sampson",Gold,00:11:14,track
Home,"Carter Sampson",Gold,00:05:26,track
"Pray & Scream","Carter Sampson",Gold,00:14:30,track
"Yippie Yi Yo","Carter Sampson",Gold,00:05:56,track
"Little Boy","Angela Hoodoo","FOLC199 ANGELA HOODOO ""Coyote""",00:03:39,track
Storm,"Angela Hoodoo","FOLC199 ANGELA HOODOO ""Coyote""",00:06:23,track
"Dreams of Her","Harry Katz & The Pistachios",Unknown,00:05:45,track
"Saturday's Song","Hiss Golden Messenger","A Loner Alive: Songs from the Western Part of the United States of America",00:04:18,track
"Necklace Guy","Little Kahuna","Lost Oasis",00:02:28,track
"White Rabbit","Molly Tuttle",Unknown,00:10:28,track
"Ramblin' Rose","Marcus Jade",Unknown,00:05:01,track
"Big Girls","Natalie Merchant","Keep Your Courage",00:16:30,track
"Song of Himself","Natalie Merchant","Keep Your Courage",00:05:26,track
"Tower of Babel","Natalie Merchant","Keep Your Courage",00:02:46,track
"The Feast of Saint Valentine","Natalie Merchant","Keep Your Courage",00:08:03,track
"Hazel Mae in Champagne","Panty Tsunami","Panty Tsunami Strikes Again",00:05:36,track
"Tip of My Horn","Panty Tsunami","Panty Tsunami Strikes Again",00:05:02,track
"The Woman in the Window","Phil Gammage","The Woman in the Window (single)",00:04:37,track
"Правда й злість","Олександр Ремез","Wartime songs",00:03:44,track
"Я хочу жити","Олександр Ремез","Wartime songs",00:05:18,track
"Billie Jean","Surfer Joe",Unknown,00:04:13,track
"Big Banana","The Raters",Unknown,00:24:37,track
"Make It Snappy",Trabants,"Lockdown (pt II)",00:03:07,track
"Tears In Rain",Trabants,"Lockdown (pt II)",00:04:14,track
"Asteroid Belt","Waikiki Makaki","Lost Diver",00:02:19,track
"Ghost Samurider","Waikiki Makaki","Lost Diver",00:02:40,track
"Lost Diver","Waikiki Makaki","Lost Diver",00:02:56,track
"Surf Monday","Waikiki Makaki","Lost Diver",00:01:48,track
"Nubian Caravan","Waikiki Makaki","Lost Diver",00:03:58,track
"I'm Lost","Gina Jones",Unknown,00:05:37,track
"Baby Gets Me",Batmobile,"Brace for Impact",00:02:07,track
"I Wanna Ride",Batmobile,"Brace for Impact",00:02:38,track
"Black River","Lera Lynn","Something More Than Love",00:03:48,track
"Dream A Little Dream Of Me","Robyn Adele Anderson","Just Play the Right Notes",00:03:04,track
"Autumn Leaves","Robyn Adele Anderson","Just Play the Right Notes",00:02:55,track
"La Vie En Rose","Robyn Adele Anderson","Just Play the Right Notes",00:02:59,track
"Fly Me To The Moon","Robyn Adele Anderson","Just Play the Right Notes",00:03:27,track
"Puttin' On The Ritz","Robyn Adele Anderson","Just Play the Right Notes",00:02:26,track
"Every Breath You Take","Robyn Adele Anderson","Vol. 1",00:02:35,track
"Killin' Me Softly","Robyn Adele Anderson","Vol. 1",00:04:11,track
"Smells Like Teen Spirit","Robyn Adele Anderson","Vol. 1",00:04:04,track
"I Put a Spell on You (feat. Darcy Wright & Sarah Krauss)","Robyn Adele Anderson","Vol. 2",00:02:53,track
"Suerte (Whenever, Wherever)","Robyn Adele Anderson","Vol. 2",00:11:22,track
"God Only Knows","Robyn Adele Anderson","Vol. 5",00:02:22,track
"Basket Case","Robyn Adele Anderson","Vol. 5",00:02:59,track
"Personal Jesus (feat. Brielle Von Hugel & Virginia Cavaliere)","Robyn Adele Anderson","Vol. 5",00:03:41,track
"The Best Of Me","Bella White","Among Other Things",00:23:45,track
"Unlucky Dragon","El Borko","El Borko ¡Surf!",00:03:38,track
Insecure,"Esther Rose","Safe to Run",00:08:42,track
"Beat It","Frankie and the Pool Boys",Unknown,00:04:07,track
Joangeline,"Lauren O'Connell","Everything Feels Ridiculous",00:04:12,track
"Saturday's Gone","Rose City Band","Garden Party",00:03:41,track
"All Nighter feat Loney Dear","Vilma Flood",Flood,00:25:03,track
"Flatlands (don't hold me)","Vilma Flood",Flood,00:07:41,track
Flood,"Vilma Flood",Flood,00:04:46,track
"Life Groove","Vilma Flood",Flood,00:05:29,track
"What We Did","Vilma Flood",Flood,00:04:18,track
"LEOPARD PRINT","Boom! Boom! Deluxe",Unknown,00:03:45,track
"What A Wonderful World","Sam & Dave","Soul Man Explosion",00:02:25,track
"Another Saturday Night","Sam & Dave","Soul Man Explosion",00:03:27,track
"A Taste of Honey","The Cheapoes","Dance or die (mono)",00:04:58,track
"Je t'aime moi non plus","The Cheapoes","Dance or die (mono)",00:05:23,track
"Always Look On The Bright Side Of Life","Art Garfunkel","As Good As It Gets: Music From The Motion Picture",00:07:11,track
Summertime,"Bessie Smith",Misc,00:02:53,track
"Saturday Night Fish Fry","B. B. King","Let the Good Times Roll (The Music of Louis Jordan)",00:04:59,track
"The Heart Of Saturday Night","Chris Daniels & The Kings","Is My Love Enough?",00:05:59,track
Summertime,"Charlie Parker & Chet Baker",Unknown,00:03:30,track
"The Heart Of Saturday Night","Carla Borghetti","Female Tribute To Tom Waits - Vol.3 [Cd2]",00:06:30,track
"Another Friday Night","David Ackles","American Gothic",00:07:39,track
"Saturday Night Fish Fry","Eddie & Betty","That'll Flat ... Git It! Vol. 28 Rockabilly & Rock’N Roll From The Vaults Of Warner Brothers & Reprise Records",00:02:34,track
"The Heart Of Saturday Night","Diana Krall","The Very Best Of Diana Krall",00:04:05,track
"Si j'avais un marteau","Franck Pourcel","Amour, dance et violons n°21",00:04:24,track
Summertime,"Gene Vincent",Unknown,00:04:20,track
"Another broken heart","Graham Nash","This Path Tonight",00:04:57,track
"Down, down, down","Holly Cole","Steal the night",00:03:49,track
"(Looking For) The Heart Of Saturday Night","Holly Cole",Temptation,00:03:37,track
"I Don't Wanna Grow Up","Holly Cole",Temptation,00:04:30,track
"Falling Down","Holly Cole",Temptation,00:05:18,track
"I Will Wait For You","Holly Cole","Holly Cole",00:05:59,track
"If You Could Read My Mind","Holly Cole",Night,00:07:59,track
"Lazy afternoon","Holly Cole",Holly,00:05:02,track
"The man I love","Holly Cole",Treasure,00:04:48,track
"I Want You","Holly Cole Trio",Unknown,00:04:09,track
Summertime,"Judy Garland & Lena Horne",Unknown,00:04:54,track
"If I Had A Hammer","Johnny Cash with June Carter Cash","Any Old Wind That Blows",00:02:36,track
"Saturday Night Fish Fry","Lee Rocker","Swing Cats",00:05:13,track
"Hang Down Your Head","Lucinda Williams","Female Tribute To Tom Waits",00:04:55,track
"If I Had A Hammer","Peter Paul & Mary","The Very Best Of Peter Paul & Mary",00:02:29,track
"All The World Is Green","Tom Waits","Blood Money",00:04:37,track
"If I Had A Hammer","Trini Lopez","Changin' Times (Disc 1)",00:03:00,track
Time,"Tori Amos","Strange Little Girls",00:05:21,track
"If I Had A Hammer","Wanda Jackson","Tears Will Be The Chaser For Your WineCD-7",00:03:40,track
"The Good Fight","Anna Tivel",Unknown,00:05:29,track
Breakaway,"Eilen Jewell","Get Behind The Wheel",00:05:11,track
"You Were A Friend of Mine","Eilen Jewell","Get Behind The Wheel",00:04:43,track
"If You're Gonna Walk That Straight Line Son, It's Only Gonna Hurt",GracieHorse,"L.A. Shit",00:05:19,track
"Hollow Head",GracieHorse,"L.A. Shit",00:03:38,track
"Billy Bowlegs","Grant-Lee Phillips","Billy Bowlegs / Red River",00:05:24,track
"Words of the New West",GracieHorse,"L.A. Shit",00:04:31,track
"Louie Louie","Iggy And The Stooges","Louie Louie",00:03:36,track
"Save the World","Jason Isbell and the 400 Unit",Weathervanes,00:07:15,track
"Strawberry Woman","Jason Isbell and the 400 Unit",Weathervanes,00:05:46,track
"Cowboy Grass","Jeffrey Silverstein","Western Sky Music",00:02:28,track
Corners,"Kassi Valazza","Kassi Valazza Knows Nothing",00:06:05,track
"Long Way From Home","Kassi Valazza","Kassi Valazza Knows Nothing",00:08:12,track
"Room In The City","Kassi Valazza","Kassi Valazza Knows Nothing",00:04:41,track
"By The Fire","Lara Hope & the Ark-Tones",Unknown,00:06:09,track
"I Wanna Be Your Man","Lauren O'Connell","Everything Feels Ridiculous",00:04:36,track
"I-Feel-Like-I'm-Fixin'-To-Die Rag","Matthews Southern Comfort","The Woodstock Album",00:13:21,track
"Purple Haze","Matthews Southern Comfort","The Woodstock Album",00:04:51,track
"All That We Are","Queen Esther",Rona,00:06:09,track
"Bohemian Rhapsody","Queen Esther",Rona,00:08:28,track
"Daisy Chain","Roseanne Reid",Lawside,00:05:48,track
Heartland,"Roseanne Reid",Lawside,00:05:29,track
"Something Broken","Roseanne Reid",Lawside,00:06:46,track
"What Constitutes a Sin","Roseanne Reid",Lawside,00:04:49,track
"Know My Heart","Samantha Fish, Jesse Dayton","Death Wish Blues",00:07:19,track
"No Apology","Samantha Fish, Jesse Dayton","Death Wish Blues",00:05:15,track
"How Great Thou Art (O Store Gud)","Satan's Pilgrims","Thomas Lauderdale Meets The Pilgrims",00:04:59,track
"If You Could Read My Mind","Starlite & Campbell",Unknown,00:04:45,track
"Terraforming Without You","The Desolate Coast","Without A Planet",00:05:35,track
"Tyger Tyger","The Hicadoolas",Unknown,00:07:15,track
"Always Be (My Baby)","The McCharmlys","The McCharmlys",00:04:42,track
LUV,"The McCharmlys","The McCharmlys",00:02:32,track
Die,"The McCharmlys","The McCharmlys",00:02:55,track
"Love Me Too","The McCharmlys","The McCharmlys",00:02:15,track
"McCharmly Stomp!","The McCharmlys","The McCharmlys",00:02:59,track
Drown,"The McCharmlys","The McCharmlys",00:03:54,track
VHS,"The McCharmlys","The McCharmlys",00:03:02,track
"Strange Honey","The McCharmlys","The McCharmlys",00:03:19,track
"Miss Me","The McCharmlys","The McCharmlys",00:03:51,track
"Pali Grove","Vern Jules & The Aquanauts","Vern Jules & The Aquanauts",00:05:47,track
"Terry`s Theme","Vern Jules & The Aquanauts","Vern Jules & The Aquanauts",00:02:19,track
"Senor Krillington","Vern Jules & The Aquanauts","Vern Jules & The Aquanauts",00:05:16,track
"Can't Remember Happiness","Whitney Rose",Rosie,00:04:59,track
"Mermaid in A Pantsuit","Whitney Rose",Rosie,00:05:49,track
"Stand Alone","Bob Marley And The Wailers","African Herbsman",00:02:56,track
"Carl Perkins’ Cadillac","Drive-By Truckers","The Complete Dirty South",00:06:17,track
"Danko / Manuel","Drive-By Truckers","The Complete Dirty South",00:09:10,track
"Goode’s Field Road","Drive-By Truckers","The Complete Dirty South",00:05:32,track
"Purple Haze","Iggy Pop","Rare Trax",00:05:09,track
"Fat Bottom Girls","Stevie D & the D-Tones","The Fat Bottom Rag",00:07:31,track
"Cowboy Blues","Gareth Nugent","Cowboy Blues",00:04:20,track
"Just a Minute","John and Nienke",Unknown,00:03:21,track
"For All We Know","Marisa Anderson & Tara Jane O'Neil","For All We Know",00:19:16,track
"Shes playing with Fire","Christine Clifford",Unknown,00:23:17,track
"Satellites... REVOLT!!!","Agent Octopus","From Atlantis with Love",00:02:43,track
"I Need You","Big Daddy Wilson & the Goosebumps Bros.","CRS summer singles 2023",00:06:38,track
"Friday Night Dance Party","The Fuzillis","GRIND A GO GO, Volume 2",00:06:05,track
"Blue Trash","The Dead South","Sugar & Joy",00:04:21,track
"Black Lung","The Dead South","Sugar & Joy",00:07:22,track
"Broken Cowboy","The Dead South","Sugar & Joy",00:07:46,track
"Diamond Ring","The Dead South","Sugar & Joy",00:06:02,track
"Fat Little Killer Boy","The Dead South","Sugar & Joy",00:03:21,track
"Snake Man Pt. 1","The Dead South","Sugar & Joy",00:02:10,track
"Heaven in a Wheelbarrow","The Dead South","Sugar & Joy",00:06:37,track
Spaghetti,"The Dead South","Sugar & Joy",00:07:05,track
"Snake Man Pt. 2","The Dead South","Sugar & Joy",00:04:14,track
"Mack The Knife","Bobby Darin","1001 Songs Before You Die",00:04:35,track
"Chan Chan","Buena Vista Social Club","1001 Songs Before You Die",00:05:15,track
"The Gallis Pole","Lead Belly","1001 Songs Before You Die",00:04:53,track
"La Javanaise","Juliette Gréco","1001 Songs Before You Die",00:05:57,track
"Lili Marleen","Marlene Dietrich","1001 Songs Before You Die",00:03:51,track
"The First Cut Is The Deepest","P.P. Arnold","1001 Songs Before You Die",00:04:23,track
"Human Fly","The Cramps","1001 Songs Before You Die",00:03:49,track
Psycho,"The Sonics","Here Are the Sonics",00:02:38,track
"You've Really Got A Hold On Me","The Miracles","1001 Songs Before You Die",00:03:39,track
"Marquee Moon",Television,"1001 Songs Before You Die",00:17:45,track
"Sunday In Savannah","Nina Simone","Nuff Said!",00:03:20,track
"Flint Hill Special","The Dead South","Easy Listening for Jerks, Pt. 1",00:02:23,track
"You Are My Sunshine","The Dead South","Easy Listening for Jerks, Pt. 1",00:03:20,track
Matterhorn,"The Dead South","Easy Listening for Jerks, Pt. 1",00:02:54,track
"Keep on the Sunny Side","The Dead South","Easy Listening for Jerks, Pt. 1",00:02:41,track
"Will the Circle Be Unbroken","The Dead South","Easy Listening for Jerks, Pt. 1",00:03:55,track
"Pallet On The Floor","The Dead South","Easy Listening for Jerks, Pt. 1",00:02:39,track
"Help Me Scrape the Mucus Off My Brain","The Dead South","Easy Listening for Jerks, Pt. 2",00:02:42,track
"Chop Suey","The Dead South","Easy Listening for Jerks, Pt. 2",00:03:21,track
"We Used to Vacation","The Dead South","Easy Listening for Jerks, Pt. 2",00:04:16,track
"People Are Strange","The Dead South","Easy Listening for Jerks, Pt. 2",00:03:11,track
"Saturday Night","The Dead South","Easy Listening for Jerks, Pt. 2",00:05:24,track
"Power Out","Lauren O'Connell","Everything Feels Ridiculous",00:03:27,track
"I'm On Fire","Karen Jonas",Unknown,00:07:48,track
"We Belong Together","The Shivas",Unknown,00:16:37,track
"Looking for Love","Liselotte van Dooren",Unknown,00:09:43,track
"My Old Man","Chip Whitson","Rockabilly & Booze",00:04:25,track
"Das Model","Colt Cobra",Kaifuku,00:04:30,track
"Il Pentito (2nd Version)","Ennio Morricone","Ennio Morricone Crime: Thriller Movie Soundtracks",00:05:30,track
"Sacco e Vanzetti","Ennio Morricone","Ennio Morricone Crime: Thriller Movie Soundtracks",00:04:18,track
"Sospensione folle","Ennio Morricone","Ennio Morricone Crime: Thriller Movie Soundtracks",00:04:01,track
"Un amico","Ennio Morricone","Ennio Morricone Crime: Thriller Movie Soundtracks",00:03:27,track
Lambada,"Las Mucuras",Kaifuku,00:03:20,track
"All My Ravens Play Doom","Moon Mother","She's A Starry Night",00:07:59,track
"Boy Soldier","Sofia Talvik","Center of the Universe - Limited Edition",00:05:09,track
"Buliwyf and the Eaters of the Dead","The Dreadtones","The Dead Frequency",00:05:32,track
"Dirty Boy","The Koffin Rockers","Still Boring",00:04:50,track
"Something About Us","The Schwings Band","Something About Us",00:05:05,track
Assassin,"Amphibian Man",Path,00:08:19,track
Crow,"Amphibian Man",Path,00:06:56,track
Ghost,"Amphibian Man",Path,00:05:50,track
"Dead End","Amphibian Man",Path,00:07:44,track
Eclipse,"Amphibian Man",Path,00:07:45,track
Mirage,"Amphibian Man",Path,00:06:57,track
Path,"Amphibian Man",Path,00:07:33,track
Ticket,"Amphibian Man",Path,00:03:27,track
Transient,"Amphibian Man",Path,00:14:25,track
"Harlem Nocturne","Everglades Rhythm","Brookside Road, Vol. 4 *New Release*",00:03:55,track
Perfidia,"Everglades Rhythm","Brookside Road, Vol. 4 *New Release*",00:03:21,track
"Nothing Compares 2 U","Flora Falls",Unknown,00:04:03,track
"Between the West and the Setting Sun",Ghoultown,"Best of the Dead West Vol. 1",00:05:24,track
"Blood, Bullets and Whiskey",Ghoultown,"Best of the Dead West Vol. 1",00:04:12,track
"Bury Them Deep",Ghoultown,"Best of the Dead West Vol. 1",00:05:00,track
"Devil, Liquor and Gunsmoke",Ghoultown,"Best of the Dead West Vol. 1",00:05:00,track
"Trail of the Snake",Ghoultown,"Best of the Dead West Vol. 1",00:05:56,track
"Where Voodoo Sleeps",Ghoultown,"Best of the Dead West Vol. 1",00:06:56,track
Driving,"Jobi Riccio",Whiplash,00:06:59,track
"Lonely Tonight","Jobi Riccio",Whiplash,00:05:40,track
"Kinder to Myself","Jobi Riccio",Whiplash,00:05:06,track
"If You Could Read My Mind","Karen Jonas",Unknown,00:05:11,track
Framingham,"Lauren O'Connell",Unknown,00:11:09,track
"Roca y Rollo","Los Tiki Phantoms","Y El Enigma Del Tiempo",00:02:49,track
"Anytime You Call","Margo Price","Strays II",00:03:48,track
Lydia,"Margo Price","Strays II",00:06:12,track
"Burn Your Bible","Twin Temple",Unknown,00:04:24,track
"Diamond Mind","The Dead Brothers","Death is Forever",00:02:55,track
"Fare Thee Well","The Dead Brothers","Death is Forever",00:05:41,track
"Castaway Cove","Mark Malibu & the Wasagas","Haunted Hotrod Beach Party",00:03:37,track
"Hip Shake Go Go Baby","Mark Malibu & the Wasagas","Haunted Hotrod Beach Party",00:02:41,track
"Wrinkles in the Sea of Serenity","The Desolate Coast",Unknown,00:02:14,track
"Yé-Yé Girls","Mark Malibu & the Wasagas","Haunted Hotrod Beach Party",00:02:09,track
"The Great Silence","The Coffinshakers","Graves, Release Your Dead",00:07:02,track
Wretches,"The Coffinshakers","Graves, Release Your Dead",00:05:14,track
"The Siren's Call","The Coffinshakers","Graves, Release Your Dead",00:04:35,track
"BASTARD KLUB","The Koffin Rockers","GO K@#T GO!",00:04:42,track
"SHAKE WAIT","The Koffin Rockers","GO K@#T GO!",00:04:19,track
"LIPS ON MINE","The Koffin Rockers","GO K@#T GO!",00:03:09,track
"If You Don’t Love Me (Acoustic)","The Wild Feathers","The Wild Feathers (Acoustic)",00:04:06,track
"Left My Woman (Acoustic)","The Wild Feathers","The Wild Feathers (Acoustic)",00:05:14,track
Marfa,"Todd Hearon",YODELADY,00:13:35,track
"Il circo come favola","Ennio Morricone","L'uomo proiettile (Original Motion Picture Soundtrack)",00:02:04,track
Annie,"Emily Duff",Unknown,00:04:16,track
"L' Uomo Proiettile (Love Theme)","Ennio Morricone","L'uomo proiettile (Original Motion Picture Soundtrack)",00:03:38,track
"A Cautionary Tale","Mackenzie Shivers","a cautionary tale / pedestal",00:03:42,track
marigolds,"Mackenzie Shivers","primrose was in season",00:03:33,track
pedestal,"Mackenzie Shivers","a cautionary tale / pedestal",00:02:53,track
"Sister Andre","Pokey LaFarge","Rhumba Country",00:03:06,track
Dominoes,"Rachel Baiman + Pony Bradshaw",Unknown,00:04:02,track
"Space Cocktail","The Gagarins",Unknown,00:03:07,track
"Best Worst Mistake","The Hello Darlins","The Alders and the Ashes (2CD)",00:02:51,track
"Forgiving Cain and Loving Abel","The Hello Darlins","The Alders and the Ashes (2CD)",00:03:42,track
"Lonely Shore (with Ruby Friedman)","The Hello Darlins","The Alders and the Ashes (2CD)",00:03:36,track
"Reasons To Cry","The Hello Darlins","The Alders and the Ashes (2CD)",00:03:45,track
"Sudden Ring","The Hillbilly Moon Explosion","Back In Time",00:03:33,track
"The Gift","Caroline Spence","The Gift (Alternate Version)",00:03:47,track
Alibi,"Hurray For The Riff Raff","The Past is Still Alive",00:02:49,track
"Colossus of Roads","Hurray For The Riff Raff","The Past is Still Alive",00:02:46,track
Hourglass,"Hurray For The Riff Raff","The Past is Still Alive",00:02:51,track
"The World Is Dangerous","Hurray For The Riff Raff","The Past is Still Alive",00:03:46,track
"Feels Like Home feat. Jackson Browne","Judy Collins","Strangers Again",00:03:59,track
"Blind Curves","Vanessa Peters","Flying on Instruments",00:05:23,track
"Halfway Through","Vanessa Peters","Flying on Instruments",00:04:40,track
Better,"Vanessa Peters","Flying on Instruments",00:04:46,track
"Out to Sea","Vanessa Peters","Flying on Instruments",00:04:06,track
"Pinball Heart","Vanessa Peters","Flying on Instruments",00:04:18,track
"If love is really love","Rick Whittell",Unknown,00:03:04,track
"Lipstick To Myself","Sarina Haggarty",Unknown,00:03:12,track
"The Boxer","Tres Chic",Unknown,00:03:09,track
Africa,"Amphibian Man",Zenith,00:02:51,track
Decision,"Amphibian Man",Program,00:02:55,track
Fakir,"Amphibian Man",Zenith,00:02:30,track
Dust,"Amphibian Man",Zenith,00:02:56,track
Glass,"Amphibian Man",Program,00:03:29,track
Fall,"Amphibian Man",Zenith,00:04:08,track
Pattern,"Amphibian Man",Program,00:03:07,track
Loop,"Amphibian Man",Program,00:03:59,track
Program,"Amphibian Man",Program,00:03:24,track
Obelisk,"Amphibian Man",Zenith,00:03:09,track
Rising,"Amphibian Man",Zenith,00:02:51,track
Zenith,"Amphibian Man",Zenith,00:02:31,track
Reaction,"Amphibian Man",Program,00:02:48,track
Waiting,"Amphibian Man",Program,00:03:28,track
"Waterloo Sunset","Ann Savoy","Another Heart",00:03:53,track
"Spring In Bavaria (Acoustic)","El Castillo","The Genre Bending Wonders of El Castillo",00:01:57,track
"Arrivo a Parigi","Ennio Morricone","Nostalgia Music: Classics & Soundtracks of  the Past",00:01:44,track
"Surfer Girl","El Castillo","The Genre Bending Wonders of El Castillo",00:03:35,track
"Tema di Clara","Enrico Simonetti","Nostalgia Music: Classics & Soundtracks of  the Past",00:02:53,track
"Don't Break My Heart","La Perra Blanco","FOLC217 LA PERRA BLANCO ""Get It Out""",00:02:50,track
"Down and Bound","La Perra Blanco","FOLC217 LA PERRA BLANCO ""Get It Out""",00:02:29,track
"I Got Cats","La Perra Blanco","FOLC217 LA PERRA BLANCO ""Get It Out""",00:01:53,track
"New Lover New Sweetheart","La Perra Blanco","FOLC217 LA PERRA BLANCO ""Get It Out""",00:01:55,track
"Get It Out","La Perra Blanco","FOLC217 LA PERRA BLANCO ""Get It Out""",00:02:40,track
"So Blue and So Sad","La Perra Blanco","FOLC217 LA PERRA BLANCO ""Get It Out""",00:02:21,track
"Sitting Here","La Perra Blanco","FOLC217 LA PERRA BLANCO ""Get It Out""",00:02:57,track
"Why Don't You Love Me","La Perra Blanco","FOLC217 LA PERRA BLANCO ""Get It Out""",00:02:40,track
"Lights of Old Santa Fe","Hilary Gardner","On the Trail with The Lonesome Pines",00:04:14,track
"If I don't go now","Kathy Freeman",Unknown,00:03:08,track
"Swinging on a Rope","Lewis Burner","Bullets For Bread",00:02:14,track
Capriccio,"Piero Piccioni, Edda Dell'Orso","Nostalgia Music: Classics & Soundtracks of  the Past",00:03:34,track
"Every Breath You Take","Rafael Riqueni",Versatae,00:03:42,track
"Moon River","Rafael Riqueni",Versatae,00:01:47,track
"I Will Always Love You","Rafael Riqueni",Versatae,00:03:48,track
"What a Wonderful World","Rafael Riqueni",Versatae,00:02:33,track
"Stairway to Heaven","Rafael Riqueni",Versatae,00:03:34,track
"Tears in Heaven","Rafael Riqueni",Versatae,00:04:10,track
"Quei giorni insieme a te (Theme)","Riz Ortolani","Nostalgia Music: Classics & Soundtracks of  the Past",00:01:49,track
"I Want Your Love","THE PUSSYCATS","THE PUSSYCATS - EP",00:02:11,track
"YouCan't Stop Loving Me","THE PUSSYCATS","THE PUSSYCATS - EP",00:02:00,track
"Dressed In Black","THE PUSSYCATS","THE PUSSYCATS - EP",00:02:41,track
miserlou,"The Тяга",Афродизіак,00:02:06,track
вайпаут,"The Тяга",Афродизіак,00:01:57,track
тяга,"The Тяга",Афродизіак,00:02:33,track
"Only Daddy Calls Me Marley",Ukulena,"Only Daddy Calls Me Marley",00:03:30,track
"This Is The Life (Acoustic / Drovers Inn Session)","Amy Macdonald",Unknown,00:03:31,track
"Білим Снігом",Zwyntar,"Тисяча Очей",00:04:03,track
Белла,Zwyntar,"Тисяча Очей",00:04:15,track
Госпел,Zwyntar,"Тисяча Очей",00:03:36,track
Дівча,Zwyntar,"Тисяча Очей",00:03:32,track
"Диявол Входить У Місто",Zwyntar,"Тисяча Очей",00:03:40,track
"Мати Темрява",Zwyntar,"Тисяча Очей",00:05:25,track
"Погана Кров",Zwyntar,"Тисяча Очей",00:03:08,track
"Янголе Небесний",Zwyntar,"Тисяча Очей",00:03:46,track
Трясовина,Zwyntar,"Тисяча Очей",00:04:18,track
Ящірка,Zwyntar,"Тисяча Очей",00:05:25,track
"Інтродукція. Кам'яна Могила",Zwyntar,"Тисяча Очей",00:03:30,track
"A Little Devil","The Dead South","Chains & Stakes",00:03:52,track
"A Place I Hardly Know","The Dead South","Chains & Stakes",00:04:00,track
"Blood On The Mind","The Dead South","Chains & Stakes",00:03:31,track
"Completely, Sweetly","The Dead South","Chains & Stakes",00:03:52,track
"The Cured Contessa","The Dead South","Chains & Stakes",00:02:16,track
"Father John","The Dead South","Chains & Stakes",00:04:02,track
"Tiny Wooden Box","The Dead South","Chains & Stakes",00:04:08,track
"Yours To Keep","The Dead South","Chains & Stakes",00:02:33,track
"Tailor Made","The Quakes","Western Bop",00:03:21,track
"Tears Have To Fall","The Quakes","Western Bop",00:03:53,track
"War Measure","Aoife O'Donovan","All My Friends",00:03:26,track
"The Right Time","Aoife O'Donovan","All My Friends",00:04:03,track
"Darker Tides","Black Vista","Black Vista 2",00:05:16,track
"Sadness (Is in the Air)","Arms Grace",Summit,00:07:11,track
Lucky,"Black Vista","Black Vista 2",00:03:07,track
"Red Angel","Black Vista","Black Vista 2",00:04:09,track
Catalina,"Chris Casello","Surfin' Hayride",00:02:48,track
Jolene,"Chris Casello","Surfin' Hayride",00:03:20,track
"One Night In Nashville","Dominic Halpin",Unknown,00:03:38,track
"Where I'm From",Dropkick,"Patchwork (Expanded Version)",00:03:10,track
"A Separation","Hannah White","Sweet Revolution",00:03:57,track
"Chains of Ours","Hannah White","Sweet Revolution",00:04:16,track
"One Night Stand","Hannah White","Sweet Revolution",00:04:09,track
"Ordinary Woman","Hannah White","Sweet Revolution",00:04:46,track
"Smoke Signals","Harmonica Lewinski","Super Hot",00:06:10,track
"Where The Damned Only Go","Jaime Wyatt","Feel Good",00:04:41,track
"Jealous Heart","Jenny Don't and the Spurs","Broken Hearted Blue",00:02:53,track
Easy,"Karen Lawrence","The Blues Is Back",00:04:28,track
"Blood Related","Katie Pruitt","Mantras (Deluxe)",00:03:41,track
"White Lies, White Jesus And You","Katie Pruitt","Mantras (Deluxe)",00:04:25,track
"Worst Case Scenario","Katie Pruitt","Mantras (Deluxe)",00:03:27,track
Horsefly,"Lauren O'Connell","Everything Feels Ridiculous",00:03:46,track
"The End Of The World","Lorrie Morgan & Pam Tillis","COME SEE ME AND COME LONELY",00:03:08,track
"Sunday Morning Hustle","Los Abismos","That Surf Thing",00:02:40,track
"Ain't Enough Whiskey","Jaime Wyatt","Feel Good",00:04:47,track
Althea,"Jaime Wyatt","Feel Good",00:04:12,track
"How Deep Is Your Love","Los Reverb","La Invasión del Dr.Reverb",00:03:30,track
Gold,"Louisa Stancioff","When We Were Looking",00:04:03,track
"So Long, Farewell, Goodbye","Molly Starlite & the Sputniks","Don't Light The Dynamite",00:03:51,track
"They Say","Molly Starlite & the Sputniks",Unknown,00:04:04,track
"Mezcal And Lime","Sarah Jarosz","Polaroid Lovers (Deluxe Edition)",00:05:08,track
"When The Lights Go Out","Sarah Jarosz","Polaroid Lovers (Deluxe Edition)",00:03:16,track
"The Gothfather","Jay Poisön and the Bat People","Planet of the Bat People",00:02:47,track
"Fortune, Glory, Pleasure and Pain","Raygun Cowboys","Fortune and Glory, Pleasure and Pain",00:03:28,track
"Had To Go","Raygun Cowboys","Fortune and Glory, Pleasure and Pain",00:03:24,track
"Haunted Eyes","Raygun Cowboys","Fortune and Glory, Pleasure and Pain",00:02:46,track
"I Hung My Head","Raygun Cowboys","Fortune and Glory, Pleasure and Pain",00:03:39,track
"Never Walk Alone","Raygun Cowboys","Fortune and Glory, Pleasure and Pain",00:03:40,track
"Kill Me","Raygun Cowboys","Fortune and Glory, Pleasure and Pain",00:03:46,track
"Strange Times","Raygun Cowboys","Fortune and Glory, Pleasure and Pain",00:03:05,track
"Workin' For Nothin'","Raygun Cowboys","Fortune and Glory, Pleasure and Pain",00:03:35,track
"You Stepped In It Now","Robert Gordon","All For The Love Of Rock N' Roll",00:03:23,track
"Dying Ember","Sarah Jarosz","Polaroid Lovers (Deluxe Edition)",00:03:38,track
"Pouppée De Cire Pouppée De Son","The Hillbilly Moon Explosion","By Popular Demand",00:02:36,track
"One Man's Trash","The Jaydees",Solitude,00:03:09,track
"The Flesh Is Weak","The Jaydees",Solitude,00:07:21,track
"Rev a Little Harder","The Legendary Raw Deal","The Wolftone Sessions",00:03:30,track
"Voodoo Woman","The Legendary Raw Deal","The Wolftone Sessions",00:02:23,track
"40 Days a Rotting","The Meteors","40 Days a Rotting",00:03:00,track
"Murder Party","The Meteors","40 Days a Rotting",00:03:17,track
"Same Water","The Secret Sisters","Mind, Man, Medicine",00:04:20,track
"All the Ways (feat. Ray LaMontagne)","The Secret Sisters","Mind, Man, Medicine",00:03:39,track
"The Clown","The Soapbox Saints","PLAY IT COOL",00:03:23,track
"So Far Away (Dire Straits)","Town Mountain","Dance Me Down Easy: The Woodstock Sessions EP",00:03:41,track
"Full Contact Surf","Waikiki Makaki","Rhino Blues / Full Contact Surf single",00:02:45,track
"Rhino Blues","Waikiki Makaki","Rhino Blues / Full Contact Surf single",00:03:28,track
"Magic Pill","Zoe FitzGerald Carter","Before The Machine",00:03:10,track
"Forgotten But Not Gone","Big Fancy & The Shiddy Cowboys","The Legendary Loser Wins Again",00:02:49,track
"House of the Rising Surf",Cowabunghouls,"Cowabunghouls (EP)",00:02:02,track
"California Dreamin’",Cowabunghouls,"Cowabunghouls (EP)",00:02:20,track
"O Gimme Blood","Harvey McLaughlin",Unknown,00:02:54,track
Bones,"Heather Little","By Now",00:03:16,track
"California Queen","Heather Little","By Now",00:04:02,track
"Saint Christopher","Heather Little","By Now",00:03:17,track
"Razor Wire","Heather Little","By Now",00:04:09,track
"Sunset Inn","Heather Little","By Now",00:04:51,track
"This Life Without You","Heather Little","By Now",00:05:30,track
"Transistor Radio","Heather Little","By Now",00:06:17,track
"Pain In My Heart","Jenny Don't and the Spurs","Broken Hearted Blue",00:03:29,track
"Anyway It's Not That Bad","Lauren O'Connell","Everything Feels Ridiculous",00:03:51,track
"Approach Me Now","Lauren O'Connell","Everything Feels Ridiculous",00:03:47,track
Jacket?,"Lauren O'Connell","Everything Feels Ridiculous",00:03:43,track
Homesick,"Margo Price","Strays II",00:04:28,track
"Where Did We Go Wrong","Margo Price","Strays II",00:04:31,track
"Heart On Fire","Rachael Kilgour","My Father Loved Me",00:04:35,track
"Ghost of My Father","Rachael Kilgour","My Father Loved Me",00:05:53,track
"My Father Loved Me","Rachael Kilgour","My Father Loved Me",00:04:26,track
"How I Was Made","Rachael Kilgour","My Father Loved Me",00:05:00,track
Ontario,"Rachael Kilgour","My Father Loved Me",00:05:50,track
"Change Is in the Form",Rosali,"Bite Down",00:04:07,track
"The Smell of Autumn Leaves","Rachael Kilgour","My Father Loved Me",00:05:14,track
Hopeless,Rosali,"Bite Down",00:03:45,track
"Is It Too Late",Rosali,"Bite Down",00:03:47,track
"My Kind",Rosali,"Bite Down",00:03:46,track
"Satanica Pandemonia II","Sant Anna Bay Coconuts","The Pineapple Parade (LP/CD/digital, 2024) - SC042",00:03:35,track
"Tiki Polka","Sant Anna Bay Coconuts","The Pineapple Parade (LP/CD/digital, 2024) - SC042",00:02:45,track
"Redemption of the River Witch",Sheverb,"She Rides Again",00:03:35,track
"Bear With Me","The Secret Sisters","Mind, Man, Medicine",00:04:02,track
"I Can Never Be Without You Anymore","The Secret Sisters","Mind, Man, Medicine",00:03:21,track
"If the World Was a House","The Secret Sisters","Mind, Man, Medicine",00:04:27,track
"Never Walk Away","The Secret Sisters","Mind, Man, Medicine",00:02:19,track
"I Needed You","The Secret Sisters","Mind, Man, Medicine",00:03:34,track
Planted,"The Secret Sisters","Mind, Man, Medicine",00:03:27,track
Paperweight,"The Secret Sisters","Mind, Man, Medicine",00:03:14,track
Space,"The Secret Sisters","Mind, Man, Medicine",00:03:57,track
"Holidays And Yesterdays","Lori Hardman",2023,00:03:51,track
"I'm Getting Married to The War","Grace Cummings",Ramona,00:05:00,track
"Work Today (and Tomorrow)","Grace Cummings",Ramona,00:04:21,track
"Silver Sliver","John Moreland",Visitor,00:02:20,track
"Ride With Me","Larry Campbell & Teresa Williams","All This Time",00:03:27,track
"Control, the Idle Youth, and Repose","Matt Holubowski","Somewhere, Someone",00:04:51,track
"Alligator Man","The Meteors","Skull N Bones & The Curse Of Blood N Bones",00:02:56,track
Changeling,"The Meteors","Skull N Bones & The Curse Of Blood N Bones",00:04:16,track
"Chasing Evil","The Meteors","Skull N Bones & The Curse Of Blood N Bones",00:03:02,track
"Dateless Nights (Zed Mix)","The Meteors","Skull N Bones & The Curse Of Blood N Bones",00:02:01,track
Creature,"The Meteors","Skull N Bones & The Curse Of Blood N Bones",00:03:41,track
"Get Back In The Swamp (And Jump)","The Meteors","Skull N Bones & The Curse Of Blood N Bones",00:03:36,track
"Guilty As Charged (Sense Of Humor Mix)","The Meteors","Skull N Bones & The Curse Of Blood N Bones",00:03:00,track
"Little Hellcat","The Meteors","Skull N Bones & The Curse Of Blood N Bones",00:02:53,track
"More Demons Than Most","The Meteors","Skull N Bones & The Curse Of Blood N Bones",00:03:36,track
"She's My Witch","The Meteors","Skull N Bones & The Curse Of Blood N Bones",00:02:30,track
"You Used To Be (The Usual Suspects)","The Meteors","Skull N Bones & The Curse Of Blood N Bones",00:03:46,track
Twisted,"The Meteors","Skull N Bones & The Curse Of Blood N Bones",00:03:14,track
"The Night Comes With Me","The Meteors","Skull N Bones & The Curse Of Blood N Bones",00:03:58,track
"Zombie Noise (Rockin Zombie Mix)","The Meteors","Skull N Bones & The Curse Of Blood N Bones",00:02:16,track
"Throw Away The Moon","Rachel Baiman & Caroline Spence",Unknown,00:03:26,track
"I Won't Back Down","Sammy Kershaw","I Won't Back Down",00:03:00,track
"Heaven Forgive Me",Federale,"Reverb & Seduction",00:04:54,track
"Seven Beers With The Wrong Woman","King Dude","Songs of The 1940s • Vol. 3 & 4",00:03:39,track
"A Tear","The Lostines","Meet the Lostines",00:03:02,track
"Southwest Texas","The Lostines","Meet the Lostines",00:04:12,track
"Last Rendez Vous","Longboard Cruise Control","Counter Trails",00:02:30,track
Lovers,Ukulena,"Only Daddy Calls Me Marley",00:04:17,track
"Only Her Lover Can Love Her",Ukulena,"Only Daddy Calls Me Marley",00:03:28,track
"Angels (In Wide Open Spaces)","Mac Cornish","Never Made Much of a Lover",00:03:59,track
"Sylvia Anne","Mac Cornish","Never Made Much of a Lover",00:04:00,track
Greensleeves,"X Ray Cat Trio","The Green Knight & Greensleeves",00:03:34,track
"Love yourself","Elisabeth Grey",Unknown,00:03:51,track
"Sonido Cafajeste","Os Gatunos",Lokahi,00:02:41,track
"Fédon feat. Taj Mahal","Kaia Kater","Strange Medicine",00:03:45,track
"Project Grudge",Langhorns,Showstopper,00:01:56,track
"The Snoozer",Langhorns,Showstopper,00:03:21,track
"The Standoff",Langhorns,Showstopper,00:03:22,track
"Only One Cowboy","No Saint",Unknown,00:03:38,track
"Kiss Me Warren Please - Night Club (From ""Kiss Kiss Bang Bang"")","Bruno Nicolai","LOFI Chill In Movies",00:02:14,track
"A ciascuno il suo (From ""A ciascuno il suo"")","Luis Bacalov","LOFI Chill In Movies",00:02:39,track
"Il mondo (From ""Le streghe - The Witches"") (Piano Source Version 2)","Piero Piccioni","LOFI Chill In Movies",00:02:12,track
"Palm Beach","The Beach Bunnies","Sunset Surf",00:02:31,track
Moda,"Gökçen Kaynatan","GOKCEN KAYNATAN ""Moda"" b/w ""Fırtına""",00:01:59,track
"Feel This Way","Kim Richey","Every New Beginning",00:03:28,track
"Chapel Avenue","Kim Richey","Every New Beginning",00:03:59,track
"A Way Around","Kim Richey","Every New Beginning",00:03:09,track
"The World Is Flat","Kim Richey","Every New Beginning",00:03:45,track
Alien,"The Interrupters",Unknown,00:03:12,track
"Freaky Tiki",Ukulena,"Only Daddy Calls Me Marley",00:03:59,track
"Kindness Of A Liar","Anna Tivel","Living Thing",00:04:02,track
"Eyes of Grey (with Paul-Ronney Angel)","Aisha Khan & Friends","FOLC229 AISHA KHAN & friends ""The Magnificent Twelve""",00:04:57,track
Frogs,"Nick Cave",Unknown,00:04:35,track
"Jack's Bad",Pointbreak,"Ming Dynamite",00:02:29,track
"The Night We Met","Rising Appalachia","Folk & Anchor",00:03:20,track
"Soggy Bottoms","The Jagaloons","Forbidden Words",00:02:27,track
"Before the Machine","Zoe FitzGerald Carter","Before The Machine",00:03:34,track
"I Need A Forest Fire","Rising Appalachia","Folk & Anchor",00:03:07,track
"I Shall Be Released","Rising Appalachia","Folk & Anchor",00:04:32,track
"Bad Girl","The Big Red Rocket","The Big Red Rocket - Lethal Western",00:02:02,track
Paradise,"Ryan Chrys & the Rough Cuts","Blame It On the Road",00:03:29,track
"Ocean Eyes","Greg Townson","Paint The Town",00:03:05,track
"Nothing But The Rain","Half Deaf Clatch","An Unquiet Mind",00:06:21,track
"The Devil's Armchair","Katie Knipp",Me,00:04:20,track
"Prawn Date","The Dirty Licks","Revancha Surfista",00:02:52,track
"Angel Bus","Zoe FitzGerald Carter","Before The Machine",00:05:17,track
"Let's Just Stay Friends","Zoe FitzGerald Carter","Before The Machine",00:04:10,track
"One By Land","Zoe FitzGerald Carter","Before The Machine",00:04:45,track
"Zodiac Maniac","Zoe FitzGerald Carter","Before The Machine",00:03:41,track
"You Ain't Special","Cristina Vane","Hear My Call",00:02:40,track
"A Sunday Kinda of Love","Davina and The Vagabonds","Shoot for the Moon",00:03:14,track
"Mighty Scar","Davina and The Vagabonds","Shoot for the Moon",00:04:46,track
"Life Lessons","Davina and The Vagabonds","Shoot for the Moon",00:03:59,track
"Gua Hantu","Golden Mile Band",Unknown,00:02:32,track
"My Dad is a Mariner","Waikiki Makaki",Unknown,00:02:55,track
"I'll Find A Way (To Carry It All)","Bella White",Unknown,00:04:22,track
"Take Me To Church","Allison Russell",Unknown,00:04:30,track
"Something That I Want","Grace Potter",Unknown,00:02:56,track
"Something About What Happens When We Talk","Katie Pruitt",Unknown,00:03:40,track
"Slava Ukraini!",Magnatech,Europa,00:02:11,track
"Going Down","The Barntwisters","Wild Train",00:04:37,track
"Green Fields","The Impressions","Lost Legends of Surf Guitar",00:02:53,track
"Sleep Walk","The Impressions","Lost Legends of Surf Guitar",00:02:23,track
"Lilies on the radio","Rebekka Lundstrøm",Unknown,00:04:06,track
"Blue Skies","Beth Lee","Hardly Matters",00:02:28,track
"Rock And Roll On The Radio","Leslie Mendelson","After The Party",00:03:25,track
"The Saddest Girl","Silas J. Dirge","Swan Songs",00:03:50,track
"Let Me Ride Away With The Horsemen","The Felice Brothers","Valley of Abandoned Songs",00:04:24,track
"To Be A Papa","The Felice Brothers","Valley of Abandoned Songs",00:03:22,track
"Without You feat. Monkey",Ukulena,"Only Daddy Calls Me Marley",00:03:03,track
"Last Stop on my Love Train","Jonny Barber & The Rhythm Razors","Western Riot!",00:02:52,track
"The Guitar Player","Jonny Barber & The Rhythm Razors","Western Riot!",00:03:00,track
"If They Feel Like Wings","Maya de Vitry","The Only Moment",00:03:55,track
"Burning Building","Maya de Vitry","The Only Moment",00:04:19,track
"Sunday Down in Tennessee","The Honkytonk Wranglers","Hangin' Around",00:01:37,track
"I Can't Take All Of Your Lying","The Krayolas",Unknown,00:02:25,track
"Bay City","The Minarets",Unknown,00:02:35,track
Monserrate,"The Minarets","Monserrate EP",00:02:41,track
"Ain't Gonna Fit Inside Your Box","The April Family","Baby, I'm Gone",00:03:24,track
Favor,"49 Winchester","Leavin' This Holler",00:03:54,track
"Piece By Piece","American Aquarium","The Fear of Standing Still",00:04:05,track
Snakebyte,"Atomic Surfonic","Killer Wave",00:02:43,track
"Gee Baby","Charlie Halloran","Jump Up",00:02:57,track
Dreamin’,Cowabunghouls,"Guac, Don’t Run",00:02:20,track
"Black Jacket/Red Guitar","Karen Jonas","The Rise and Fall of American Kitsch",00:03:49,track
"Gold in the Sand","Karen Jonas","The Rise and Fall of American Kitsch",00:04:36,track
"Mama's Gone","Karen Jonas","The Rise and Fall of American Kitsch",00:03:39,track
"Friday's Child","Linda Gail Lewis","Rockabilly Queen",00:03:12,track
"I Never Cared For You","Tami Neilson","Neilson Sings Nelson",00:02:36,track
"Get Behind The Mule (Spiritual)","Tom Waits","Get Behind The Mule (Spiritual)",00:04:11,track
"You Gotta Move","Half Deaf Clatch","A Tribute To Mississippi Fred McDowell",00:03:13,track
"Blunt If You Want feat. TEK SET",Ukulena,"Only Daddy Calls Me Marley",00:03:22,track
"My Secret feat. Henry Wagons",Ukulena,"Only Daddy Calls Me Marley",00:02:39,track
"I See You Blue",Ukulena,"Only Daddy Calls Me Marley",00:03:35,track
"sucha shame (reprise)",Ukulena,"Only Daddy Calls Me Marley",00:01:52,track
"sucha shame (intro)",Ukulena,"Only Daddy Calls Me Marley",00:02:02,track
"Pour Some Honey In My Wine",Ukulena,"Only Daddy Calls Me Marley",00:03:45,track
"Let Me Be","Amy Annelle","The Toll",00:03:53,track
"The Ballad of Fire and Water","Amy Annelle","The Toll",00:03:27,track
"Why Did He Take His Love Away?","Amy Annelle","The Toll",00:03:39,track
"I Don't Love You Anymore","Melissa Carper","Borned In Ya",00:03:40,track
"That's My Desire","Melissa Carper","Borned In Ya",00:03:28,track
"Just A Little Rain","Rainy Eyes","Lonesome Highway",00:04:44,track
"I Drink to Forget","Silas J. Dirge","Swan Songs",00:04:05,track
"Running from Myself","Silas J. Dirge","Swan Songs",00:04:21,track
"Under the Old Oak Tree","Silas J. Dirge","Swan Songs",00:02:28,track
"When I Went to Heaven","Silas J. Dirge","Swan Songs",00:04:33,track
"Rock and Roll Heart",Melanie,Lowcountry,00:06:05,track
"Family and Friends","Alan Mason",Unknown,00:03:43,track
"Home Away from Homesick Blues","Change of Key","Paper Doors into The Past",00:04:28,track
Miramar,"Dr. Tritón","Leyendas del Mar",00:02:54,track
"Haunted Man","Lewis Burner",Unknown,00:02:56,track
"Only You","Beth Lee","Hardly Matters",00:03:51,track
"Like Your Woogie Boogied","Daniel Meade","Hip Hip Hooray!!",00:03:05,track
"Wonder How It Feels","David Rodriguez and the Rhythm Chiefs","Rise and Shine",00:03:55,track
"Interception Of Gamma Rayz","Doyley & The Twanglords","Planet Twang - Doyley & The Twanglords",00:01:44,track
"Infected Species","Doyley & The Twanglords","Planet Twang - Doyley & The Twanglords",00:01:48,track
"Planet Twang","Doyley & The Twanglords","Planet Twang - Doyley & The Twanglords",00:02:43,track
Psychord,"Doyley & The Twanglords","Planet Twang - Doyley & The Twanglords",00:01:52,track
"Shell Shock","Doyley & The Twanglords","Planet Twang - Doyley & The Twanglords",00:02:07,track
"Spies In Space","Doyley & The Twanglords","Planet Twang - Doyley & The Twanglords",00:02:09,track
"Turbo Oxide","Doyley & The Twanglords","Planet Twang - Doyley & The Twanglords",00:01:59,track
"The Source Code","Doyley & The Twanglords","Planet Twang - Doyley & The Twanglords",00:02:05,track
Twangster,"Doyley & The Twanglords","Planet Twang - Doyley & The Twanglords",00:03:04,track
"Amazing Light","Emily Duff","The Obvious Invisible",00:04:41,track
"Shoreline Shakedown","God Of Surf","Take The Risk",00:02:10,track
"Take The Risk","God Of Surf","Take The Risk",00:02:44,track
"Lake Shore Limited","Greg Townson",Unknown,00:02:47,track
Rosie,"Jana Mila","Chameleon (Naked)",00:02:32,track
"Love Let Go","Jana Mila",Chameleon,00:03:43,track
"Il mamatore innamorato! feat. Sys Malakian","Los Atascados","Los Atascados feat. Sys Malakian - Capicúa",00:02:57,track
"Am I Real To You",Melanie,"Am I Real Or What",00:04:13,track
"Demons Are a Girl's Best Friend",NEKROMANTIX,"Demons Are A Girl's Best Friend",00:04:37,track
"Last Night I Saved An Angel",NEKROMANTIX,"Demons Are A Girl's Best Friend",00:03:57,track
"Love at First Bite",NEKROMANTIX,"Demons Are A Girl's Best Friend",00:04:33,track
"Sea of Red",NEKROMANTIX,"Demons Are A Girl's Best Friend",00:04:39,track
"I'm Blue No Matter Who","Richard Cheese","""Blue No Matter Who"" (2024)",00:02:41,track
"Just Like Heaven","Richard Cheese","""Blue No Matter Who"" (2024)",00:03:36,track
"Interstate Love Song","Richard Cheese","""Blue No Matter Who"" (2024)",00:02:45,track
"Since You're Gone","Richard Cheese","""Blue No Matter Who"" (2024)",00:02:44,track
"Orange And Blue","Sarah Jarosz","World On The Ground",00:03:38,track
"I'd Be Lying","Shovels & Rope","Something Is Working Up Above My Head",00:04:30,track
"Beyond The Stars (Acoustic Version) feat. Willie Nelson","Tami Neilson","Neilson Sings Nelson",00:03:18,track
"Always On My Mind","Tami Neilson","Neilson Sings Nelson",00:04:41,track
California,"The Courettes",California,00:03:36,track
Altenburgblick,"The Overloaders","The Overloaders",00:02:43,track
"Pere Lachaise","Lost Mary",Unknown,00:02:13,track
"A Spy Medley","The Tikiyaki Orchestra","Space Medley b/w Spy Medley",00:04:25,track
"Elenor Bigsby","The Tikiyaki Orchestra","The Exotic Sounds of Tikiyaki 5-0....Tone Control",00:04:50,track
"Getaway Girl","Molly Tuttle & Golden Highway","Into The Wild - EP",00:03:46,track
"Keep Dancing","The Courettes","Keep Dancing",00:03:00,track
"I'M GONNA KILL YOU","The Side Burns","WHISKEY'S NOT SO EVIL",00:03:27,track
"One Last Wave","The Unnaturals","Sleazy Listening",00:03:06,track
"Lucky Ole Me","David Rodriguez and the Rhythm Chiefs","Rise and Shine",00:04:42,track
Ghostbusters,"Davina and The Vagabonds",Unknown,00:03:38,track
Katie,"Liv Greene","Deep Feeler",00:02:58,track
"Columbus & 89th","Sarah Jarosz","Polaroid Lovers (Deluxe Edition)",00:04:15,track
"The Way It Is Now","Sarah Jarosz","Polaroid Lovers (Deluxe Edition)",00:03:46,track
"Hot Rod Big Rig","Shane Vain & The Village Vandals","Rubber City Rumblebilly",00:02:22,track
"My Melancholy Baby","Sweet Megg","Under the Moonlight",00:04:31,track
"Head Of Cow","Fly Janet","Splash Royale",00:02:45,track
"I Wanna Riff","Keenan McKenzie & the Riffers","Lakewood Jump",00:03:00,track
"I'm Confessin' (That I Love You)","Keenan McKenzie & the Riffers","Lakewood Jump",00:03:52,track
"Rhythm and Romance","Keenan McKenzie & the Riffers","Lakewood Jump",00:03:29,track
"The Long Road Home to You","Keenan McKenzie & the Riffers","Lakewood Jump",00:03:23,track
"Trombone Island","Keenan McKenzie & the Riffers","Lakewood Jump",00:03:24,track
"You'd Be So Nice to Come Home To","Keenan McKenzie & the Riffers","Lakewood Jump",00:03:26,track
"All My Loving","Martin Cilia","Here Comes the Sun",00:02:21,track
"Across the Universe","Martin Cilia","Here Comes the Sun",00:03:48,track
"Abbey Road","Martin Cilia","Here Comes the Sun",00:04:15,track
"Glass Onion","Martin Cilia","Here Comes the Sun",00:02:11,track
Birthday,"Martin Cilia","Here Comes the Sun",00:03:08,track
Help,"Martin Cilia","Here Comes the Sun",00:03:09,track
"Come Together","Martin Cilia","Here Comes the Sun",00:04:39,track
"I’ve Just Seen A Face","Martin Cilia","Here Comes the Sun",00:02:09,track
"Nowhere Man","Martin Cilia","Here Comes the Sun",00:02:44,track
"Here Comes The Sun","Martin Cilia","Here Comes the Sun",00:03:43,track
"Let It Be","Martin Cilia","Here Comes the Sun",00:03:55,track
"Strawberry Fields Forever","Martin Cilia","Here Comes the Sun",00:04:17,track
"While My Guitar Gently Weeps","Martin Cilia","Here Comes the Sun",00:04:47,track
"Three Cigarettes In An Ashtray.","Tami Neilson",Unknown,00:02:35,track
"Any Given Sunday","Austin Leonard Jones","Famous Times",00:02:28,track
"My Favourite Things","Coral Fuzz","Big Jazz Tsunami",00:02:27,track
"Take Five","Longboard Cruise Control","Big Jazz Tsunami",00:02:01,track
"Autumn Leaves",Robotron,"Big Jazz Tsunami",00:01:50,track
"Song For My Father","Waldo Unit","Big Jazz Tsunami",00:02:24,track
More,"Timur Popovkin","Big Jazz Tsunami",00:03:10,track
"Pipeline to Heaven","Furious Nakamura","La Playa (LP)",00:02:53,track
"Walk Don't Run","Furious Nakamura","La Playa (LP)",00:02:09,track
"Flood Zone","Vanessa Peters",Unknown,00:06:50,track
"Close to Tricia",Vulvette,"Get It Where We Can",00:03:53,track
"Get It Where We Can",Vulvette,"Get It Where We Can",00:05:08,track
Hardline,Vulvette,"Get It Where We Can",00:03:57,track
"Snowflakes come'n go","Arno De Cea","VIVE LE VENT ETC...",00:03:26,track
"Counting The Hours","BJ Baartmans & Wild Verband","A Pawnshop Love Affair",00:04:36,track
"Daddy's Eyes","BJ Baartmans & Wild Verband","A Pawnshop Love Affair",00:04:07,track
"Love Is Blue","The Charades","We Like To Do That!",00:02:53,track
"Sleep Walk (featuring Nokie Edwards, Brian Locking & J.D. Hogh)","The Charades","We Like To Do That!",00:04:56,track
"Hot Rod Saturday Night","The Dice Cubes","The Dice Cubes",00:03:18,track
"Baby, I'm Gone","The April Family","Baby, I'm Gone",00:03:35,track
"Fortune Teller","The April Family","Baby, I'm Gone",00:04:09,track
"I Can't Get It Back","The April Family","Baby, I'm Gone",00:03:46,track
"I'm Only Sad","The April Family","Baby, I'm Gone",00:04:29,track
Matilda,"The April Family","Baby, I'm Gone",00:04:04,track
"It's Gonna Hurt","The April Family","Baby, I'm Gone",00:04:11,track
"Somebody Like You (But Not You)","The April Family","Baby, I'm Gone",00:03:10,track
"Too Much Of A Good Thing","The April Family","Baby, I'm Gone",00:04:35,track
"Don't Walk Out Now","The April Family","What We Know Now",00:05:07,track
"Easy For You","The April Family","What We Know Now",00:03:08,track
1943,"The April Family","What We Know Now",00:04:35,track
"I'm Over You","The April Family","What We Know Now",00:04:20,track
"It Ain't Me, It's Always You","The April Family","What We Know Now",00:03:03,track
"Pages Of Us","The April Family","What We Know Now",00:04:22,track
"Patsy Cline Times Two","The April Family","What We Know Now",00:03:36,track
"So Close, Not Far Enough Away","The April Family","What We Know Now",00:04:06,track
"The Devil Knows You're Dead","The April Family","What We Know Now",00:03:32,track
"You're Someone That I Never Knew","The April Family","What We Know Now",00:04:23,track
"You're Just The Blues","The April Family","What We Know Now",00:03:47,track
Crystallization,"Amphibian Man",Ether,00:03:16,track
Element,"Amphibian Man",Ether,00:02:26,track
Dissolution,"Amphibian Man",Ether,00:02:40,track
Illumination,"Amphibian Man",Ether,00:03:03,track
Perpetual,"Amphibian Man",Ether,00:01:45,track
"Philosopher's Stone","Amphibian Man",Ether,00:03:18,track
Quintessence,"Amphibian Man",Ether,00:02:26,track
Purification,"Amphibian Man",Ether,00:02:51,track
Transmutation,"Amphibian Man",Ether,00:02:34,track
"Country roads","Philip Doyle","Uke cant keep a good man down II",00:01:39,track
"Cocaine Blues","Philip Doyle","Uke cant keep a good man down II",00:02:21,track
"Night Boat To Cairo","Philip Doyle","Uke cant keep a good man down II",00:02:29,track
Mystique,"Philip Doyle","Uke cant keep a good man down II",00:02:21,track
Rasputin,"Philip Doyle","Uke cant keep a good man down II",00:03:07,track
Spiderman,"Philip Doyle","Uke cant keep a good man down II",00:02:37,track
Venus,"Philip Doyle","Uke cant keep a good man down II",00:03:10,track
"I'm a No One","Steve Peisch ft. Suzanne Buell","FOUR COUNTRY SONGS BY STEVE PEISCH",00:02:38,track
"I'm Friday's Child","Kathleen Martin","I'm Friday's Child",00:03:45,track
Colored,"Samantha Clemons","Fair Warning",00:03:25,track
Spectacle,"Samantha Clemons","Fair Warning",00:03:27,track
"Wild West","Samantha Clemons","Fair Warning",00:03:36,track
"Fair Warning","Samantha Clemons","Fair Warning",00:04:35,track
"I've Tried","Beth Lee","Hardly Matters",00:03:24,track
Umbrella,"Beth Lee","Hardly Matters",00:03:54,track
Adelaide,"Brenna MacMillan","Dear Life",00:03:04,track
"Faraway Skies","Caleb Klauder & Reeb Willms","Gold In Your Pocket",00:04:04,track
"Hi Seas","Dom Mariani & The Majestic Kelp","Hi Seas",00:05:55,track
"Sweet Dee","Dom Mariani & The Majestic Kelp","Hi Seas",00:05:52,track
"Kaiser 4 Evah","Eric Kay and The Surfaronnies","Melted Flowers and Wilted Chocolates",00:02:43,track
Stoney,"Grayson Capps","Heartbreak, Misery & Death",00:04:38,track
"Looks Like The End Of The Road","Alison Krauss",Arcadia,00:03:39,track
"Just The Way You Are","Heather Maloney",Unknown,00:03:58,track
"The Breeze","I. Jeziak and The Surfers","I. Jeziak and The Surfers",00:02:16,track
"Tumbleweed Tide","Little Kahuna","Tumbleweed Tide",00:03:06,track
"What'll I Do","Lydia Loveless",Unknown,00:02:08,track
"California Shake","Margo Guryan","28 Demos",00:03:28,track
Shine,"Margo Guryan","28 Demos",00:03:03,track
"Please Believe Me","Margo Guryan","28 Demos",00:03:54,track
"Sunday Morning","Margo Guryan","28 Demos",00:02:16,track
"Tour de France","Mary Ann Hawkins","Helsinki Surf City",00:03:06,track
"Small Regret","Minor Mirage","Desert Howl",00:04:04,track
Rosemary,"Sierra Ferrell","Trail Of Flowers (Deluxe Edition)",00:03:36,track
"Love Story",JUDODOJO,"At The Movies With JUDODOJO",00:02:26,track
Goldenrod,"Jenny Owen Youngs","Avalanche (Deluxe)",00:04:26,track
"Before We Begin","Loose Cattle","Someone's Monster",00:04:46,track
"Man Of Misery","Los Grainders","The Blackest Vibes EP",00:02:03,track
Perfidia,"Los Surfer Compadres",Unknown,00:02:38,track
"Do You Really Want To Hurt Me",Melanie,"AS YEARS GO BY - THE SOLAR STUDIO SESSIONS",00:04:41,track
"I'll Never Find Another You",Melanie,"AS YEARS GO BY - THE SOLAR STUDIO SESSIONS",00:02:21,track
"Time After Time",Melanie,"AS YEARS GO BY - THE SOLAR STUDIO SESSIONS",00:04:06,track
"I'd Rather Be A Bridge","Mindy Smith","Quiet Town",00:02:57,track
"Surf is in the Heart","Os Cavaleiros Temporários","Campeonato Mineiro de Surfe 2024",00:02:14,track
"Funeral for a Saint (Muerte en Octubre)","P. Paul Fenech","Happy Halloween IX",00:03:50,track
"Ghost Mountain","P. Paul Fenech","Happy Halloween IX",00:03:11,track
"The 13th Chime","P. Paul Fenech","Happy Halloween IX",00:03:38,track
"You're Dead","P. Paul Fenech","Happy Halloween IX",00:03:41,track
"Heartbeat in Retreat","The Spiratones","Crooked Waeve / Heartbeat in Retreat",00:03:45,track
"All Those Tomorrows","Tony Joe White","FEELING SNAKEY",00:04:21,track
"Hard Time with Sunday","Tony Joe White","FEELING SNAKEY",00:04:49,track
"Il Mostro","BEACH MOONSTERS","Black Lagoon, Night Surfin'",00:02:41,track
"Do You Want To Lose","Cristina Vane","Hear My Call",00:03:31,track
"Hard Rock Bend","Cristina Vane","Hear My Call",00:03:06,track
"My Mountain","Cristina Vane","Hear My Call",00:03:23,track
Espresso,"I'm With Her",Unknown,00:03:10,track
"In Between","Jana Mila","Chameleon (Naked)",00:04:15,track
"Naive Again","Katie Pruitt","Mantras (Deluxe)",00:04:18,track
"Phases Of The Moon","Katie Pruitt","Mantras (Deluxe)",00:04:48,track
"Leading Actress","Katie Pruitt","Mantras (Deluxe)",00:04:23,track
Accolades,"Lydia Loveless",Unknown,00:03:29,track
"I Only Want To Be With You",TarantinosNYC,"Once Upon A Time In...a Surf, Soul, Spy, Spaghetti Western - 2025",00:02:29,track
"Make You Anyone","The Calm & Commotion","A Moment After",00:04:51,track
"Days Getting Darker","Ken Pomeroy","Days Getting Darker",00:04:10,track
"From The Ashes (feat. Bart Topher) ",Backstrom,Unknown,00:04:35,track
"Haven Hill","Sierra Hull","A Tip Toe High Wire",00:03:31,track
"Will You Still Love Me Tomorrow","Kameron Mantell","Will You Still Love Me Tomorrow",00:04:28,track
"Muddy Water","Sierra Hull","A Tip Toe High Wire",00:04:02,track
Redbird,"Sierra Hull","A Tip Toe High Wire",00:03:33,track
"Відкладене життя",REMEZ,"Відкладене життя",00:03:09,track
"so this is love",Ukulena,"so this is love",00:02:41,track
"The Last Hope","Sys Malakian","The Last Hope (Surf You Next Tuesday 3)",00:02:28,track
"Hot Rod Boogie","Tiki Moondog","Campeonato Mineiro de Surfe 2024",00:02:51,track
"Bayou Blues","Tony Joe White","FEELING SNAKEY",00:05:36,track
"Dark Horse Coming","Tony Joe White","FEELING SNAKEY",00:04:53,track
"Feeling Snakey","Tony Joe White","FEELING SNAKEY",00:05:46,track
"Living Off the Land","Tony Joe White","FEELING SNAKEY",00:04:30,track
"Nothing I Would Not Do","Tony Joe White","FEELING SNAKEY",00:04:53,track
"Panther Ridge","Tony Joe White","FEELING SNAKEY",00:05:46,track
"Taste Like Chicken","Tony Joe White","FEELING SNAKEY",00:05:06,track
"The Organic Shuffle","Tony Joe White","FEELING SNAKEY",00:05:35,track
Snow,"Alison Krauss",Arcadia,00:03:23,track
"The Wrong Way","Alison Krauss",Arcadia,00:03:34,track
"Superlover feat. Annie Lennox","Allison Russell",Unknown,00:05:13,track
"When You Met Me","Liz Stringer","The Second High",00:05:54,track
Oklahoma,"Lydia Loveless",Unknown,00:03:03,track
"This Train","Sweet Megg","Never Been Home",00:03:37,track
"California Dreamin'",TarantinosNYC,"Once Upon A Time In...a Surf, Soul, Spy, Spaghetti Western - 2025",00:02:56,track
Thursday,Morphine,"The Best Of Morphine 1992-1995",00:03:28,track
"You Look Like Rain",Morphine,Good,00:03:39,track
"Riders On The Storm",Rock'N'Hall,"Léo Benmass - Origins",00:04:53,track
"Bridge and Tunnel (Dance With Me)","Sweet Megg","Never Been Home",00:04:00,track
"Understated Overlooked","The Grizzly Addams","10 Print ""Why?""",00:03:45,track
"Break My Heart","The McCharmlys","You'll Be Fine / Break My Heart",00:02:41,track
"You'll Be Fine","The McCharmlys","You'll Be Fine / Break My Heart",00:02:41,track
"Lana Turner Sunset","The Reverbivores","The Road To Polihale",00:03:03,track
"Memory You Never Lived",coma.fm,Unknown,00:00:32,track
Mistica,"Cliff Jetson and His Mirage Men","Sotol Vista",00:03:27,track
"Moorea Mon Amour","Frankie and the Pool Boys","Endless Drummer",00:02:16,track
"Walk Away Renee","Frankie and the Pool Boys","Endless Drummer",00:02:21,track
"Robert Does Not Surf",Froghat,"Odd Times on Lakeshore Drive",00:03:24,track
"Take It On","Georgia Harmer","Eye of the Storm",00:04:52,track
"A Coastal Town","Grey Delisle","The Grey Album",00:03:17,track
"Convince Me","Grey Delisle","The Grey Album",00:02:35,track
"Didn't We Try","Grey Delisle","The Grey Album",00:01:58,track
"Daddy Can You Fix a Broken Heart","Grey Delisle","The Grey Album",00:02:54,track
"Who To Love","Grey Delisle","The Grey Album",00:02:54,track
"Every Burden","Half Deaf Clatch","Outsider Blues",00:04:14,track
"Is Today The Day?","Half Deaf Clatch","Outsider Blues",00:04:31,track
"On The Run","Jenny Don't and the Spurs","On The Run / Dreamless Sleep (Roselit Bone)",00:03:49,track
"Let's Pivot","Kaw Tikis",Amerikawna,00:03:16,track
"Strange Currencies","Louisa Stancioff",Unknown,00:03:24,track
Yihaw,"Los Fuckin´ Surfer Smokers",Unknown,00:03:10,track
"Bo Lamkin","Marissa Nadler and Milky Burgess","The Bloody Gardener",00:05:06,track
"Omie Wise","Marissa Nadler and Milky Burgess","The Bloody Gardener",00:04:19,track
"And So It Goes","Mattie Schell","Everything Means Nothing",00:04:30,track
Anniversary,"Mattie Schell","Everything Means Nothing",00:04:28,track
"Come Back To Me","Mattie Schell","Everything Means Nothing",00:05:03,track
"Everything Means Nothing","Mattie Schell","Everything Means Nothing",00:04:15,track
"Hard Times","Mattie Schell","Everything Means Nothing",00:04:41,track
"Is The Party Really Over?","Mattie Schell","Everything Means Nothing",00:05:50,track
"Highway Demon","P. Paul Fenech","Crazy Alice / Highway Demon",00:03:33,track
"Fortune Teller","Samantha Fish","Paper Doll",00:05:44,track
"Off In The Blue","Samantha Fish","Paper Doll",00:04:09,track
"Bone Pink","Say Sue Me 세이수미","Time is Not Yours",00:03:36,track
"Sweet Southern Sounds","Samantha Fish","Paper Doll",00:05:01,track
"Sunday Morning Paper","Slow Motion Cowboys","Wolf of St. Elmo",00:02:50,track
"Ollie's Point","The Wild Heart Revival","Surf Instrumentals",00:01:57,track
"Wonders Of La Mer","The Wild Heart Revival","Surf Instrumentals",00:02:06,track
"Black Betty","Thee Scarecrows AKA","Born Dead",00:03:26,track
"Wash The Frog","Thee Scarecrows AKA","Born Dead",00:02:01,track
"It Must be Love","Tony Joe White",Eyes,00:02:51,track
"Hold on to Your Hiney","Tony Joe White",Eyes,00:03:37,track
"Rainy Day Lover","Tony Joe White",Eyes,00:03:25,track
"Soulful Eyes","Tony Joe White",Eyes,00:03:45,track
"Making Love is Good for You","Tony Joe White",Eyes,00:03:15,track
"Suzie Q","Tony Joe White",Eyes,00:02:57,track
"Swamp Boogie","Tony Joe White",Eyes,00:03:17,track
"Texas Woman","Tony Joe White",Eyes,00:02:58,track
"That Loving Feeling","Tony Joe White",Eyes,00:04:07,track
"We'll Live on Love","Tony Joe White",Eyes,00:03:28,track
"You Are Loved by Me","Tony Joe White",Eyes,00:03:37,track
"You Taught Me How To Love","Tony Joe White",Eyes,00:04:12,track
"Don't Let Go",Ukulena,"Don't Let Go",00:04:25,track
"Down In The Dust","Whiskey Daredevils","Fast And Furious",00:04:39,track
Breakers,"Waikiki Makaki",Unknown,00:02:18,track
"Hard Workin' Man","Brenda Janz","Way of Life",00:03:42,track
"Theme From Zombies De Lamoure","Dr Surf","Surf-Spy-Spaghetti-Instro Vol. 19",00:02:47,track
"Theme From Dr. No","The Playboys",Unknown,00:02:09,track
"Tube City","The Trashmen",Unknown,00:03:19,track
"Ravin' Blue","The Ventures",Unknown,00:02:12,track
"Summertime Blues","The Ventures",Unknown,00:03:02,track
"Last Ride","The Bambi Molesters","In Sonic Bullets",00:03:12,track
"Ice & Pinewood Trees","The Bambi Molesters","In Sonic Bullets",00:03:10,track
"Theme From Slaying Beauty","The Bambi Molesters","In Sonic Bullets",00:03:52,track
"Lonesome Undertaker","The Ghastly Ones","A-Haunting We Will Go-Go",00:02:36,track
"I Know You (part II)",Morphine,Good,00:02:46,track
"The Night",Morphine,"The Best Of Morphine 1992-1995",00:04:51,track
Whisper,Morphine,"The Best Of Morphine 1992-1995",00:03:30,track
"Night Train","Buddy Morrow","Completely Jazz...Noir! CD1",00:03:06,track
"French Quarter","Alex North","Completely Jazz...Noir! CD1",00:02:21,track
"The Street","Elmer Bernstein","Completely Jazz...Noir! CD1",00:02:39,track
"Stop And Go (Main Theme)","Kenyon Hopkins","Completely Jazz...Noir! CD1",00:01:52,track
"Caper At The Coffee House","Warren Barker","Completely Jazz...Noir! CD1",00:02:08,track
"Four Deuces","Alex North","Completely Jazz...Noir! CD2",00:03:04,track
"Staccato's Theme","Buddy Morrow","Completely Jazz...Noir! CD2",00:02:56,track
"Harlem Nocturne","Duke Ellington","Completely Jazz...Noir! CD2",00:02:50,track
"Ballad For Bernt","Krzysztof Komeda","Completely Jazz...Noir! CD2",00:02:05,track
"Sur I'autoroute","Miles Davis","Completely Jazz...Noir! CD2",00:02:41,track
"All The Things You Are","Dizzy Gillespie","Odyssey 1945-1952",00:02:50,track
"Anatomy Of A Murder (Main Theme)","Duke Ellington","Completely Jazz...Noir! CD3",00:03:55,track
"(Get Your Kicks on) Route 66","Bobby Troup","Lux and Ivy Dig Crime Jazz (Film Noir Grooves and Dangerous Liasons)",00:03:17,track
Floozie,"Alex North","Lux and Ivy Dig Crime Jazz (Film Noir Grooves and Dangerous Liasons)",00:04:29,track
"Staccato's Theme","Elmer Bernstein","Lux and Ivy Dig Crime Jazz (Film Noir Grooves and Dangerous Liasons)",00:02:54,track
"After Sunset","Frankie Ortega And Sy Oliver","Lux and Ivy Dig Crime Jazz (Film Noir Grooves and Dangerous Liasons)",00:02:26,track
"A Quiet Gass","Henry Mancini","Lux and Ivy Dig Crime Jazz (Film Noir Grooves and Dangerous Liasons)",00:03:05,track
"Two Hour Honeymoon","Paul Hampton","Lux and Ivy Dig Crime Jazz (Film Noir Grooves and Dangerous Liasons)",00:03:12,track
"Harlem Nocturne","Warren Barker","Lux and Ivy Dig Crime Jazz (Film Noir Grooves and Dangerous Liasons)",00:03:18,track
Gunslinger,"Davie Allan & The Arrows","Fuzz Fest",00:02:58,track
Helldorado,"Davie Allan & The Arrows","Fuzz Fest",00:03:18,track
"Roswell, N.M.","Davie Allan & The Arrows","Fuzz Fest",00:04:05,track
"Hook Line & Sinker","Howard Rickard & The Pale Riders","Hook,Line,&Sinker",00:04:30,track
"Judgment Day","Howard Rickard & The Pale Riders","Hook,Line,&Sinker",00:02:57,track
"Alabama Girl","Howard Rickard & The Pale Riders","Hook,Line,&Sinker",00:03:55,track
"Please Don't Wake Me","Howard Rickard & The Pale Riders","Hook,Line,&Sinker",00:02:14,track
"My True Love (Heaven Bound)","Howard Rickard & The Pale Riders","Hook,Line,&Sinker",00:02:16,track
"Race with the Devil","Howard Rickard & The Pale Riders","Hook,Line,&Sinker",00:03:55,track
Streamliner,"Howard Rickard & The Pale Riders","Hook,Line,&Sinker",00:02:42,track
"Ramblin' Man","Howard Rickard & The Pale Riders","Hook,Line,&Sinker",00:02:15,track
"Willy Macbride","Howard Rickard & The Pale Riders","Hook,Line,&Sinker",00:03:50,track
"As the Waters Cover the Sea","Nick Cave And The Bad Seeds","Wild God",00:02:04,track
"Cinnamon Horses","Nick Cave And The Bad Seeds","Wild God",00:05:17,track
Conversion,"Nick Cave And The Bad Seeds","Wild God",00:05:18,track
"Final Rescue Attempt","Nick Cave And The Bad Seeds","Wild God",00:03:57,track
Frogs,"Nick Cave And The Bad Seeds","Wild God",00:04:34,track
"Long Dark Night","Nick Cave And The Bad Seeds","Wild God",00:03:33,track
"O Wow O Wow (How Wonderful She Is)","Nick Cave And The Bad Seeds","Wild God",00:04:34,track
"Song of the Lake","Nick Cave And The Bad Seeds","Wild God",00:03:37,track
Joy,"Nick Cave And The Bad Seeds","Wild God",00:06:13,track
"Wild God","Nick Cave And The Bad Seeds","Wild God",00:05:19,track
"About You","Cicada Rhythm","Magic State",00:02:59,track
"The Heart Won't Be Denied","Colin Devlin","Democracy Of One",00:04:26,track
"Color Wheel","Esther Rose",Want,00:04:03,track
"Had To","Esther Rose",Want,00:04:12,track
"Rescue You","Esther Rose",Want,00:04:23,track
"tailspin (ft. Video Age)","Esther Rose",Want,00:03:38,track
"The Clown","Esther Rose",Want,00:03:56,track
Want,"Esther Rose",Want,00:04:58,track
"Shoot The Moon","Ethan Luck",Unknown,00:03:42,track
"Only Daughter","I’m With Her","Wild and Clear and Blue",00:04:32,track
"Jivin' Jim","Jane Rose and The Deadends","Didn't Know The Devil",00:02:14,track
"Shadow of Lately","Kassi Valazza","From Newman Street",00:04:11,track
Cicadas,"Ken Pomeroy","Cruel Joke",00:04:06,track
Coyote,"Ken Pomeroy","Cruel Joke",00:03:50,track
Pareidolia,"Ken Pomeroy","Cruel Joke",00:02:21,track
Y2K0Y,"Mel Bryant & the Mercy Makers","Every God Forsaken Morning",00:03:37,track
"Are You Coming Home","Howard Rickard & The Pale Riders",Bloodline,00:03:38,track
"About Ready to Go","Howard Rickard & The Pale Riders",Bloodline,00:03:56,track
Bloodline,"Howard Rickard & The Pale Riders",Bloodline,00:03:54,track
"Leaving This Town","Howard Rickard & The Pale Riders",Bloodline,00:03:08,track
"Country Girl","Howard Rickard & The Pale Riders",Bloodline,00:03:02,track
"Lullaby #2 (The Cradle Song)","Howard Rickard & The Pale Riders",Bloodline,00:03:11,track
Manhunt,"Howard Rickard & The Pale Riders",Bloodline,00:04:17,track
"Scatter My Ashes (Anywhere but Utah)","Howard Rickard & The Pale Riders",Bloodline,00:03:49,track
"Own Sweet Way","Howard Rickard & The Pale Riders",Bloodline,00:04:32,track
Tennessee,"Howard Rickard & The Pale Riders",Bloodline,00:03:44,track
"They Shut the Day","Howard Rickard & The Pale Riders",Bloodline,00:04:04,track
"Wishful Thinking","Carolyn Wonderland","Truth Is",00:04:16,track
"It Might Be Raining","Dan Mangan","Natural Light",00:05:42,track
"Closer Tonight","Grant-Lee Phillips","In the Hour of Dust",00:03:49,track
Canberra,"Sweet Megg","Never Been Home",00:04:20,track
"Head on the Wheel","Sweet Megg","Never Been Home",00:03:42,track
Selfish,"Sweet Megg","Never Been Home",00:05:17,track
"I Ain't Nuthin' But A Gorehound","The Cramps","Greatest Hits",00:03:14,track
"Mama Oo Pow Pow","The Cramps","Greatest Hits",00:02:35,track
"What's Inside A Girl","The Cramps","Greatest Hits",00:03:22,track
"She Said","The Cramps","Greatest Hits",00:05:17,track
"Make A Circuit With Me",Polecats,Unknown,00:02:54,track
"Marie Celeste",Polecats,Unknown,00:02:53,track
"Big Road Blues","Lubos Bena & Bonzo Radvanyi","Nemám Hlad, Nemám Smäd (LL)",00:02:50,track
"Diving Duck","Lubos Bena & Bonzo Radvanyi","Nemám Hlad, Nemám Smäd (LL)",00:03:21,track
"I Had A Battle With My Whiskey Bottle","Lubos Bena & Bonzo Radvanyi","Nemám Hlad, Nemám Smäd (LL)",00:03:13,track
"Drinking Blues","Lubos Bena & Bonzo Radvanyi","Nemám Hlad, Nemám Smäd (LL)",00:03:35,track
"I Love To Live My Life Today","Lubos Bena & Bonzo Radvanyi","Nemám Hlad, Nemám Smäd (LL)",00:02:11,track
"Nemám Hlad, Nemám Smäd","Lubos Bena & Bonzo Radvanyi","Nemám Hlad, Nemám Smäd (LL)",00:02:25,track
"Stop Drinking That Wine","Lubos Bena & Bonzo Radvanyi","Nemám Hlad, Nemám Smäd (LL)",00:02:25,track
"She's About A Mover","Lubos Bena & Bonzo Radvanyi","Nemám Hlad, Nemám Smäd (LL)",00:03:55,track
"Talkative Woman","Lubos Bena & Bonzo Radvanyi","Nemám Hlad, Nemám Smäd (LL)",00:02:45,track
"Zda Se, Ze Koncim","Lubos Bena & Bonzo Radvanyi","Nemám Hlad, Nemám Smäd (LL)",00:03:28,track
"The King Of The Blues","Lubos Bena & Bonzo Radvanyi","Nemám Hlad, Nemám Smäd (LL)",00:03:33,track
"Travelling Blues","Lubos Bena & Bonzo Radvanyi","Nemám Hlad, Nemám Smäd (LL)",00:02:48,track
"Letter Full Of Tears","Rollo Brothers","Neo Rockabilly Story (Part 3)",00:03:12,track
"After the Fall","Chelsea Wolfe",Abyss,00:05:36,track
"One More Year To Go","Jolanda & The Bellhops","Neo Rockabilly Story (Part 6)",00:01:59,track
"Crazy Love","Chelsea Wolfe",Abyss,00:03:34,track
"It's The Rock",Alphabets,"Neo Rockabilly Story (Part 5)",00:03:04,track
"Medicine Man",Hangmen,"Neo Rockabilly Story (Part 5)",00:02:50,track
Autumn,"Chelsea Wolfe","Soundtrack VHS / Gold",00:02:38,track
Trampcat,"Wendy's Tube","Neo Rockabilly Story (Part 5)",00:03:41,track
"Girls on Film","Nouvelle Vague","Should I Stay or Should I Go? (Deluxe Edition)",00:03:27,track
"Do You Really Want To Hurt Me","Nouvelle Vague","Should I Stay or Should I Go? (Deluxe Edition)",00:04:05,track
"Only You","Nouvelle Vague","Should I Stay or Should I Go? (Deluxe Edition)",00:02:14,track
Rapture,"Nouvelle Vague","Should I Stay or Should I Go? (Deluxe Edition)",00:04:54,track
"Should I Stay or Should I Go?","Nouvelle Vague","Should I Stay or Should I Go? (Deluxe Edition)",00:03:17,track
"Сакс на Саксаганського","REMEZ & Sestra Blyznyuchka","Сакс на Саксаганського",00:03:12,track
"County Line","Kristina Train","County Line",00:03:49,track
"Nothing Really Ends","Joyce Prescher with Lachlan Bryan",Unknown,00:05:31,track
"Strangers / Lovers","Caitlin Canty","Night Owl Envies the Mourning Dove",00:04:08,track
Elizabeth,"Marc Ribot","Map of a Blue City",00:02:12,track
"Death of a Narcissist","Marc Ribot","Map of a Blue City",00:04:42,track
"Daddy's Trip to Brazil","Marc Ribot","Map of a Blue City",00:03:53,track
"For Celia","Marc Ribot","Map of a Blue City",00:04:11,track
"Say My Name","Marc Ribot","Map of a Blue City",00:04:01,track
"Map of a Blue City","Marc Ribot","Map of a Blue City",00:06:24,track
"When the World's on Fire","Marc Ribot","Map of a Blue City",00:04:34,track
"Sometime Jailhouse Blues","Marc Ribot","Map of a Blue City",00:06:25,track
"Out Of Nowhere","Charlie Parker","Jazz Masters",00:04:08,track
"That Ole Devil Called Love","Chet Baker","Baker's Holiday",00:03:18,track
"Prisoner Of Love","Coleman Hawkins & Ben Webster","Coleman Hawkins Encounters Ben Webster (Expanded Edition)",00:04:13,track
"These Foolish Things (remind Me Of You)","Chet Baker","Chet In Paris: Everything Happens To Me - The Complete Barclay Recording Vol. 2",00:04:42,track
Tangerine,"Coleman Hawkins & Ben Webster","Coleman Hawkins Encounters Ben Webster (Expanded Edition)",00:05:21,track
"Like Someone In Love","John Coltrane","Lush Life",00:04:58,track
"I Waited For You","Miles Davis","Volume 2 (Vol. 2)",00:03:29,track
"Old Folks","Miles Davis & Hank Mobley & Wynton Kelly & Paul Chambers & Jimmy Cobb","Someday My Prince Will Come",00:05:14,track
"Something I Dreamed Last Night","Miles Davis Quintet","Steamin' [Rudy Van Gelder edition]",00:06:12,track
"Indian Summer","Coleman Hawkins","Wrapped Tight",00:05:02,track
"My Funny Valentine","Gerry Mulligan","Les Plus Grands Moments Du Jazz",00:04:06,track
"I've Grown Accustomed To Your Face ","Sonny Rollins Quintet","Plays For Bird (RVG Remaster)",00:04:52,track
Ballad,"Stan Getz & Gerry Mulligan","Getz Meets Mulligan In Hi-Fi",00:05:46,track
"You Turned The Tables On Me","Stan Getz","Stan Getz Plays",00:02:57,track
Soultrane,"Tadd Dameron & John Coltrane","Mating Call [RVG Remaster]",00:05:21,track
"Hillbillies On Speed","Hillbilly Hellcats","Rev it up with Taz",00:02:33,track
"Devils Daughter",Krewmen,"Into the Tomb",00:02:44,track
"Nine Lives","Mad Sin","25 Years - Still Mad",00:04:04,track
"White Trash","Hillbilly Hellcats","Early Daze (Remastered)",00:01:57,track
"Black Kane",Restless,"Seconds Out",00:02:48,track
"Drinking Gasoline","The Baboons","Boogie Curse",00:02:55,track
Spellbound,"The Deltas","Nervous 45rpm Collection",00:02:26,track
"Psycho For Your Love","The Meteors","The Lost Album",00:02:53,track
"My Love For Evermore","The Hillbilly Moon Explosion & Mark 'Sparky' Philips","Buy, Beg or Steal",00:03:24,track
"Cramp Stomp","The Cramps","Big Beat from Badsville",00:03:25,track
"Cornfed Dames","The Cramps","A Date with Elvis",00:05:27,track
"Voodoo Rhythm","The Meteors","Best Of...",00:02:28,track
"Wrecking Crew","The Meteors","Kings of Psychobilly ~ a 5 Disc Career",00:02:29,track
"Me And Clyde","The Psychobilly Kadillaks","Down Inside The Bottle",00:02:45,track
"Bales Of Cocaine","The Reverend Horton Heat","The Full Custom Gospel Sounds Of . . .",00:02:12,track
"Psychobilly Freakout","The Reverend Horton Heat","Smoke 'em if You Got 'em",00:02:39,track
"Take A Razor To Your Head - 93 Version","The Sharks","Ruff Stuff",00:01:52,track
"Cannibal Family","The Wolfgangs","Shout With the Devil",00:03:28,track
"Please Tell Me","The Silver Shine","Hold Fast",00:03:17,track
"Winter's Going","Bonnie Dobson","Bonnie Dobson",00:02:41,track
"I Gave You","Bonnie Prince Billy & Matt Sweeney",Superwolf,00:02:39,track
"Tombstone Blues","Bob Dylan","Highway 61 Revisited",00:05:56,track
Katherine,"Candle & Kevin Coons","The River You Drink From Will Drown You",00:04:51,track
"She Always Loved You","Lamb's Ear","I Know She's My Friend",00:04:41,track
"Red Right Hand","Nick Cave & The Bad Seeds","Let Love In",00:06:11,track
"Down By The Water","PJ Harvey","To Bring You My Love",00:03:15,track
"Say Valley Maker",Smog,"A River Ain't Too Much To Love",00:05:10,track
Arlene,"The Handsome Family",Odessa,00:03:38,track
"Hoist That Rag","Tom Waits","Real Gone (Remastered)",00:04:08,track
"Satan Your Kingdom Must Come Down","Willie Nelson","Country Music",00:03:20,track
Nitrus,"Dick Dale","Calling Up Spirits",00:03:30,track
Nitro,"Dick Dale","Tribal Thunder",00:03:20,track
Misirlou,"Dick Dale","Surfer´s Paradise, Vol.1",00:02:16,track
"Peter Gunn","Duane Eddy","Especially for You",00:02:31,track
"Rebel Rouser","Duane Eddy","Twangin' The Golden Hits",00:02:34,track
"Night Dive","Killer Tone Jones","Sharknado Apocalypse EP",00:03:24,track
Rumble,"Link Wray","Link Wray",00:02:26,track
"Woo Hoo","The 5.6.7.8's","Bomb The Rocks: Early Days Singles 1989-1996",00:02:02,track
"Hawaii Five-o","The Ventures","Hawaii Five-O",00:01:54,track
Wipeout,"The Ventures","60s Rock Instrumental Collection, Vol. 2",00:03:54,track
"Angel Of The Morning","Broken Paths","Country Music Hits 80'S 90'S",00:03:30,track
"Are You Lonesome Tonight","Elvis Presley","Elvis' Golden Records, Vol. 3",00:03:07,track
Jolene,"Kate Wingfield","Sand Footprints",00:02:36,track
"Be A Simple Kind Of Man","Monica Lopez","Everything About the Silence",00:05:30,track
"Take Five","Eliane Elias","Light My Fire",00:05:13,track
"Wild Horses","Bishop Briggs","Wild Horses (Acoustic)",00:03:09,track
"East Tennessee","Ellie Benn","East Tennessee",00:02:50,track
"I Wanna Remember","Ellie Strong & Kyle Addison","I Wanna Remember",00:03:20,track
"Medicine Man","Elles Bailey","Medicine Man (Acoustic)",00:03:26,track
"Pitchin' Fits","Drayton Farley","A Hard up Life",00:03:47,track
"Front Porch","Joy Williams","Front Porch",00:03:52,track
"The Time I've Wasted","Lori McKenna","Numbered Doors",00:03:33,track
Bluebird,"Miranda Lambert","Bluebird (Acoustic)",00:03:41,track
"Through Your Eyes","Morgan Wade & OurVinyl","Through Your Eyes (OurVinyl Sessions)",00:03:15,track
"The Night","Morgan Wade & OurVinyl","The Night (OurVinyl Sessions)",00:04:30,track
"Cowboy Take Me Away","Sarah Darling","Cowboy Take Me Away (The Campfire Sessions)",00:04:28,track
"Where You Are","Tenille Townes","Living Room Worktapes",00:04:04,track
¡ghostbusters!,"Los Straitjackets","Mondo Zombie Boogaloo",00:02:39,track
"The Ghoul On The Hill","Los Straitjackets","Mondo Zombie Boogaloo",00:02:25,track
"Green Chilli","Satan's Pilgrims","Plymouth Rock",00:03:07,track
"Personal Jesus","Los Banditos","Further Beyond The Sea",00:03:20,track
"Wicked Game","The Expendables","Pleasure Point",00:03:53,track
"Surfin' With The Mountain King","The Surf Trio","Forbidden Sounds",00:01:47,track
"Between The Dirt And The Stars","Mary Chapin Carpenter","The Dirt and the Stars",00:07:43,track
"Unknown Legend","Shovels & Rope & Shakey Graves","Busted Jukebox, Volume 1",00:04:29,track
"The Imperial","The Delines","The Imperial",00:05:23,track
"I’ll Be Your Mirror","Courtney Barnett","I’ll Be Your Mirror: A Tribute to The Velvet Underground & Nico",00:02:28,track
"The Black Angel’s Death Song","Fontaines D.C.","I’ll Be Your Mirror: A Tribute to The Velvet Underground & Nico",00:03:12,track
"Venus In Furs","Andrew Bird & Lucius","I’ll Be Your Mirror: A Tribute to The Velvet Underground & Nico",00:06:56,track
"I’m Waiting For The Man","Matt Berninger","I’ll Be Your Mirror: A Tribute to The Velvet Underground & Nico",00:03:44,track
"Sunday Morning","Michael Stipe","I’ll Be Your Mirror: A Tribute to The Velvet Underground & Nico",00:03:50,track
"There She Goes Again","King Princess","I’ll Be Your Mirror: A Tribute to The Velvet Underground & Nico",00:03:29,track
"Run Run Run","Kurt Vile","I’ll Be Your Mirror: A Tribute to The Velvet Underground & Nico",00:07:00,track
"All Tomorrow’s Parties","St. Vincent & Thomas Bartlett","I’ll Be Your Mirror: A Tribute to The Velvet Underground & Nico",00:04:52,track
"Femme Fatale","Sharon Van Etten","I’ll Be Your Mirror: A Tribute to The Velvet Underground & Nico",00:04:43,track
Heroin,"Thurston Moore & Bobby Gillespie","I’ll Be Your Mirror: A Tribute to The Velvet Underground & Nico",00:07:24,track
"Noire Clarinet","Andrew Hale","L.a. Noire Official Soundtrack",00:02:34,track
"Main Theme","Andrew Hale","L.a. Noire Official Soundtrack",00:03:05,track
"The Bookhouse Boys - Instrumental","Angelo Badalamenti","Soundtrack From Twin Peaks",00:03:30,track
"Main Title (from ""taxi Driver"")","Bernard Herrmann","Taxi Driver",00:02:15,track
"Dear Kathy","Benny Golson","Turning Point",00:04:49,track
"The Pine Float","Angelo Badalamenti","Twin Peaks: Fire Walk With Me - Soundtrack",00:04:04,track
"Theme From Twin Peaks - Fire Walk With Me","Angelo Badalamenti","Twin Peaks: Fire Walk With Me - Soundtrack",00:06:46,track
Karin,"Bohren & Der Club Of Gore",Dolores,00:03:38,track
"Black City Skyline","Bohren & Der Club Of Gore","Sunset Mission",00:05:51,track
"Sollen Es Doch Alle Wissen","Bohren & Der Club Of Gore","Sollen es doch Alle wissen",00:03:34,track
Prowler,"Bohren & Der Club Of Gore","Bohren For Beginners",00:05:04,track
"Constant Fear","Bohren & Der Club Of Gore","Black Earth",00:06:28,track
"Angel Eyes","Dr. Saxlove","Jazz Noir",00:03:12,track
"My Little Brown Book","Duke Ellington & John Coltrane & Billy Strayhorn","In Person",00:05:20,track
"La Chanson D'hélène","Jacky Terrasson & Stéphane Belmondo",Mother,00:03:45,track
"The New York City Ghost - Instrumental","Herbie Harper","Jazz In Hollywood",00:03:37,track
"Jeannie Flashback","Lolita Ritmanis","Batman: The Killing Joke - Music From The DC Universe Original Movie",00:02:01,track
"'round Midnight","Miles Davis & John Coltrane & Red Garland & Paul Chambers & Philly Joe Jones","'Round About Midnight",00:05:55,track
"Blue Hector","Peter McConnell","Grim Fandango Remastered (Original Soundtrack)",00:01:59,track
Générique,"Miles Davis","Ascenseur pour l'échafaud",00:02:49,track
"Nuit Sur Les Champs-Élysées","Miles Davis","Ascenseur pour l'échafaud",00:02:26,track
"Club Nine","Nicolas Godin",Contrepoint,00:02:47,track
Godfather,"Raul Midón & Terence Blanchard","She Hate Me (Music from the Motion Picture)",00:02:24,track
"Gumshoe Blues","Paul Pritchard","Film Noir",00:03:07,track
Peepshow,Pram,"Dark Island",00:03:29,track
"Koto Song","The Dave Brubeck Quartet","Jazz Impressions Of Japan",00:03:01,track
Giallo,"The Kilimanjaro Darkjazz Ensemble","From the Stairwell",00:06:02,track
"Marlowe's Theme","Putte Wickman","We Will Always Be Together",00:05:17,track
"One More Kiss, Dear",Vangelis,"Blade Runner (Music From The Original Soundtrack)",00:04:00,track
"Sharbat Gula","The Kilimanjaro Darkjazz Ensemble","Here Be Dragons",00:05:48,track
"Devil Heart","André Charlier & Daniel Diaz","Film Noir",00:02:26,track
"Don't Do Anything (i Wouldn't Do)","Angelo Badalamenti","Twin Peaks: Fire Walk With Me - Soundtrack",00:07:21,track
"What's New","Bobby Jaspar & Tommy Flanagan & Elvin Jones & Eddie Costa & Barry Galbraith & Milt Hinton & Osie Johnson",Clarinescapade,00:03:46,track
Afterglow,"Bob Sneider & Joe Locke","Nocturne for Ava",00:05:59,track
"Don't Explain","Chet Baker","Baker's Holiday",00:03:26,track
"When You're Gone","Chet Baker","Stairway To The Stars",00:04:06,track
Nottambuli,Cazale,Nottambuli,00:05:43,track
"Same Old Song","Daniel Diaz","Swan Song",00:03:36,track
"Melancholy Serenade","Denis Solee","Blues In The Night",00:04:07,track
"Smokey Sax","Hollywood Trailer Music Orchestra","Film Noir: Vintage Cinema Classics",00:03:21,track
"Transparent City",Hypnobooster,Hypnobooster,00:03:48,track
"Main Title - From ""body Heat""","John Barry & Hollywood Bowl Orchestra & John Mauceri","Hollywood Nightmares",00:04:09,track
"Relentless Pursuit","John Greaves","Film Noir",00:01:43,track
"The Crimson Kiss","Johnny Jewel",Windswept,00:02:55,track
"The Cry Of My People","Lee Morgan","The Sixth Sense",00:05:24,track
"No Other Way","Mark Isham","The Black Dahlia",00:02:08,track
"Adaptation Of The Koto Song","The Kilimanjaro Darkjazz Ensemble","The Kilimanjaro Darkjazz Ensemble",00:03:59,track
"Aucun Cave","The Dale Cooper Quartet","Parole de Navarre",00:06:49,track
"Audrey's Dance","Dmitri Matheny","Jazz Noir",00:02:38,track
"Norwegian Horror Saga",Manet,Devour,00:05:20,track
Aperitif,"Kyle Eastwood & Dave Chamberlain & Matt Home","Songs from the Chateau",00:05:07,track
"Nachtwache, 15. September","Kammerflimmer Kollektief",Absencen,00:06:12,track
"L'assassinat De Carala - Bande Originale Du Film ""ascenseur Pour L'échafaud""","Miles Davis","Ascenseur pour l'échafaud",00:02:10,track
"One Scotch, One Bourbon, One Beer - Remastered","Amos Milburn","Black Music - Soul, Jazz & Blues (Remastered)",00:03:17,track
"Milk And Water","Amos Milburn","Down The Road Apiece -The Best Of Amos Milburn",00:03:11,track
"Sweet Georgia Brown","Alberta Hunter","Amtrak Blues",00:04:09,track
"Sixteen Tons","B.B. King","B.B. King Sings Spirituals",00:02:35,track
"I Can't Believe You're In Love With Me","Boilermaker Jazz Band","Give Me Your Telephone Number",00:03:52,track
Rhythm,"Casey MacGill & the Spirits of Rhythm",Jump,00:02:48,track
"Makin' Whoopee","Dinah Washington & Quincy Jones","Jazz Divas",00:02:27,track
"Swing! Brother, Swing!","Catherine Russell","Harlem On My Mind (Bonus Track Version)",00:02:35,track
Sermonette,"Earl Grant","Singin' & Swingin': The Best Of Earl Grant",00:02:42,track
"If I Knew You Were Comin' I'd've Baked A Cake","Eileen Barton","They Can't Take That Away From Me / Jazz + Vol 8",00:02:40,track
"It Don't Mean A Thing (if It Ain't Got That Swing)","Duke Ellington & Louis Armstrong","The Complete Louis Armstrong - Duke Ellington Sessions",00:04:00,track
"The Dipsy Doodle","Ella Fitzgerald & Chick Webb","The Early Years - Part 1 (1935-1938)",00:03:11,track
"Solid As A Rock","Ella Fitzgerald","The Complete Decca Singles Vol. 4: 1950-1955",00:03:01,track
"I'm Beginning To See The Light","Ella Fitzgerald & Duke Ellington","Ella Fitzgerald: The Voice Of Jazz",00:03:28,track
"Too Darn Hot","Ella Fitzgerald","Ella Fitzgerald Sings The Cole Porter Songbook (Expanded Edition)",00:03:50,track
"Come By Me","Harry Connick, Jr.","Come By Me",00:04:01,track
"The Spinach Song","Julia Lee And Her Boyfriends","Kansas City's First Lady Of The Blues",00:03:00,track
"Half Tight Boogie","Jonathan Stout and his Campus Five & Hilary Alexander","Jammin' the Blues",00:03:13,track
Wham!!!,"Hot Sugar Band","Are You in Shape",00:03:16,track
"On Revival Day","LaVern Baker","La Vern Baker Sings Bessie Smith",00:03:12,track
"Bli Blip - Live","Lincoln Center Jazz Orchestra & Wynton Marsalis","Live In Swing City- Swingin' With Duke",00:03:16,track
"The Late, Late Show - Remastered","Nat King Cole","Count Basie & Friends 100th Birthday Bash",00:02:32,track
"I Was A Little Too Lonely (and You Were A Little Too Late) - 20-bit Mastering/1999 Digital Remaster","Nat King Cole","After Midnight: The Complete Session",00:03:02,track
"Take It Easy Greasy","Naomi & Her Handsome Devils","Naomi & Her Handsome Devils",00:03:46,track
Chick-chick-chick-a-dee,"Paula Watson","The Very Best Of",00:02:19,track
"I Fell In Love With New Orleans","O Sister!","Stompin' in Joy",00:05:44,track
"Why Don't You Do Right (get Me Some Money Too) - Remastered 1998","Peggy Lee","The Best Of Miss Peggy Lee",00:02:28,track
"Choko Mo Feel No Hey","Preservation Hall Jazz Band","New Orleans Preservation, Vol. 1",00:03:25,track
"Shake That Thing","Preservation Hall Jazz Band","Shake That Thing",00:06:30,track
"Short Dressed Gal","Preservation Hall Jazz Band","New Orleans Preservation, Vol. 1",00:02:39,track
"Tu Vuo Fa 'l'americano - From ""the American"" Soundtrack","Renato Carosone","Renato Carosone: Solo Grandi Successi",00:03:29,track
"Love Me Or Leave Me","Sammy Davis Jr.",Five,00:02:58,track
"Bei Mir Bist Du Schon (means That You're Grand)","The Andrews Sisters","Capitol Collectors Series",00:03:04,track
"Joshua Fit De Battle Of Jericho","Sidney Bechet","Runnin' Wild",00:03:22,track
"Rum & Coca Cola","The Andrews Sisters","The Andrews Sisters Greatest Hits",00:03:09,track
"It Ain't The Meat","The Swallows","A-Z: Kitty Daisy & Lewis - 'The Roots of Rock 'n' Roll'",00:02:37,track
"Bright Lights Late Nights","The Speakeasies' Swing Band!","Bathtub Gin",00:04:30,track
"Swingin' On Nothing","Tommy Dorsey","Swing Party by Bart & Baker",00:03:15,track
"I Istoria Tou Zormpa (zormpas' Story)","The Speakeasies' Swing Band!","Bathtub Gin",00:05:06,track
"Hot Lips","Wilbur De Paris","New New Orleans Jazz",00:04:55,track
"Shake It And Break It","Andrew Bird & Preservation Hall Jazz Band","An Album To Benefit Preservation Hall & The Preservation Hall Music Outreach Program",00:03:11,track
Ménilmontant,Ainda,Uno,00:03:26,track
"Heebie Jeebies","Bobby Short","The Mad Twenties",00:02:43,track
Splanky,"Count Basie","The Atomic Mr Basie",00:03:37,track
"Mon Fantôme","Baptiste Trotignon & Melody Gardot & Miossec","Song, Song, Song",00:04:21,track
"Is You Is Or Is You Ain't My Baby?","Dinah Washington & Quincy Jones","The Complete Dinah Washington On Mercury Vol.5 (1956-1958)",00:03:00,track
"I'll Be Your Baby Tonight","Curtis Stigers","Real Emotional",00:04:01,track
"Let's Call The Whole Thing Off","Ella Fitzgerald & Louis Armstrong","Ella And Louis Again",00:04:12,track
"Tain't What You Do (it's The Way That You Do It)","Jimmie Lunceford","Lunceford Special",00:03:03,track
"In The Mood","Glenn Miller","Music Inspired By Fallout 3 & New Vegas",00:03:30,track
"My Man Stands Out","Julia Lee","The Very Best Of",00:02:10,track
"Shoo Fly Pie","Jonathan Stout and his Campus Five & Hilary Alexander","Jammin' the Blues",00:03:06,track
"Swingin' On Nothin'","Jonathan Stout and his Campus Five & Hilary Alexander","Jammin' the Blues",00:03:45,track
"Mack The Knife","Louis Armstrong","The Great American Songbook",00:03:22,track
"I Can't Give You Anything But Love","Naomi & Her Handsome Devils","Naomi & Her Handsome Devils",00:03:49,track
"L-o-v-e - Multilingual Version/2006 Digital Remaster","Nat King Cole","The Very Best Of Nat King Cole",00:02:35,track
"I Know How To Do It","Naomi & Her Handsome Devils","Naomi & Her Handsome Devils",00:03:32,track
"I've Got A Woman","Ray Charles","Ray Charles (aka: Hallelujah, I Love Her So)",00:02:52,track
"Careless Whisper","Scott Bradlee's Postmodern Jukebox & Dave Koz","Clubbin' With Grandpa",00:03:42,track
"Bedtime For Bix","Pearl Django & Lance Buller","New Metropolitan Swing",00:04:20,track
"Thrift Shop","Scott Bradlee's Postmodern Jukebox","Twist Is The New Twerk",00:03:01,track
"Stray Cat Strut","Stray Cats","Stray Cats",00:03:15,track
"You & Me & The Bottle Makes 3 Tonight (baby)","Big Bad Voodoo Daddy","Big Bad Voodoo Daddy",00:03:34,track
"Beyond The Sea","Bobby Darin","Music From And Inspired By Bioshock",00:02:52,track
"Juice Head Baby - Original","Cootie Williams And His Orchestra","Cootie Williams And His Orchestra Selected Hits Vol. 1",00:03:08,track
"One O'clock Jump","Count Basie Orchestra","Count Basie: The Collection",00:03:47,track
Whirly-bird,"Count Basie Orchestra","The Atomic Mr Basie",00:03:53,track
"Everybody Loves Somebody","Dean Martin","The Reprise Years",00:02:42,track
"You're Nobody 'til Somebody Loves You - 1997 - Remastered","Dean Martin","Dino: The Essential Dean Martin",00:02:14,track
"King Of The Road","Dean Martin","Dean Martin - That's Amore (International Version)",00:02:23,track
"New York, New York","Duke Ellington","New York New York 1970-72",00:02:49,track
Undecided,"Ella Fitzgerald & Chick Webb","Swingsation: Ella Fitzgerald With Chick Webb",00:03:19,track
"Rock It For Me","Ella Fitzgerald & Chick Webb","Ella Fitzgerald: The Voice Of Jazz",00:03:10,track
"When I Get Low I Get High","Ella Fitzgerald & Chick Webb","Swingsation: Ella Fitzgerald With Chick Webb",00:02:27,track
"Sway Lake - Big Band Version","Ethan Gold & The Staves","The Song of Sway Lake (Original Motion Picture Soundtrack)",00:02:13,track
"Quiet Nights Of Quiet Stars (corcovado)","Frank Sinatra & Antônio Carlos Jobim","Sinatra/Jobim: The Complete Reprise Recordings",00:02:45,track
"Tu Vuo' Fa L'americano - Vocal","Fiorello & Matt Damon & Jude Law","The Talented Mr. Ripley - Music from The Motion Picture",00:03:01,track
"Mr. Success","Frank Sinatra","Frank Sinatra: The Complete Capitol Singles Collection",00:02:43,track
"One For My Baby (and One More For The Road) - Remastered","Frank Sinatra","Ultimate Sinatra",00:04:24,track
"My Way","Frank Sinatra","Ultimate Sinatra",00:04:35,track
Personality,"Johnny Mercer & The Pied Pipers","Capitol Collectors Series",00:02:50,track
"There Will Never Be Another You","Lester Young & Oscar Peterson Trio","Lester Young With The Oscar Peterson Trio",00:03:26,track
"They Can’t Take That Away From Me","Louis Armstrong & Ella Fitzgerald","Louis Armstrong & Friends",00:04:31,track
Summertime,"Louis Armstrong & Ella Fitzgerald","Porgy And Bess",00:04:58,track
"I Wanna Be Loved By You (from ""some Like It Hot"")","Marilyn Monroe","Sus Años Dorados en España",00:03:01,track
"Love Me As Though There Were No Tomorrow - Remastered 2001","Nat King Cole","This Is Nat King Cole",00:02:36,track
"Saturday Night Fish Fry - Pts. 1 & 2","Louis Jordan & His Tympany Five","Classic Swing",00:05:25,track
Perhaps,"Oscar D'León","Big Band Classics",00:02:40,track
"Orange Coloured Sky","Nat King Cole","52 Original Recordings",00:02:34,track
"I Get The Blues When It Rains","Peggy Lee","Storyville Masters of Jazz - Vocal Vol. 1",00:03:56,track
"Spinning Wheel","Shirley Bassey","Playlist: The Best of Shirley Bassey",00:03:09,track
"One Mint Julep","Xavier Cugat & His Orchestra","Down with Love (Music from and Inspired by the Motion Picture)",00:03:06,track
"Autumn Leaves","Cal Tjader's Modern Mambo Quintet","Essential Classics, Vol. 826: Cal Tjader's Modern Mambo Quintet",00:02:50,track
Aquarius,"Cal Tjader's Modern Mambo Quintet","Essential Classics, Vol. 826: Cal Tjader's Modern Mambo Quintet",00:03:41,track
"Black Orchid","Cal Tjader's Modern Mambo Quintet","Essential Classics, Vol. 826: Cal Tjader's Modern Mambo Quintet",00:03:12,track
"Bye Bye Blues","Cal Tjader's Modern Mambo Quintet","Essential Classics, Vol. 826: Cal Tjader's Modern Mambo Quintet",00:03:00,track
Curacao,"Cal Tjader's Modern Mambo Quintet","Essential Classics, Vol. 826: Cal Tjader's Modern Mambo Quintet",00:06:16,track
"Cuban Fantasy","Cal Tjader's Modern Mambo Quintet","Essential Classics, Vol. 826: Cal Tjader's Modern Mambo Quintet",00:06:31,track
"East Of The Sun","Cal Tjader's Modern Mambo Quintet","Essential Classics, Vol. 826: Cal Tjader's Modern Mambo Quintet",00:03:03,track
"I'll Remember April","Cal Tjader's Modern Mambo Quintet","Essential Classics, Vol. 826: Cal Tjader's Modern Mambo Quintet",00:03:22,track
Elizete,"Cal Tjader's Modern Mambo Quintet","Essential Classics, Vol. 826: Cal Tjader's Modern Mambo Quintet",00:02:31,track
"Lover Come Back To Me","Cal Tjader's Modern Mambo Quintet","Essential Classics, Vol. 826: Cal Tjader's Modern Mambo Quintet",00:03:43,track
Invitation,"Cal Tjader's Modern Mambo Quintet","Essential Classics, Vol. 826: Cal Tjader's Modern Mambo Quintet",00:04:14,track
"For All We Know","Cal Tjader's Modern Mambo Quintet","Essential Classics, Vol. 826: Cal Tjader's Modern Mambo Quintet",00:05:44,track
Mamblues,"Cal Tjader's Modern Mambo Quintet","Essential Classics, Vol. 826: Cal Tjader's Modern Mambo Quintet",00:02:28,track
Lucero,"Cal Tjader's Modern Mambo Quintet","Essential Classics, Vol. 826: Cal Tjader's Modern Mambo Quintet",00:03:17,track
"Midnight Sun","Cal Tjader's Modern Mambo Quintet","Essential Classics, Vol. 826: Cal Tjader's Modern Mambo Quintet",00:03:58,track
"Samba De Orfeu","Cal Tjader's Modern Mambo Quintet","Essential Classics, Vol. 826: Cal Tjader's Modern Mambo Quintet",00:02:00,track
"Sonny Boy","Cal Tjader's Modern Mambo Quintet","Essential Classics, Vol. 826: Cal Tjader's Modern Mambo Quintet",00:02:37,track
Meditacao,"Cal Tjader's Modern Mambo Quintet","Essential Classics, Vol. 826: Cal Tjader's Modern Mambo Quintet",00:03:33,track
"Sigmund Stern Groove","Cal Tjader's Modern Mambo Quintet","Essential Classics, Vol. 826: Cal Tjader's Modern Mambo Quintet",00:04:40,track
"Viva Cepeda","Cal Tjader's Modern Mambo Quintet","Essential Classics, Vol. 826: Cal Tjader's Modern Mambo Quintet",00:03:43,track
Millworker,"Becky Buller",Unknown,00:03:34,track
"Muddy Waters","Becky Buller",Unknown,00:04:07,track
"Rocky Raccoon",Melanie,"Wow And Flutter",00:04:02,track
"The Air That I Breathe",Melanie,"Wow And Flutter",00:04:57,track
"The Long And Winding Road",Melanie,"Wow And Flutter",00:03:10,track
"We Can Work It Out",Melanie,"Wow And Flutter",00:03:39,track
"Ніч упаде",Zwyntar,"На іншому боці ріки",00:03:51,track
"Потяг на Південь",Zwyntar,"На іншому боці ріки",00:03:26,track
"Червона ріка",Zwyntar,"На іншому боці ріки",00:06:07,track
"Чоловік у чорному",Zwyntar,"На іншому боці ріки",00:05:10,track
"Контужений пес",REMEZ,"Контужений пес",00:04:56,track
"I Watch Your Sleep",Kaydash,"I Watch Your Sleep - Single",00:04:01,track
"A Sunday Kind Of Woman","Matt Monro","The Precious Moments: 1971-1984",00:02:42,track
"Love Theme From Twin Peaks","Angelo Badalamenti","Music From Twin Peaks",00:05:04,track
"Laura Palmer's Theme","Angelo Badalamenti","Music From Twin Peaks",00:04:52,track
"Night Streets","Angelo Badalamenti",Unknown,00:04:31,track
"Come On Let’s Go",Broadcast,"The Noise Made by People",00:03:17,track
"Twin Peaks Theme","Angelo Badalamenti","Twin Peaks (Limited Event Series Soundtrack)",00:05:05,track
"You Can Fall",Broadcast,"The Noise Made By People",00:04:25,track
Atlantis,"Les Baxter","Ultra-Lounge Vol. 1 - Mondo Exotica",00:02:17,track
Corporeal,Broadcast,"Tender Buttons",00:03:55,track
"The Ancient Galleon","Les Baxter","The Exotic Moods Of Les Baxter",00:03:17,track
"Fade Into You","Mazzy Star","So Tonight That I Might See",00:04:56,track
"Dream Baby Dream",Suicide,"Pop Muzik Ultimate Synth Pop",00:03:14,track
"Aloha From Hell","The Cramps","A Date With Elvis [Bonus Track",00:02:36,track
"I Had Too Much to Dream (Last Night)","The Electric Prunes","Then Came the Dawn: The Reprise Recordings 1966-1969",00:02:58,track
"Beacon Alignment Noise",coma.fm,Unknown,00:00:25,track
"Void Signal Residue",coma.fm,Unknown,00:00:30,track
"Antenna Drift Initiation",coma.fm,Unknown,00:00:20,track
"Lost Probe Distress Loop","coma. fm",Unknown,00:00:30,track
"Voyager Fragment Playback",coma.fm,Unknown,00:00:30,track
"Blue Spanish Sky","Chris Isaak","Best Of Chris Isaak",00:03:58,track
"I Only Have Eyes For You","The Flamingos","The Best of the Flamingos",00:03:20,track
"Audrey's Prayer","Angelo Badalamenti & David Lynch","Twin Peaks: Season Two Music And More",00:02:11,track
Barbershop,"Angelo Badalamenti & David Lynch","Twin Peaks: Season Two Music And More",00:01:26,track
"Cop Beat","Angelo Badalamenti & David Lynch","Twin Peaks: Season Two Music And More",00:01:56,track
Audrey,"Angelo Badalamenti & David Lynch","Twin Peaks: Season Two Music And More",00:02:27,track
"Blue Frank","Angelo Badalamenti & David Lynch","Twin Peaks: Season Two Music And More",00:05:12,track
"Drug Deal Blues","Angelo Badalamenti & David Lynch","Twin Peaks: Season Two Music And More",00:03:08,track
"Dark Mood Woods / The Red Room","Angelo Badalamenti & David Lynch","Twin Peaks: Season Two Music And More",00:09:01,track
"Half Heart","Angelo Badalamenti & David Lynch","Twin Peaks: Season Two Music And More",00:05:31,track
"High School Swing","Angelo Badalamenti & David Lynch","Twin Peaks: Season Two Music And More",00:01:52,track
"Harold's Theme","Angelo Badalamenti & David Lynch","Twin Peaks: Season Two Music And More",00:01:43,track
"Hayward Boogie","Angelo Badalamenti & David Lynch","Twin Peaks: Season Two Music And More",00:02:16,track
"Hook Rug Dance","Angelo Badalamenti & David Lynch","Twin Peaks: Season Two Music And More",00:02:25,track
"I'm Hurt Bad","Angelo Badalamenti & David Lynch","Twin Peaks: Season Two Music And More",00:02:31,track
"Just You","Angelo Badalamenti & David Lynch","Twin Peaks: Season Two Music And More",00:03:36,track
"Josie And Truman","Angelo Badalamenti & David Lynch","Twin Peaks: Season Two Music And More",00:04:32,track
"Love Theme Intro","Angelo Badalamenti & David Lynch","Twin Peaks: Season Two Music And More",00:02:22,track
"Love Theme Farewell","Angelo Badalamenti & David Lynch","Twin Peaks: Season Two Music And More",00:02:35,track
"Laura's Dark Boogie","Angelo Badalamenti & David Lynch","Twin Peaks: Season Two Music And More",00:05:02,track
"Night Bells","Angelo Badalamenti & David Lynch","Twin Peaks: Season Two Music And More",00:02:47,track
"New Shoes","Angelo Badalamenti & David Lynch","Twin Peaks: Season Two Music And More",00:03:48,track
Shelly,"Angelo Badalamenti & David Lynch","Twin Peaks: Season Two Music And More",00:02:18,track
"Untitled Track #2","Angelo Badalamenti & David Lynch","Twin Peaks: Season Two Music And More",00:01:16,track
"Grady Groove (feat. Grady Tate)","Angelo Badalamenti & Grady Tate","Twin Peaks (Limited Event Series Soundtrack)",00:01:40,track
"Untitled Track #1","Angelo Badalamenti & David Lynch","Twin Peaks: Season Two Music And More",00:02:41,track
"Packards' Vibration","Angelo Badalamenti & David Lynch","Twin Peaks: Season Two Music And More",00:02:39,track
"A Real Indication","Angelo Badalamenti","Twin Peaks: Fire Walk With Me - Soundtrack",00:05:37,track
"Audrey's Dance - Instrumental","Angelo Badalamenti","Soundtrack From Twin Peaks",00:05:18,track
"Best Friends","Angelo Badalamenti","Twin Peaks: Fire Walk With Me - Soundtrack",00:02:17,track
"Accident / Farewell Theme","Angelo Badalamenti","Twin Peaks (Limited Event Series Soundtrack)",00:03:13,track
"Audrey's Dance","Angelo Badalamenti","Twin Peaks (Limited Event Series Soundtrack)",00:05:28,track
"Dance Of The Dream Man - Instrumental","Angelo Badalamenti","Soundtrack From Twin Peaks",00:03:42,track
"Dark Mood Woods / The Red Room","Angelo Badalamenti","Twin Peaks (Limited Event Series Soundtrack)",00:05:43,track
"Deer Meadow Shuffle","Angelo Badalamenti","Twin Peaks (Limited Event Series Soundtrack)",00:04:34,track
"Freshly Squeezed - Instrumental","Angelo Badalamenti","Soundtrack From Twin Peaks",00:03:49,track
Heartbreaking,"Angelo Badalamenti","Twin Peaks (Limited Event Series Soundtrack)",00:04:11,track
"Laura Palmer's Theme - Instrumental","Angelo Badalamenti","Soundtrack From Twin Peaks",00:04:52,track
"Love Theme From Twin Peaks - Instrumental","Angelo Badalamenti","Soundtrack From Twin Peaks",00:05:04,track
"Laura Palmer's Theme - Love Theme From Twin Peaks","Angelo Badalamenti","Twin Peaks (Limited Event Series Soundtrack)",00:04:49,track
"Montage From Twin Peaks","Angelo Badalamenti","Twin Peaks: Fire Walk With Me - Soundtrack",00:05:30,track
"Night Life In Twin Peaks - Instrumental","Angelo Badalamenti","Soundtrack From Twin Peaks",00:03:27,track
"Moving Through Time","Angelo Badalamenti","Twin Peaks: Fire Walk With Me - Soundtrack",00:06:45,track
"The Black Dog Runs At Night","Angelo Badalamenti","Twin Peaks: Fire Walk With Me - Soundtrack",00:01:48,track
Night,"Angelo Badalamenti","Twin Peaks (Limited Event Series Soundtrack)",00:02:45,track
"The Pink Room","Angelo Badalamenti","Twin Peaks: Fire Walk With Me - Soundtrack",00:04:05,track
"Twin Peaks Main Theme - Edit","Angelo Badalamenti","Twin Peaks Theme (Main Titles)",00:01:29,track
"The Voice Of Love","Angelo Badalamenti","Twin Peaks: Fire Walk With Me - Soundtrack",00:03:53,track
"The Fireman","Angelo Badalamenti","Twin Peaks (Limited Event Series Soundtrack)",00:07:14,track
"Twin Peaks Theme - Instrumental","Angelo Badalamenti","Soundtrack From Twin Peaks",00:05:10,track
"Green Onions","Booker T. & The MG's","Twin Peaks (Music from the Limited Event Series)",00:02:53,track
Lark,"Au Revoir Simone","Twin Peaks (Music from the Limited Event Series)",00:04:16,track
Shadow,Chromatics,"Twin Peaks (Music from the Limited Event Series)",00:03:45,track
"Sycamore Trees","Jimmy Scott","Twin Peaks: Fire Walk With Me - Soundtrack",00:03:53,track
"Windswept - Reprise","Johnny Jewel","Twin Peaks (Limited Event Series Soundtrack)",00:03:54,track
Falling,"Julee Cruise","Floating Into The Night",00:05:22,track
"Into The Night","Julee Cruise","Soundtrack From Twin Peaks",00:04:44,track
"Questions In A World Of Blue","Julee Cruise","The Voice Of Love",00:04:48,track
"The Nightingale","Julee Cruise","Floating Into The Night",00:04:56,track
"The Voice Of Love","Julee Cruise","The Voice Of Love",00:03:14,track
"She Would Die For Love","Julee Cruise","The Voice Of Love",00:06:07,track
"Wild West - Roadhouse Mix",Lissie,"Twin Peaks (Music from the Limited Event Series)",00:03:39,track
"I've Been Loving You Too Long - Live From The Monterey Pop Festival, 1967","Otis Redding","Twin Peaks (Music from the Limited Event Series)",00:04:09,track
"She's Gone Away","Nine Inch Nails","Twin Peaks (Music from the Limited Event Series)",00:06:00,track
"No Stars","Rebekah Del Rio","Twin Peaks (Music from the Limited Event Series)",00:07:21,track
Mississippi,"The Cactus Blossoms","Twin Peaks (Music from the Limited Event Series)",00:04:02,track
"Tarifa - Roadhouse Mix","Sharon Van Etten","Twin Peaks (Music from the Limited Event Series)",00:04:51,track
"My Prayer","The Platters","Twin Peaks (Music from the Limited Event Series)",00:02:48,track
"Axolotl - Roadhouse Mix","The Veils","Twin Peaks (Music from the Limited Event Series)",00:03:03,track
"The Black Dog Runs At Night","Thought Gang & David Lynch & Angelo Badalamenti","Thought Gang",00:01:46,track
"One Dog Bark","Thought Gang & David Lynch & Angelo Badalamenti","Thought Gang",00:03:07,track
"Snake Eyes",Trouble,"Twin Peaks (Music from the Limited Event Series)",00:03:52,track
"Drums & Heartbeats","Chelsea Wolfe","Soundtrack VHS / Gold",00:03:45,track
"Black Soul Choir","16 Horsepower","Sackcloth 'n' Ashes",00:03:51,track
"The Passenger","Alison Mosshart & The Forest Rangers","ALGO DIFERENTE",00:04:42,track
"Forever Young","Audra Mae & The Forest Rangers","ALGO DIFERENTE",00:03:11,track
"Hey Hey, My My",Battleme,"ALGO DIFERENTE",00:02:42,track
"All Along the Watchtower","Billy Valentine & The Forest Rangers","ALGO DIFERENTE",00:03:57,track
"Someday Never Comes","Billy Valentine & The Forest Rangers","ALGO DIFERENTE",00:04:01,track
"Strange Fruit","Blake Mills, Katey Sagal & The Forest Rangers","ALGO DIFERENTE",00:04:04,track
"Into Being","Emma Ruth Rundle & Thou","May Our Chambers Be Full",00:05:16,track
"The Sound Of Silence",Disturbed,"ALGO DIFERENTE",00:04:08,track
"Apathy on the Indiana Border","Emma Ruth Rundle","On Dark Horses",00:04:46,track
"Arms I Know So Well","Emma Ruth Rundle","Some Heavy Ocean",00:03:43,track
Citadel,"Emma Ruth Rundle","Engine of Hell",00:05:39,track
"Dead Set Eyes","Emma Ruth Rundle","On Dark Horses",00:04:59,track
"Fever Dreams","Emma Ruth Rundle","On Dark Horses",00:04:50,track
"Furious Angel","Emma Ruth Rundle","Marked For Death",00:04:15,track
"Haunted Houses","Emma Ruth Rundle","Some Heavy Ocean",00:04:43,track
Protection,"Emma Ruth Rundle","Marked For Death",00:04:59,track
"Razor's Edge","Emma Ruth Rundle","Engine of Hell",00:04:11,track
Races,"Emma Ruth Rundle","On Dark Horses",00:05:35,track
"Real Big Sky","Emma Ruth Rundle","Marked For Death",00:05:53,track
"Run Forever","Emma Ruth Rundle","Some Heavy Ocean",00:03:56,track
Return,"Emma Ruth Rundle","Engine of Hell",00:05:16,track
"Savage Saint","Emma Ruth Rundle","Some Heavy Ocean",00:04:22,track
"We Are All Ghosts","Emma Ruth Rundle","Some Heavy Ocean",00:04:10,track
"You Don’t Have to Cry","Emma Ruth Rundle","On Dark Horses",00:05:45,track
Lucifer,"Hank Pine & Lily Fawn","Rodentum: The Best of Dark Roots Music Vol.4",00:02:36,track
One,"Johnny Cash","ALGO DIFERENTE",00:03:53,track
"No Milk Today","Joshua James & The Forest Rangers","ALGO DIFERENTE",00:04:00,track
"Crash this train","Joshua James","ALGO DIFERENTE",00:03:59,track
Black,"Kari Kimmel","ALGO DIFERENTE",00:03:52,track
"Son of a Preacher Man","Katey Sagal & The Forest Rangers","ALGO DIFERENTE",00:03:12,track
"Strange Fruit","Katey Sagal & The Forest Rangers & Blake Mills","ALGO DIFERENTE",00:04:04,track
"Ruby Tuesday","Katey Sagal","ALGO DIFERENTE",00:03:21,track
"Ugly Sunday","Mark Lanegan","The winding sheet",00:03:56,track
"Where did you sleep last night","Mark Lanegan","The winding sheet",00:03:59,track
Spiritual,"Mark Lanegan And The Soulsavers","It's Not How Far You Fall, It'",00:05:35,track
"Through My Sails","Mark Lanegan And The Soulsavers","It's Not How Far You Fall, It'",00:03:28,track
"Day Is Gone","Noah Gundersen & The Forest Rangers","ALGO DIFERENTE",00:04:23,track
"All I Can Say","Orville Peck",Bronco,00:03:56,track
"Back At Your Door (feat. Debbii Dawson)","Orville Peck",Stampede,00:03:32,track
"Chemical Sunet (Feat. Allison Russell)","Orville Peck","Stampede: Vol. 1",00:02:35,track
"Daytona Sand","Orville Peck","Bronco: Chapters 1 & 2",00:03:15,track
"Hope to Die","Orville Peck",Pony,00:04:30,track
"Kalahari Down","Orville Peck","Bronco: Chapters 1 & 2",00:04:50,track
"Let Me Drown","Orville Peck",Bronco,00:03:20,track
"Papa Was a Rodeo (feat. Molly Tuttle & Golden Highway)","Orville Peck",Stampede,00:04:20,track
"Roses Are Falling","Orville Peck",Pony,00:03:06,track
"Saturday Night's Alright (For Fighting) (feat. Elton John)","Orville Peck","Stampede: Vol. 1",00:04:12,track
"Take You Back (The Iron Hoof Cattle Call)","Orville Peck",Pony,00:03:28,track
"You're an Asshole, I Can't Stand You (and I Want a Divorce) (feat. Margo Price)","Orville Peck",Stampede,00:03:13,track
"Gimme Shelter","Paul Brady & The Forest Rangers","ALGO DIFERENTE",00:04:48,track
"Rattlesnake Mountain","Red Clay River","Rodentum: The Best of Dark Roots Music Vol.4",00:02:58,track
"The Scorch","Shelby Merry",Unknown,00:03:30,track
"Damnnation Way",Strawfoot,"Rodentia: The Best of Dark Roots Music",00:04:33,track
"Red Moon Rising",Strawman,"Rodentum: The Best of Dark Roots Music Vol.4",00:03:27,track
"In Hell I'll Be In Good Company","The Dead South","ALGO DIFERENTE",00:04:09,track
Lines,"The Dalles","ALGO DIFERENTE",00:05:26,track
"Far From Any Road","The Handsome Family","ALGO DIFERENTE",00:02:48,track
"Bohemian Rhapsody","The Forest Rangers & White Buffalo & Billy Valentine & Franky Perez","ALGO DIFERENTE",00:06:42,track
"Listen My Son","The Unseen Guest","ALGO DIFERENTE",00:04:01,track
"Come Join the Murder","The White Buffalo & The Forest Rangers","ALGO DIFERENTE",00:07:23,track
Carnage,"The White Buffalo","Hogtied Like a Rodeo",00:03:26,track
"Come On Love, Come On In","The White Buffalo","Love and the Death of Damnation",00:05:11,track
Highwayman,"The White Buffalo","GRANDES ÉXITOS",00:03:41,track
"I Got You","The White Buffalo","Love and the Death of Damnation",00:03:14,track
"Love Song #1","The White Buffalo","GRANDES ÉXITOS",00:03:08,track
"One Lone Night","The White Buffalo","GRANDES ÉXITOS",00:03:29,track
"Oh Darlin' What Have I Done","The White Buffalo","GRANDES ÉXITOS",00:04:03,track
"The Whistler","The White Buffalo","Shadows, Greys and Evil Ways",00:03:21,track
"My Heart Was A Lonely Hunter","Theresa Andersson","ALGO DIFERENTE",00:04:50,track
"Floating Cathedral","Timber Timbre","Sincerely, Future Pollution",00:04:45,track
"Do I Have Power","Timber Timbre","Creep On Creepin' On",00:04:31,track
"Lonesome Hunter","Timber Timbre","Creep On Creepin' On",00:04:43,track
Moment,"Timber Timbre","Sincerely, Future Pollution",00:05:45,track
Obelisk,"Timber Timbre","Creep On Creepin' On",00:01:53,track
"Oh Messiah","Timber Timbre",Medicinals,00:02:44,track
"Patron Saint Hunter","Timber Timbre",Medicinals,00:03:25,track
"Sewer Blues","Timber Timbre","Sincerely, Future Pollution",00:04:38,track
"Velvet Gloves & Spit","Timber Timbre","Sincerely, Future Pollution",00:04:35,track
"Western Questions","Timber Timbre","Sincerely, Future Pollution",00:04:41,track
"Who You Gonna Hoodoo Now?","Tony Joe White","ALGO DIFERENTE",00:04:26,track
"A Song For","Townes Van Zandt","No Deeper Blue",00:03:00,track
"Cowboy Junkies Lament","Townes Van Zandt","No Deeper Blue",00:03:16,track
"Katie Belle Blue","Townes Van Zandt","No Deeper Blue",00:03:17,track
"Lover's Lullaby","Townes Van Zandt","No Deeper Blue",00:04:10,track
"Mr. Gold And Mr. Mud","Townes Van Zandt","High, Low And In Between",00:02:21,track
Marie,"Townes Van Zandt","No Deeper Blue",00:04:45,track
Nothin',"Townes Van Zandt","Delta Momma Blues",00:02:47,track
"Our Mother The Mountain","Townes Van Zandt","Our Mother The Mountain",00:04:22,track
"Tower Song","Townes Van Zandt","Delta Momma Blues",00:04:09,track
"Horse Head","Wovenhand & Ultima Vez",Puur,00:03:47,track
"Are You Lonesome Tonight?","Micah P. Hinson","All Dressed Up and Smelling of Strangers",00:03:06,track
"Not Forever Now","Micah P. Hinson","All Dressed Up and Smelling of Strangers",00:05:11,track
Sleepwalk,"Micah P. Hinson","All Dressed Up and Smelling of Strangers",00:02:39,track
"The Times Are A‐Changin’","Micah P. Hinson","All Dressed Up and Smelling of Strangers",00:03:10,track
Suzanne,"Micah P. Hinson","All Dressed Up and Smelling of Strangers",00:04:45,track
"This Old Guitar","Micah P. Hinson","All Dressed Up and Smelling of Strangers",00:02:40,track
"We Almost Had a Baby","Micah P. Hinson","All Dressed Up and Smelling of Strangers",00:03:33,track
"While My Guitar Gently Weeps","Micah P. Hinson","All Dressed Up and Smelling of Strangers",00:06:13,track
Sandy,"Murder by Death",Spell/Bound,00:03:38,track
"Border Town / Bury Me in Baja","The White Buffalo","Darkest Darks, Lightest Lights",00:03:21,track
"Fire Don't Know","The White Buffalo","Shadows, Greys and Evil Ways",00:02:18,track
"Don't You Want It","The White Buffalo","Shadows, Greys and Evil Ways",00:03:53,track
"I am the Moon","The White Buffalo","Darkest Darks, Lightest Lights",00:03:18,track
"Joe and Jolene","The White Buffalo","Shadows, Greys and Evil Ways",00:02:32,track
"Last Call to Heaven","The White Buffalo","Love and the Death of Damnation",00:04:07,track
"My Lie","The White Buffalo","Hogtied Like a Rodeo",00:03:02,track
"Pray to You Now","The White Buffalo","Shadows, Greys and Evil Ways",00:03:34,track
Rocky,"The White Buffalo","Love and the Death of Damnation",00:03:57,track
"The Observatory","The White Buffalo","Darkest Darks, Lightest Lights",00:03:48,track
"Where Is Your Savior","The White Buffalo","Love and the Death of Damnation",00:04:20,track
Boyfriend,"Chelsea Wolfe","Unknown Rooms: A Collection Of Acoustic Songs",00:03:52,track
Flatlands,"Chelsea Wolfe","Unknown Rooms: A Collection Of Acoustic Songs",00:04:01,track
Gold,"Chelsea Wolfe","Soundtrack VHS / Gold",00:03:32,track
Lone,"Chelsea Wolfe","Pain Is Beauty",00:02:37,track
"You Are My Sunshine (Bonus Track)","Chelsea Wolfe","The Grime And The Glow",00:06:44,track
"One Monkey","Gillian Welch","Soul Journey",00:05:36,track
"Wayside / Back in Time","Gillian Welch","Soul Journey",00:03:28,track
"Caught in Between","Micah P. Hinson","Micah P. Hinson and The Gospel of Progress",00:02:31,track
Patience,"Micah P. Hinson","Micah P. Hinson and The Gospel of Progress",00:03:04,track
"The Nothing","Micah P. Hinson","Micah P. Hinson and The Gospel of Progress",00:02:27,track
"You’re Only Lonely","Micah P. Hinson And The Opera Circuit","Micah P. Hinson And The Opera Circuit",00:05:40,track
"In A Sentimental Mood","Duke Ellington & John Coltrane","Duke Ellington & John Coltrane",00:04:15,track
Dreamer,"Chelsea Wolfe","Mistake in Parting",00:04:40,track
"Feel Something","Chelsea Wolfe","Soundtrack VHS / Gold",00:03:41,track
"Inside a Girl","Chelsea Wolfe","Mistake in Parting",00:03:55,track
Maw,"Chelsea Wolfe",Abyss,00:05:54,track
"Lay Me Down","Chelsea Wolfe","Mistake in Parting",00:03:34,track
"Mistake in Parting","Chelsea Wolfe","Mistake in Parting",00:05:10,track
"No Luck","Chelsea Wolfe","Mistake in Parting",00:04:26,track
"Simple Death","Chelsea Wolfe",Abyss,00:05:22,track
Sleeping,"Chelsea Wolfe","Mistake in Parting",00:04:11,track
Lua,"Conor Oberst & Gillian Welch","Dark Was The Night",00:05:54,track
"Burning Bush","16 Horsepower","Secret South",00:04:00,track
Clogger,"16 Horsepower","Secret South",00:03:28,track
"Cinder Alley","16 Horsepower","Secret South",00:04:43,track
"Just Like Birds","16 Horsepower","Secret South",00:03:44,track
"Nobody 'cept You","16 Horsepower","Secret South",00:03:35,track
"Straw Foot","16 Horsepower","Secret South",00:03:30,track
"Wayfaring Stranger","16 Horsepower","Secret South",00:02:43,track
Annabelle,"Gillian Welch",Revival,00:04:04,track
"A Little Rain","Tom Waits","Bone Machine",00:02:59,track
"Black Wings","Tom Waits","Bone Machine",00:04:38,track
"Torched Song (feat. The Real Tuesday Weld)","Claudia Brücken & The Real Tuesday Weld","L.a. Noire Official Soundtrack",00:04:13,track
"House On Fire (feat. Laura Ellis)","Compulsion Games & Laura Ellis","Shadow Music (A Soundtrack to Contrast)",00:02:55,track
"That Feel","Tom Waits","Bone Machine",00:03:13,track
"Only You, My Love","Amberlin Jazz Orchestra","Only You, My Love",00:02:09,track
"Whistle Down The Wind","Tom Waits","Bone Machine",00:04:36,track
Señor,"Gillian Welch & David Rawlings","All The Good Times (Are Past & Gone)",00:05:27,track
"Winter's Come and Gone","Gillian Welch","Hell Among the Yearlings",00:02:15,track
"Wrecking Ball","Gillian Welch","Soul Journey",00:04:56,track
"Ain't No Sunshine",Wovenhand,"Woven Hand",00:02:54,track
"Glass Eye",Wovenhand,"Woven Hand",00:03:01,track
"His Rest",Wovenhand,"The Treshing Floor",00:03:16,track
"Story and Pictures",Wovenhand,"Woven Hand",00:04:55,track
"For Your Eyes","Micah P. Hinson","The Baby & The Satellite",00:04:09,track
"The Dreams You Left Behind (Reprise)","Micah P. Hinson","The Baby & The Satellite",00:03:45,track
"The Dreams You Left Behind","Micah P. Hinson","The Baby & The Satellite",00:03:38,track
"The Last Charge of Lt. Paul","Micah P. Hinson","The Baby & The Satellite",00:02:28,track
"The Leading Guy","Micah P. Hinson","The Baby & The Satellite",00:03:05,track
"Wasted Away","Micah P. Hinson","The Baby & The Satellite",00:03:32,track
"Beneath the Rose","Micah P. Hinson and The Gospel of Progress","Beneath the Rose",00:02:56,track
"The Dreams Didn't Work Out Right","Micah P. Hinson and The Gospel of Progress","Beneath the Rose",00:02:41,track
"Blue Velvet","Angelo Badalamenti","Blue Velvet (Soundtrack)",00:01:49,track
"Dub Driving","Angelo Badalamenti","Lost Highway",00:03:43,track
"Fats Revisited","Angelo Badalamenti","Lost Highway",00:02:32,track
"Akron Meets The Blues","Angelo Badalamenti","Blue Velvet (Soundtrack)",00:02:42,track
Frank,"Angelo Badalamenti","Blue Velvet (Soundtrack)",00:03:33,track
"Fred & Renee Make Love","Angelo Badalamenti","Lost Highway",00:02:05,track
"Frank Returns","Angelo Badalamenti","Blue Velvet (Soundtrack)",00:04:38,track
"Fred's World","Angelo Badalamenti","Lost Highway",00:03:01,track
"Haunting & Heartbreaking","Angelo Badalamenti","Lost Highway",00:02:09,track
"Honky Tonk Part I","Angelo Badalamenti","Blue Velvet (Soundtrack)",00:03:12,track
"In Dreams","Angelo Badalamenti","Blue Velvet (Soundtrack)",00:02:49,track
"Jeffrey's Dark Side","Angelo Badalamenti","Blue Velvet (Soundtrack)",00:01:49,track
"Love Letters","Angelo Badalamenti","Blue Velvet (Soundtrack)",00:02:37,track
"Lumberton U.S.A.","Angelo Badalamenti","Blue Velvet (Soundtrack)",00:02:12,track
"Main Title","Angelo Badalamenti","Blue Velvet (Soundtrack)",00:01:25,track
"Mysteries Of Love (French Horn Solo)","Angelo Badalamenti","Blue Velvet (Soundtrack)",00:02:11,track
"Mysteries Of Love (Instrumental)","Angelo Badalamenti","Blue Velvet (Soundtrack)",00:04:18,track
"Mysteries Of Love","Angelo Badalamenti","Blue Velvet (Soundtrack)",00:04:24,track
Police,"Angelo Badalamenti","Lost Highway",00:01:40,track
"Red Bats With Teeth","Angelo Badalamenti","Lost Highway",00:02:57,track
"Night Streets / Sandy And Jeffrey","Angelo Badalamenti","Blue Velvet (Soundtrack)",00:03:37,track
Insensatez,"Antonio Carlos Jobim","Lost Highway",00:02:53,track
"Mr. Eddy's Theme 1","Barry Adamson","Lost Highway",00:03:31,track
"Hollywood Sunset","Barry Adamson","Lost Highway",00:02:01,track
"Something Wicked This Way Comes (Edit)","Barry Adamson","Lost Highway",00:02:55,track
"Bring It On Home","David Lynch -  Angelo Badalamenti","Mulholland DR.",00:02:40,track
"Mr. Eddy's Theme 2","Barry Adamson","Lost Highway",00:02:14,track
Diner,"David Lynch -  Angelo Badalamenti","Mulholland DR.",00:04:16,track
Jitterbug,"David Lynch -  Angelo Badalamenti","Mulholland DR.",00:01:27,track
"I've Told Every Little Star","David Lynch -  Angelo Badalamenti","Mulholland DR.",00:02:17,track
"Mr. Roque / Betty's Theme","David Lynch -  Angelo Badalamenti","Mulholland DR.",00:04:07,track
"Llorando (Crying)","David Lynch -  Angelo Badalamenti","Mulholland DR.",00:03:32,track
"Mulholland Drive","David Lynch -  Angelo Badalamenti","Mulholland DR.",00:04:16,track
"Rita Walks / Sunset Boulevard / Aunt Ruth","David Lynch -  Angelo Badalamenti","Mulholland DR.",00:01:56,track
"The Beast","David Lynch -  Angelo Badalamenti","Mulholland DR.",00:02:30,track
Silencio,"David Lynch -  Angelo Badalamenti","Mulholland DR.",00:04:28,track
"This Magic Moment","Lou Reed","Lost Highway",00:03:24,track
"The Autumn Leaves","Cécile Bredie","Imagine Toi",00:05:44,track
"My Little Brown Book","Duke Ellington & John Coltrane","Duke Ellington & John Coltrane",00:05:20,track
Naima,"John Coltrane","Giant Steps (Deluxe Edition)",00:04:25,track
"Blue In Green (feat. John Coltrane & Bill Evans)","Miles Davis & John Coltrane & Bill Evans","Kind Of Blue (Legacy Edition)",00:05:38,track
"I Got It Bad (and That Ain't Good)","Oscar Peterson","The Genius Of",00:05:06,track
Animal,"Julee Cruise","Sing Each Other’s Songs for You",00:04:04,track
"Everybody Knows","Julee Cruise","The Art of Being a Girl",00:03:12,track
"I Remember","Julee Cruise","Floating Into The Night",00:04:13,track
"Mysteries Of Love","Julee Cruise","Floating Into The Night",00:04:29,track
"Rockin' Back Inside My Heart","Julee Cruise","Floating Into The Night",00:05:49,track
"Honey Child What Can I Do?","Isobel Campbell & Mark Lanegan","Ballad of the Broken Seas",00:03:44,track
"The Space For Love","Julee Cruise","The Voice Of Love",00:03:24,track
"This Is Our Night","Julee Cruise","The Voice Of Love",00:04:07,track
"Saturday's Gone","Isobel Campbell & Mark Lanegan","Ballad of the Broken Seas",00:04:36,track
"The False Husband","Isobel Campbell & Mark Lanegan","Ballad of the Broken Seas",00:03:52,track
Youngstown,"Bruce Springsteen","The Ghost Of Tom Joad",00:03:52,track
"White As Diamonds","Alela Diane","White As Diamonds - Single",00:03:36,track
"Two Against One (feat. Jack White)","Danger Mouse & Daniele Luppi & Jack White",Rome,00:02:21,track
"Long Distance Ache","Henry Hugo","Noctuary Songs",00:03:09,track
"Man Of God","John Wort Hannam","Love Lives On",00:04:14,track
"Wilder Mind","Mumford & Sons","Wilder Mind",00:04:38,track
"Waiting Around To Die","The Be Good Tanyas",Chinatown,00:05:15,track
"Square Heart","The Black Heart Procession",1,00:03:46,track
"Jesus Shot Me Down","Thomas Schoeffler Jr","Jesus Shot Me Down",00:05:03,track
"Black Eye","Uncle Tupelo","Uncle Tupelo 89/93: An Anthology",00:02:19,track
GhostReverb,coma.fm,Unknown,00:00:47,track
LodgeDrone,coma.fm,Unknown,00:00:47,track
PineWind,coma.fm,Unknown,00:00:47,track
RainNight,coma.fm,Unknown,00:00:47,track
StaticHiss,coma.fm,Unknown,00:00:47,track
TapeDecay,coma.fm,Unknown,00:00:47,track
"The Second Cigarette","The Burning Hell & Jenny Mitchell","Happy Birthday",00:03:34,track
TrainCall,coma.fm,Unknown,00:00:47,track
Nightdrive,"The Walkabouts","Setting the Woods on Fire",00:05:39,track
"My Silver Lining","First Aid Kit","Stay Gold",00:03:36,track
"Only The Lonely","Roy Orbison","Sings Lonely and Blue",00:02:26,track
"Down In The Willow Garden","The Everly Brothers","Songs Our Daddy Taught Us",00:03:05,track
"Simply Beautiful","Al Green","I'm Still in Love with You",00:04:12,track
"I'll Play The Blues For You - Pt. 1","Albert King","The Definitive Albert King",00:03:43,track
"Do Right Woman, Do Right Man","Aretha Franklin","I Never Loved a Man the Way I Love You",00:03:17,track
"The Thrill Is Gone","B.B. King","Completely Well",00:05:25,track
"Then You Can Tell Me Goodbye","Bettye Swann","Bettye Swann",00:03:46,track
"Peace Piece","Bill Evans","Everybody Digs Bill Evans",00:06:44,track
"Damn Right, I've Got The Blues","Buddy Guy","Damn Right, I've Got The Blues",00:04:32,track
"My Funny Valentine","Chet Baker","Chet Baker Sings",00:02:21,track
"Slip Away","Clarence Carter","This Is Clarence Carter",00:02:33,track
"Is It Any Wonder?","Durand Jones & The Indications & Aaron Frazer","Durand Jones & The Indications",00:04:37,track
"The Dark End Of The Street","James Carr","You Got My Mind Messed Up",00:02:34,track
"I'd Rather Go Blind","Etta James","Tell Mama",00:02:37,track
"Time Is On My Side","Irma Thomas","Wish Someone Would Care",00:02:53,track
"Cry Me A River","Julie London","Julie Is Her Name",00:02:59,track
"Coming Home","Leon Bridges","Coming Home (Deluxe)",00:03:26,track
"You Are Not Alone","Mavis Staples","You Are Not Alone",00:03:57,track
"I've Been Loving You Too Long","Otis Redding","Otis Blue: Otis Redding Sings Soul (Collector's Edition)",00:03:02,track
"A Change Is Gonna Come","Sam Cooke","A Change Is Gonna Come",00:03:11,track
"Cry To Me","Solomon Burke","Rock 'N Soul",00:02:35,track
"Times Makes Two","Robert Cray","Time Will Tell",00:05:26,track
"I'm In Love","Wilson Pickett","I'm in Love",00:02:29,track
"You'll Lose A Good Thing","Barbara Lynn","You'll Lose A Good Thing",00:02:40,track
"Me And Mrs. Jones","Billy Paul","360 Degrees of Billy Paul (Expanded Edition)",00:04:45,track
"And I Love Him","Esther Phillips","And I Love Him",00:02:39,track
"Hey There Lonely Girl","Eddie Holman","I Love You",00:03:37,track
"Neither One Of Us (wants To Be The First To Say Goodbye)","Gladys Knight & The Pips","Neither One Of Us",00:04:24,track
"Get It While You Can","Howard Tate","Get It While You Can - The Complete Legendary Verve Sessions",00:02:45,track
"Cry To Me","Loleatta Holloway","Cry to Me",00:05:49,track
"(if Loving You Is Wrong) I Don't Want To Be Right","Luther Ingram","(If Loving You Is Wrong) I Don't Want to Be Right",00:03:37,track
"Take Time To Know Her","Percy Sledge","Take Time to Know Her",00:03:05,track
"Have You Seen Her","The Chi-Lites","20 Greatest Hits",00:05:09,track
"Turn Off The Lights","Teddy Pendergrass","Teddy (Expanded Edition)",00:05:55,track
"Smoke Gets In Your Eyes","The Platters","Remember When?",00:02:41,track
"Kiss And Say Goodbye","The Manhattans","The Manhattans (Expanded Version)",00:04:27,track
"Hello Stranger","Barbara Lewis","Hello Stranger",00:02:47,track
"Clean Up Woman","Betty Wright","I Love The Way You Love",00:02:49,track
"Yes, I'm Ready","Barbara Mason","Yes I'm Ready",00:03:04,track
"Trapped By A Thing Called Love","Denise LaSalle","This Real Woman",00:02:39,track
Hypnotized,"Linda Jones","Turn off the Lights: Sweet Soul Music",00:02:47,track
"If Loving You Is Wrong I Don't Want To Be Right","Millie Jackson","Caught Up",00:03:58,track
"Your Sweet Lovin'","Margie Joseph","The Complete Stax / Volt Soul Singles, Vol. 2: 1968-1971",00:03:39,track
"Pillow Talk",Sylvia,"The Best of Sylvia",00:04:23,track
"Stay In My Corner","The Dells","There Is",00:06:14,track
"Chasing Rainbows","Blue Magic","Thirteen Blue Magic Lane",00:04:21,track
"This Can't Be True","Eddie Holman","Solid Gold Northern Soul",00:02:58,track
"I'll Take Care Of You","Margie Joseph","Margie Joseph",00:03:40,track
"Old Friend","Phyllis Hyman","The Legacy Of Phyllis Hyman",00:04:52,track
"I Can Sing A Rainbow/love Is Blue","The Dells","Since I Fell For You",00:03:35,track
"Wish That You Were Mine","The Manhattans","There's No Me Without You (Expanded Edition)",00:04:21,track
"Only You (and You Alone)","The Platters","The Magic Touch: An Anthology",00:02:37,track
"Spain (i Can Recall)","Al Jarreau","This Time",00:06:36,track
"Giving You The Best That I Got","Anita Baker","Soul Sisters",00:04:21,track
"You've Made Me So Very Happy","Brenda Holloway","The Artistry Of Brenda Holloway",00:02:55,track
"Don't Make Me Over","Dionne Warwick","The Dionne Warwick Collection: Her All-Time Greatest Hits",00:03:20,track
"Funny How Time Slips Away","Dorothy Moore","Misty Blue",00:03:52,track
"Just To Be Close To You",Commodores,"Hot On The Tracks",00:06:21,track
"Every Beat Of My Heart","Gladys Knight & The Pips","The Best Of Gladys Knight & The Pips",00:01:55,track
"In Your Eyes","George Benson","In Your Eyes",00:03:20,track
"How Do You Keep The Music Playing","James Ingram & Patti Austin","Romantischer Abend",00:04:17,track
"There's No Easy Way","James Ingram","It's Your Night",00:03:47,track
"Wake Up Everybody","Harold Melvin & The Blue Notes & Teddy Pendergrass","Wake Up Everybody (feat. Teddy Pendergrass)",00:07:33,track
"The First Time Ever I Saw Your Face","Roberta Flack","First Take",00:04:21,track
"Can't Get Over You","Maze & Frankie Beverly","Silky Soul",00:05:17,track
"Your Love Is King",Sade,"The Best of Sade",00:03:40,track
"Whatcha See Is Whatcha Get","The Dramatics","The Very Best Of The Dramatics",00:03:35,track
"You're My Latest, My Greatest Inspiration","Teddy Pendergrass","It's Time For Love",00:05:21,track
Peek-a-boo,"The Stylistics","The Best Of The Stylistics",00:02:53,track
"Lady Soul","The Temptations","Silver Collection: The Temptations",00:04:38,track
"Make Me Say It Again Girl - Pt. 1 & 2","The Isley Brothers","It's Your Thing: The Story Of The Isley Brothers",00:07:42,track
"One Scotch, One Bourbon, One Beer","Amos Milburn","Bad, Bad Whiskey",00:02:56,track
"Key To The Highway","Big Bill Broonzy","Trouble in Mind",00:02:36,track
"Somebody Loan Me A Dime","Fenton Robinson","Somebody Loan Me A Dime (Remastered)",00:02:57,track
"Who's Been Talking?","Howlin' Wolf","Howlin' Wolf",00:02:26,track
"I'm In The Mood","John Lee Hooker","The Real Folk Blues",00:02:47,track
"Every Day Of Your Life","Jimmy Johnson & Typhanie Monique","Every Day of Your Life",00:04:39,track
"I Can't Be Satisfied","Muddy Waters","The Chess Box",00:02:43,track
Spoonful,"Willie Dixon","Poet Of the Blues (Mojo Workin'- Blues For The Next Generation)",00:04:55,track
"Baby That's Me","The Paris Sisters","The Dreamy & The Suspended",00:02:52,track
"Baby Honey Baby (original Mix)","The Paris Sisters","Be My Boy",00:02:39,track
"Can't Help Falling In Love","The Paris Sisters","Best Of The Paris Sisters",00:02:19,track
"Be My Boy","The Paris Sisters","The Paris Sisters",00:01:59,track
"Born To Be With You","The Paris Sisters","Sing Everything Under The Sun",00:02:18,track
"He Knows I Love Him Too Much","The Paris Sisters","The Paris Sisters",00:02:37,track
"I Don't Give A Darn","The Paris Sisters","Best Of The Paris Sisters",00:02:11,track
"I Don't Even Care","The Paris Sisters","Best Of The Paris Sisters",00:02:11,track
"I Came A Long Way To Nowhere","The Paris Sisters","The Dreamy & The Suspended",00:02:23,track
"I Love How You Love Me (alternate Take)","The Paris Sisters","The Paris Sisters",00:02:12,track
"Once Upon A Time","The Paris Sisters","The Dreamy & The Suspended",00:02:24,track
"Play It One More Time","The Paris Sisters","The Dreamy & The Suspended",00:02:27,track
"Lonely Girl","The Paris Sisters","The Dreamy & The Suspended",00:02:28,track
"I'm Me","The Paris Sisters","Sing Everything Under The Sun",00:02:59,track
"Won't You Help Me","The Paris Sisters","Best Of The Paris Sisters",00:02:06,track
"See That Boy - Aka See That Girl","The Paris Sisters","Sing Everything Under The Sun",00:02:28,track
Sincerely,"The Paris Sisters","Sing Everything Under The Sun",00:02:14,track
Together,"The Paris Sisters","San Francisco Girls - Rockin' with The Paris Sisters",00:02:02,track
"Too Good To Be True","The Paris Sisters","Sing Everything Under The Sun",00:03:14,track
Yesterday,"The Paris Sisters","Best Of The Paris Sisters",00:02:06,track
"Yes-i Love You","The Paris Sisters","The Paris Sisters",00:02:36,track
"When I'm Alone With You","The Paris Sisters","San Francisco Girls - Rockin' with The Paris Sisters",00:02:58,track
"Hound Dog","Big Mama Thornton",Jail,00:02:48,track
"Tell Mama","Etta James","Tell Mama",00:02:24,track
"Cut Off My Right Arm","Johnny Copeland","Boom Boom",00:04:07,track
"If I Could Reach Out (and Help Somebody)","Otis Clay","The Gospel Truth",00:04:43,track
"Double Trouble","Otis Rush","1956-1958 Cobra Recordings",00:02:44,track
"Right Next Door (because Of Me)","Robert Cray","20th Century Masters: The Millennium Collection: Best Of Robert Cray",00:04:19,track
"I Ain't Superstitious","Willie Dixon","Poet Of the Blues (Mojo Workin'- Blues For The Next Generation)",00:04:03,track
"Blue Moon","Bobby ""Blue"" Bland","Turn On Your Love Light: The Duke Recordings Volume 2",00:02:14,track
"How Does A Cheatin' Woman Feel","Bobby ""Blue"" Bland","Turn On Your Love Light: The Duke Recordings Volume 2",00:02:37,track
"I Lost Sight Of The World","Bobby ""Blue"" Bland","I Pity The Fool: The Duke Recordings, Vol. One",00:02:34,track
"Last Night","Bobby ""Blue"" Bland","I Pity The Fool: The Duke Recordings, Vol. One",00:02:51,track
"Sometime Tomorrow","Bobby ""Blue"" Bland","I Pity The Fool: The Duke Recordings, Vol. One",00:02:23,track
"Stormy Monday Blues ","Bobby ""Blue"" Bland","Turn On Your Love Light: The Duke Recordings Volume 2",00:04:08,track
"You Or None","Bobby ""Blue"" Bland","I Pity The Fool: The Duke Recordings, Vol. One",00:02:56,track
Emily,"Bill Evans","Further Conversations With Myself",00:04:53,track
"Haunted Heart","Bill Evans","Coffee And Cigarettes",00:03:26,track
"Very Early","Bill Evans","Blue In Green",00:05:05,track
"My Foolish Heart","Bill Evans","BD Music Presents Bill Evans",00:04:55,track
"Autumn In New York","Chet Baker","Chet In Paris: Everything Happens To Me - The Complete Barclay Recording Vol. 2",00:03:40,track
"Time After Time","Chet Baker","City Nights",00:02:46,track
"Black Coffee","Julie London","Around Midnight",00:02:58,track
"I'm In The Mood For Love","Julie London","Julie Is Her Name",00:02:30,track
"Gone With The Wind","Julie London","Cry Me A River",00:02:05,track
"In The Middle Of A Kiss","Julie London","London By Night",00:02:19,track
"You Stepped Out Of A Dream","Julie London","Julie... At Home",00:02:16,track
"It Could Happen To You","Julie London","Your Number Please...",00:03:14,track
"Sweet Lorraine","Oscar Peterson","Pastel Moods",00:02:56,track
"Summer Nocturne","Oscar Peterson","An Evening With Oscar Peterson",00:03:06,track
Tenderly,"Oscar Peterson","The Will To Swing",00:05:43,track
"Pretty Girls Everywhere","Big Sandy & His Fly-Rite Boys","Rockin' Big Sandy",00:03:03,track
"If It's News To You","Anna Dukke","Broken Chains",00:02:47,track
"Mama Said No","Doc & The Mads","Doc & The Mads",00:03:07,track
"Straying Mama","Daisy June & the Loose","Straying Mama",00:03:09,track
"Grab The Money And Run!","Coconut Kings","Coconut Kings",00:02:33,track
"Wade In The Water","Eva Cassidy","The Best of Eva Cassidy",00:04:02,track
"Rocket 88 - Single Version","Jackie Brenston & His Delta Cats","Chess Pieces: The Very Best Of Chess Records",00:02:50,track
"You Know That'll Get It","Floyd Dixon","Wake Up And Live!",00:02:34,track
"Everybody Rock!","King Joe & The Atlantics","Everybody Rock!",00:02:18,track
"Beer Bottle Boogie","Laura B & The Moonlighters","Jump and Shout",00:02:46,track
Rocking,"Konstantin Kolesnichenko","Good Things",00:03:09,track
"On Revival Day - Mono","LaVern Baker","Sings Bessie Smith",00:03:12,track
"Is You Is Or Is You Ain't (my Baby)","Louis Jordan","No Moe! Louis Jordan's Greatest Hits",00:03:18,track
"Burnt Toast And Black Coffee","Mike Pedecin","Burnt Toast and Black Coffee",00:02:06,track
"You Be My Baby","Ray Charles","What'd I Say",00:02:32,track
"Who Knows","Marion Black","Who Knows b/w Go On Fool",00:02:18,track
"Pick Up Styx","Peter Mueller & Andreas Sobczyk & Tommie Harris & Dani Gugolz & Kai Strauss & Tom Müller","Pick up Styx",00:03:44,track
"Chicken 4 2","Ray Collins' Hot Club","High Life",00:02:59,track
"High Life","Ray Collins' Hot Club","High Life",00:03:30,track
"Good Times","Sam Cooke","Ain't That Good News",00:02:28,track
"We Can't Make It","Roomful Of Blues","That's Right!",00:02:39,track
"I Want To Hold Your Hand","Sugarpie And The Candymen","Let It Swing",00:02:42,track
"Little Chickee Wah Wah","The California Honeydrops","B-Sides from the Blues Cave",00:02:36,track
"Stormy Weather","Royal Crown Revue","The Contender",00:03:39,track
"One Mint Julep","The Clovers","Les idoles américaines du rhythm and blues : The Clovers, Vol. 1",00:02:13,track
"Little Mama","The Clovers","Les idoles américaines du rhythm and blues : The Clovers, Vol. 1",00:02:53,track
"Love Potion Number 9","The Clovers","Les idoles américaines du rhythm and blues : The Clovers, Vol. 1",00:01:52,track
"Dear Dad","The Fuzillis","Pizza Sure Is Good",00:01:51,track
"Baile Del Pollo","The Pickin' Boppers","Wild Instro Bop & Roll",00:02:29,track
"Sticky Chicken","The Fuzillis","Grind a Go Go Volume 2",00:02:42,track
"My Home Is Where You Are","The Solid Studs",Shake-A-Rock,00:02:59,track
"Cool Cool Boy","The Wise Guyz","Hot Summer Nights",00:03:36,track
Caldonia,"B.B. King","In London",00:03:59,track
"Saturday Night Fish Fry","B.B. King","Let the Good Times Roll: the Music of Louise Jordan",00:04:24,track
"Let Me In There, Baby","Big Sandy & His Fly-Rite Boys","Rockin' Big Sandy",00:02:57,track
"Ooh! Look-a There, Ain't She Pretty","Bill Haley & His Comets","Bill Haley And His Comets",00:02:25,track
"Let Your Tears Fall Baby","Big Mama Thornton","Big Mama",00:02:43,track
Tondeluyo,"Bloodest Saxophone","Rhythm and Blues",00:03:37,track
"That'll Be The Day","Buddy Holly & The Crickets","The ""Chirping"" Crickets",00:02:17,track
"Rockin' Robin - 2022 Remastered","Bobby Day","Rockin' Robin (2022 Remastered)",00:02:32,track
"Wherever You Go","Chris Aron & The Croakers","Wherever You Go",00:02:32,track
"Slow Twistin'","Chubby Checker","Chubby Checker Classics",00:02:45,track
"Lets Twist Again","Chubby Checker","Snapshot: Chubby Checker",00:02:21,track
"Splish Splash","Dee Dee Sharp","It's Mashed Potato Time/Do The Bird",00:02:14,track
"Rock And Roll Music","Chuck Berry","One Dozen Berry's",00:02:32,track
"Monkey On My Back","Hipbone Slim & The Kneetremblers","Square Guitar",00:02:19,track
"Hillbilly Love","Hillbilly Hellcats","Hillbilly Hellcats",00:03:13,track
"I Can't Complain","JD McPherson","Signs & Signifiers",00:02:37,track
"Scratching Circles","JD McPherson","Signs & Signifiers",00:02:10,track
"Fire Bug","JD McPherson","Signs & Signifiers",00:02:18,track
"Hard Rockin´ Man","Linda Gail Lewis","Hard Rockin' Woman",00:02:43,track
"Black Cat","Mad Heads","Mad in Ukraine",00:03:59,track
"Shake A Hand","Mike Pedecin","Burnt Toast and Black Coffee",00:02:51,track
"Just A Gigolo / I Ain't Got Nobody - Medley / ","Louis Prima & Keely Smith & Sam Butera & The Witnesses","The Wildest! (Expanded Edition)",00:04:45,track
"Messin' With The Man","Muddy Waters","One More Mile: Chess Collectibles, Vol. 1",00:02:20,track
"The Shit","Ray Collins' Hot Club","High Life",00:03:19,track
"Polecat Hollow","Mr.Black & The 5000 Cadillacs",Crossroads,00:02:50,track
Barefoot,"Ray Collins' Hot Club",Tohuwabohu,00:02:58,track
Claudette,"Roy Orbison","A Cat Called Domino: Rare Cuts from Roy",00:01:56,track
Hot,"Ray Collins’ HOT-CLUB","1 To 5 Jive",00:02:41,track
"Beyond The Sea","Royal Crown Revue","Mugzy's Move",00:03:49,track
"Zip Gun Bop","Royal Crown Revue","Mugzy's Move",00:03:27,track
"One Cup Of Coffee",Switchblade,"The Lost Album",00:02:18,track
"Homesick Boy",Switchblade,"The Lost Album",00:03:05,track
"Twistin' The Night Away","Sam Cooke","Twistin' the Night Away",00:02:40,track
"Hit By A Brick","The Atomic Fireballs","Torch This Place",00:04:10,track
"It's Your Voodoo Working","The Beat From Palookaville","Come Get Ur Lovin'",00:04:16,track
"Do You Love Me","The Contours","Do You Love Me",00:02:54,track
"I'll Die Happy","The Big Marteen's","I Can Give You More",00:02:57,track
"I Can Give You More","The Big Marteen's","I Can Give You More",00:03:05,track
"All She Wants To Do Is Rock","Wynonie Harris","Good Rocking Tonight",00:02:34,track
"Gadjo Boogie","Zombie Jamboree","Gadjo Boogie",00:02:49,track
"Holy Hoochie Coo","The Hillbilly Moon Explosion","Bourgeois Baby",00:02:16,track
"Please Mr. Postman","The Marvelettes","Forever: The Complete Motown Albums, Volume 1",00:02:28,track
"You're The Boss","LaVern Baker","Presenting LaVern Baker",00:02:17,track
"Growing Love","Sylvia Sands","Evil Love - The Berlin Rock and Roll Session",00:01:55,track
"I Can't Help Myself (sugar Pie, Honey Bunch)","Four Tops","60's Gold",00:02:40,track
"Big Time Operator","Big Bad Voodoo Daddy","This Beautiful Life",00:04:01,track
"Who's That Creepin'?","Big Bad Voodoo Daddy","This Beautiful Life",00:04:44,track
"How Come","Big Mama Thornton","Big Mama",00:02:30,track
"Maddest Kind Of Love","Big Bad Voodoo Daddy","Big Bad Voodoo Daddy",00:05:04,track
"Sweet Little Thing","Bobby Day","Rockin' with Robin",00:02:20,track
"Honeysuckle Baby","Bobby Day","Rockin' Robin: Greatetst Hits",00:02:35,track
"Burger And A Beer","Boom! Boom! Deluxe","Burger and a Beer",00:03:07,track
"Two-bit Hustler","Boom! Boom! Deluxe",TeenageJuvenileDelinquentRocknRollHorrorBeachParty!,00:02:52,track
"Swamp Thing","Boom! Boom! Deluxe","Boom! Boom! Deluxe",00:03:45,track
"Goin' To Jump And Shout","Barrence Whitfield","Raw, Raw, Rough!",00:02:27,track
"Bad Case Of Love","Big Joe & The Dynaflows","You Can't Keep A Big Man Down",00:02:29,track
"Mashed Potato Time","Dee Dee Sharp","It's Mashed Potato Time/Do The Bird",00:02:31,track
"Fanny Mae","Dick Dale & His Del-Tones","Surfer's Choice",00:02:38,track
"Goodnight Sweetheart","Colin Paul","Shake It Up - Rock 'n' Roll No' 2",00:03:11,track
"Hey Bartender","Floyd Dixon","Marshall Texas Is My Home",00:02:47,track
"Runaround Sue",Dion,"Runaround Sue",00:02:52,track
"Country Boy","JD McPherson","Signs & Signifiers",00:02:44,track
"Voodoo Voodoo","LaVern Baker","Presenting LaVern Baker",00:01:50,track
"Hey Good Lookin'","Gene Vincent","Presenting Gene Vincent",00:02:29,track
"Shake, Rattle And Roll","Joe Turner & Pee Wee Crayton & Sonny Stitt","Best 50s Songs",00:04:55,track
"Jimmy, Jimmy","Lee Rocker","Burnin' Love - The Best Of..",00:02:51,track
"Black Cat Bone","Lee Rocker","Black Cat Bone",00:03:32,track
"Brand New Funk","Meschiya Lake and The Little Big Horns","Bad Kids Club",00:02:27,track
"Shakey Town","Lee Rocker","Burnin' Love - The Best Of..",00:04:16,track
"Movin' On","Lee Rocker","Burnin' Love - The Best Of..",00:04:36,track
"Ain't That A Kick In The Head","Reverend Organdrum","Hi-Fi Stereo",00:02:24,track
"Fine Brown Frame","Nellie Lutcher","Real Gone!",00:02:58,track
"Salt Pork West Virginia","Ron Sunshine & Full Swing","Straight Up! (And Then Some)",00:04:33,track
"Crawl Up And Die","Stray Cats","Stray Cats",00:03:12,track
"For You Blue","Honeyboy Slim & The Bad Habits","Honeyboy Slim & The Bad Habits",00:01:42,track
"Baby What You Do To Me",Switchblade,"The Lost Album",00:02:29,track
"You Don't Believe Me","Stray Cats","Rock This Town",00:02:54,track
"She Gave Me The Keys","The Dip","The Dip Delivers",00:02:25,track
"Dead Cat Boogie","The Hillbilly Moon Explosion","Bourgeois Baby",00:03:17,track
"Grasshopper Rock","Link Davis","Starday-Dixie Rockabillys - Volume Two",00:02:06,track
"Sign Of The Times","The Mean Cat Daddies","Ghost Of Your Love",00:02:15,track
"Twist And Shout","The Isley Brothers","Twist & Shout",00:02:36,track
"Liquor, Beer & Wine","The Reverend Horton Heat","Liquor In The Front",00:03:26,track
"Rockin' Dog","The Reverend Horton Heat","Liquor In The Front",00:02:39,track
"Too Far Too Long Away","WyattChristmas Five","Are You Ready",00:02:55,track
"Oh My!","The Rockin' Highliners","Oh My!",00:03:02,track
"Pantera Bionda","Zombie Jamboree","Gadjo Boogie",00:02:23,track
"Cotton Fields","Zombie Jamboree","Gadjo Boogie",00:02:54,track
"Rock The Bop","Brenda Lee","Love You!",00:02:12,track
Baron,"Bloodest Saxophone","Rhythm and Blues",00:05:01,track
"Oh Yeah","Big Bad Voodoo Daddy","Save My Soul",00:04:37,track
"Cherry Poppin' Daddy Strut","Cherry Poppin' Daddies","Zoot Suit Riot",00:03:06,track
"5 10 15 Hours","Daisy June & the Loose","Straying Mama",00:03:50,track
"Voodoo Queen","Doc & The Mads","Doc & The Mads",00:02:34,track
"Messed Up","Doctor Velvet","New Breed",00:02:05,track
"C’mon Everybody","Eddie Cochran","12 Of His Biggest Hits",00:01:58,track
"Try Me","Dana Gillespie",Experienced,00:03:50,track
"My Man's An Undertaker","Hannah Gill","Spooky Jazz, Vol. 2",00:03:26,track
"Blackout Snow White","Jonny Barber & The Rhythm Razors","Western Riot!",00:02:51,track
Y'hoo,"Imelda May","No Turning Back",00:02:29,track
Sandu,"Hot Sugar Band","Wondering Where",00:04:22,track
"Be Mine (little Baby)","Louis Prima & Keely Smith & Sam Butera & The Witnesses","The Wildest! (Expanded Edition)",00:02:35,track
"New Socks","MFC Chicken","Goin' Chicken Crazy",00:02:08,track
"Rock Doc","Louis Jordan","Rock 'N' Roll",00:02:21,track
"Tutti Frutti","Little Richard","Here's Little Richard (Deluxe Edition)",00:02:24,track
"Almost Grown","Mike Sanchez and His Band & Imelda May","Almost Grown",00:02:16,track
Driftin',"Mike Sanchez and His Band & Imelda May","Almost Grown",00:04:26,track
"Every Night In The Week","Mike Sanchez and His Band & Imelda May","Almost Grown",00:02:44,track
"Let The Good Times Roll","Mike Sanchez and His Band & Imelda May","Almost Grown",00:02:47,track
"Let’s Have A Party","Mike Sanchez and His Band & Imelda May","Almost Grown",00:04:01,track
"Voodoo Voodoo","Mike Sanchez and His Band & Imelda May","Almost Grown",00:02:34,track
"My Man","Mike Sanchez and His Band & Imelda May","Almost Grown",00:02:45,track
Shirley,"Mike Sanchez and His Band & Imelda May","Almost Grown",00:02:50,track
"Wear Your Black Dress","Mike Sanchez and His Band & Imelda May","Almost Grown",00:03:05,track
"Stand By Me","Nasty Boogie","Moanin´at Midnight",00:03:19,track
"Lollipop Mama","Nasty Boogie","Moanin´at Midnight",00:04:02,track
"Up The Line","Nasty Boogie","Moanin´at Midnight",00:03:40,track
"Real Gone Lover","Rockin' Louie","Rockin' Louie and the Mamma Jammers",00:03:15,track
"How High The Moon","Slim Gaillard","Slim Gaillard Rides Again",00:04:33,track
"You're Driving Me Crazy","Roomful Of Blues","That's Right!",00:04:31,track
"Look At That Cadillac","Stray Cats","Rant 'N' Rave With The Stray Cats",00:04:04,track
"Goin' Home","The Blue Flagships","After Hours Joints",00:06:02,track
"Rude Bad Boy - 2018","The Wise Guyz","Midnight Cruise",00:03:10,track
"Papa Ain't Slaty","The Blue Flagships","After Hours Joints",00:05:01,track
"Rocket 88","Bill Haley & The Saddlemen","Gravy Train - Hillbilly Meets R&B Before Elvis Presley",00:02:34,track
"Lotta Lovin'","Gene Vincent","Presenting Gene Vincent",00:02:11,track
"Let It All Hang Out","Honeyboy Slim & The Bad Habits","Honeyboy Slim & The Bad Habits",00:02:49,track
"Mop! Mop!","Louis Jordan & His Tympany Five","Presenting Louis Jordan & His Tympany Five",00:02:58,track
"Choo Choo Ch’ Boogie","Alpha Rhythm Kings & Tammi Savoy","Choo Choo Ch’ Boogie",00:02:43,track
"Fools Are Getting Scarcer","Alpha Rhythm Kings","Sharp Dressed Men",00:02:49,track
"The Anaheim Hop","Alpha Rhythm Kings","Sharp Dressed Men",00:02:34,track
"Keep A Dollar In Your Pocket","Alpha Rhythm Kings","Sharp Dressed Men",00:02:50,track
"School Days","Alpha Rhythm Kings","Sharp Dressed Men",00:02:57,track
"The Fly","Chubby Checker","Chubby Checker Classics",00:02:23,track
"The Hucklebuck","Chubby Checker","Chubby Checker Classics",00:02:28,track
"Pony Time","Chubby Checker","Chubby Checker Classics",00:02:28,track
"The Watusi","Chubby Checker","It's Pony Time/Let's Twist Again",00:02:34,track
"Walking Out On You","Colin Paul","Shake It Up - Rock 'n' Roll No' 2",00:03:08,track
"Good Luck Charm","Elvis Presley","Elvis Presley Essentials : The King of Rock'N'Roll",00:02:24,track
"Got A Funny Feeling","Colin Paul","Shake It Up - Rock 'n' Roll No' 2",00:02:55,track
"Dance To The Bop","Gene Vincent","Presenting Gene Vincent",00:02:16,track
"She's Not You","Elvis Presley","Elvis Presley Essentials : The King of Rock'N'Roll",00:02:05,track
Paralyzed,"Elvis Presley",Elvis,00:02:24,track
"Return To Sender","Elvis Presley","Elvis Presley Essentials : The King of Rock'N'Roll",00:02:04,track
"Tutti Frutti","Elvis Presley","Elvis Presley Essentials : The King of Rock'N'Roll",00:01:57,track
"When My Blue Moon Turns To Gold Again","Elvis Presley",Elvis,00:02:22,track
"Stuck On You","Elvis Presley","Elvis Presley Essentials : The King of Rock'N'Roll",00:02:18,track
"How Can You Leave A Man Like This?","LaVern Baker","Wild, Wild Women",00:02:39,track
"Fee Fi Fo Fum","LaVern Baker","Wild, Wild Women",00:02:43,track
Bop-ting-a-ling,"LaVern Baker","Wild, Wild Women",00:03:06,track
"Jim Dandy","LaVern Baker","Wild, Wild Women",00:02:42,track
"The Walk","Nasty Boogie","The Walk",00:03:17,track
"Thirty Days","Nasty Boogie","Moanin´at Midnight",00:05:27,track
"I'm Mad At You","Paul Ansell's Number Nine","Edge of the Road",00:02:12,track
"Done Got Over It","Paul Ansell's Number Nine","Edge of the Road",00:02:58,track
"Must Be Catchin'","Paul Ansell's Number Nine","Edge of the Road",00:01:43,track
"Wanna Do More","Paul Ansell's Number Nine","Edge of the Road",00:02:42,track
"What Is This Thing","Paul Ansell's Number Nine","Edge of the Road",00:03:09,track
"Somebody Touched Me","Ruth Brown","Wild, Wild Women",00:02:28,track
"Old Man River","Ruth Brown","Wild, Wild Women",00:02:16,track
"As Long As I'm Movin'","Ruth Brown","Wild, Wild Women",00:02:45,track
"I Want To Do More","Ruth Brown","Wild, Wild Women",00:02:50,track
"Wild, Wild Young Men","Ruth Brown","Wild, Wild Women",00:02:33,track
"Have Horn Will Travel","Sax Gordon","Have Horn Will Travel",00:03:12,track
"Baby Please Don't Go","The Big Jamboree","A Night of Jump Blues",00:02:32,track
"Get Out","The Big Jamboree","A Night of Jump Blues",00:03:21,track
"Love Roller Coaster","The Big Jamboree","A Night of Jump Blues",00:02:09,track
"A Room Full Of Blues","The Big Jamboree","A Night of Jump Blues",00:03:32,track
"Buick '48","Wes Pudsey and The Sonic Aces","The Road to Rhythm",00:02:51,track
"They Call Me The Fat Man","The Big Jamboree","A Night of Jump Blues",00:03:36,track
"Saturday Night","The Big Jamboree","A Night of Jump Blues",00:03:21,track
"Choo Choo Ch'boogie","Big Bad Voodoo Daddy","Louie Louie Louie",00:02:56,track
"Is You Is, Or Is You Ain't My Baby?","Big Bad Voodoo Daddy","Louie Louie Louie",00:04:04,track
"Jump With My Baby","Big Bad Voodoo Daddy","Big Bad Voodoo Daddy",00:06:11,track
"Mean Woman Blues","Elvis Presley","Elvis Presley Essentials : The King of Rock'N'Roll",00:02:19,track
"Money Honey","Elvis Presley","Elvis Presley Essentials : The King of Rock'N'Roll",00:02:35,track
"Knock Me A Kiss","Big Bad Voodoo Daddy","Louie Louie Louie",00:02:47,track
"Ready Teddy","Elvis Presley","Elvis Presley Essentials : The King of Rock'N'Roll",00:01:54,track
"450 Pound Woman","Floyd Dixon","Wake Up And Live!",00:02:20,track
"Dance The Thing","Floyd Dixon","Essential Classics, Vol. 791: Floyd Dixon",00:02:40,track
"Girl Fifteen","Floyd Dixon","Essential Classics, Vol. 791: Floyd Dixon",00:02:46,track
"Doin' The Town","Floyd Dixon","Essential Classics, Vol. 791: Floyd Dixon",00:02:46,track
"Oh Baby","Floyd Dixon","Essential Classics, Vol. 791: Floyd Dixon",00:02:17,track
"Let's Dance","Floyd Dixon","Essential Classics, Vol. 791: Floyd Dixon",00:02:41,track
"Rockin' At Home","Floyd Dixon","Essential Classics, Vol. 791: Floyd Dixon",00:02:45,track
"Wine, Wine, Wine","Floyd Dixon","Essential Classics, Vol. 791: Floyd Dixon",00:02:44,track
"Frankie And Johnny","Jerry Lee Lewis","Jerry Lee's Greatest",00:02:34,track
"Great Balls Of Fire","Jerry Lee Lewis","Jerry Lee's Greatest",00:01:52,track
Money,"Jerry Lee Lewis","Jerry Lee's Greatest",00:02:38,track
"Banana Split For My Baby","Keely Smith & Louis Prima & Sam Butera & The Witnesses","Hey Boy! Hey Girl! (Expanded Edition)",00:02:32,track
"Jump And Shout","Laura B & The Moonlighters","Jump and Shout",00:02:28,track
"No Mama No Papa","Laura B & The Moonlighters","Jump and Shout",00:02:23,track
"Act Right","Laura B & The Moonlighters","Jump and Shout",00:02:57,track
"Down By The River","Laura B & The Moonlighters","Jump and Shout",00:03:01,track
"Elevator Boogie","Laura B & The Moonlighters","Jump and Shout",00:02:55,track
"On Revival Day","Laura B & The Moonlighters","Jump and Shout",00:03:27,track
"Whole Lotta Shakin' Going On","Laura B & The Moonlighters","Jump and Shout",00:03:29,track
"Lucky Me","Linda Gail Lewis","Heartbreak Highway",00:03:35,track
"Old Time Rock And Roll","Linda Gail Lewis","Rock 'n' Roll",00:02:47,track
"Slow Down Brother","Linda Gail Lewis","Hungry Hill",00:02:25,track
"You Can Have My Husband","Linda Gail Lewis","Rock 'n' Roll",00:03:05,track
"Long Tall Sally","Little Richard","Good Golly!",00:02:08,track
"Tutti Frutti - Take 2","Little Richard","Good Golly!",00:02:24,track
"Good Golly, Miss Molly","Little Richard","Good Golly!",00:02:09,track
"Natural Guy","Louis Prima & Sam Butera & The Witnesses & Keely Smith","The Call Of The Wildest (Expanded Edition)",00:02:13,track
"I've Got The World On A String","Louis Prima & Keely Smith & Sam Butera & The Witnesses","Wild, Cool & Swingin'",00:02:28,track
"Get On The Right Track","Ray Charles","Yes Indeed!",00:02:22,track
"Roll With My Baby","Ray Charles","What'd I Say",00:02:37,track
"Let The Good Times Roll","Ray Charles","The Genius Of Ray Charles",00:02:52,track
"Beep! Beep!","Louis Prima & Sam Butera & The Witnesses","The Call Of The Wildest (Expanded Edition)",00:02:15,track
"Yes Indeed!","Ray Charles","Yes Indeed!",00:02:18,track
"Swanee River Rock (talkin' 'bout That River)","Ray Charles","Yes Indeed!",00:02:23,track
Crash,"The Wise Guyz","Hot Summer Nights",00:02:45,track
"It's Not Right","The Wise Guyz","Don't Touch My Greasy Hair!",00:02:58,track
Heat,"The Wise Guyz","Don't Touch My Greasy Hair!",00:03:25,track
"Do It Again, Please","Wynonie Harris","Lovin' Machine",00:02:20,track
"A Tale Of Woe","Wynonie Harris","Lovin' Machine",00:02:47,track
"All Night Long","Wynonie Harris","Lovin' Machine",00:02:16,track
"All She Wants To Do Is Mambo","Wynonie Harris","Lovin' Machine",00:02:24,track
"My Playful Baby's Gone","Wynonie Harris","Lovin' Machine",00:02:29,track
"Lovin' Machine","Wynonie Harris","Lovin' Machine",00:02:26,track
"Fishtail Blues","Wynonie Harris","Sweet Lucy Brown (Original Recordings 1951 - 1960)",00:02:38,track
Nighttrain,"Wynonie Harris","Lovin' Machine",00:03:03,track
"That's Me Right Now","Wynonie Harris","Lovin' Machine",00:02:02,track
"Shake That Thing","Wynonie Harris","28 Big Ones",00:02:16,track
"Don't Be Cruel","Colin Paul","Shake It Up - Rock 'n' Roll No' 2",00:02:05,track
"Well, I Knocked, Bim Bam","Gene Vincent","Presenting Gene Vincent",00:02:15,track
"Say Mama","Gene Vincent","Presenting Gene Vincent",00:02:12,track
"Hot Dollar","Gene Vincent","Presenting Gene Vincent",00:02:22,track
"I Want A Roof Over My Head","Louis Jordan & His Tympany Five","Presenting Louis Jordan & His Tympany Five",00:02:41,track
"Every Man To His Own","Louis Jordan & His Tympany Five","Presenting Louis Jordan & His Tympany Five",00:03:19,track
"Capay Sunset","DangerForce 5","Kick The Tank",00:05:09,track
"Knock Me A Kiss","Louis Jordan & His Tympany Five","Presenting Louis Jordan & His Tympany Five",00:02:49,track
"Hi Yo Silver","Mike Pedecin","Burnt Toast and Black Coffee",00:02:22,track
"Louisville Lodge Meeting","Louis Jordan & His Tympany Five","Presenting Louis Jordan & His Tympany Five",00:03:31,track
"Little Red Rose","Mike Pedecin","Burnt Toast and Black Coffee",00:01:59,track
"St James Infirmary","Mike Pedecin","Burnt Toast and Black Coffee",00:01:56,track
"You Gotta Go","Mike Pedecin","Burnt Toast and Black Coffee",00:02:12,track
"Shake A Hand - Alt Take","Mike Pedecin","Burnt Toast and Black Coffee",00:02:14,track
"M-m-m Boy","Mike Pedecin","Burnt Toast and Black Coffee",00:02:15,track
"Sidetrack Mama","Mr.Black & The 5000 Cadillacs",Crossroads,00:02:22,track
"Wiggle Toe","Oscar McLollie & His Honey Jumpers","Hey Lollie Lollie!: The Modern Recordings 1953-55",00:02:35,track
"How Long","Rumble King","One More For The Road",00:03:50,track
Brazil,"The Coasters","The Coasters",00:02:23,track
"Beechwood 4-5789","The Marvelettes",Playboy,00:02:14,track
"Smokey Joe's Cafe","The Coasters","The Coasters",00:02:47,track
Searchin',"The Coasters","The Coasters",00:02:40,track
"Dont Make Me Wait Too Long","The Primer Kings","The Kustom sound of...",00:02:16,track
"Way Over There","The Marvelettes","Please Mr. Postman",00:02:24,track
"Annie Had A Baby","The Medallions","Watcha Gonna Do",00:02:50,track
"Let´s Go Baby","The Primer Kings","The Kustom sound of...",00:02:45,track
"Everybody´s Dancin´","The Primer Kings","The Kustom sound of...",00:03:03,track
"Hang Five","DangerForce 5","Kick The Tank",00:05:25,track
"Everybody Laughs","David Byrne feat. Ghost Train Orchestra","Who Is The Sky?",00:03:48,track
"Inevitable Sorrow","Freya Josephine Hollick",Unknown,00:05:08,track
"Can We be Still","Georgia Harmer","Eye of the Storm",00:03:54,track
"Another Saturday Night","Gina Sicilia","Bring It On Home: A Tribute To Sam Cooke",00:02:37,track
"Wayfaring Stranger","Half Deaf Clatch","Gazing Through Aeons",00:04:04,track
"How Does That Sound","Morgan Myles",Unknown,00:03:47,track
"Little Martha","Steve T Hunter","Back To The Past",00:02:14,track
Layla,"Steve T Hunter","Back To The Past",00:05:20,track
"While My Guitar Gently Weeps","Steve T Hunter","Back To The Past",00:04:54,track
"All Around You",Watchhouse,Rituals,00:03:14,track
"In The Caves","Jason Beers","In The Caves",00:02:59,track
"Backseat Driver","Katie Pruitt","The Pleasantville Sessions",00:03:47,track
Comanche,"Kelsey Waldon","Every Ghost",00:03:09,track
"My Kin","Kelsey Waldon","Every Ghost",00:03:44,track
"Nursery Rhyme","Kelsey Waldon","Every Ghost",00:03:20,track
"Sun Fish",Kioea,"Electric Surf",00:03:32,track
"The Last Stand","Lasse Fruergaard","Flowers to the Silver Moon",00:02:21,track
"Wooden Horse","Lewis Bailey","Another Date With The NovaRays",00:02:31,track
"Love You To Death Ft. Jen ""Hellcat"" Blackwood","Screamin' Sins",Unknown,00:03:04,track
"When It's Raining","Country Mama Annie","Heartache In Your Hand: Startime Country",00:02:30,track
"No Kings","Tennessee Brando",Unknown,00:01:58,track
"A Cheat","Sanford Clark","The Fool",00:02:41,track
"A Cross Eyed Alley Cat","Sanford Clark","The Fool",00:02:04,track
"Bad Luck","Sanford Clark","The Fool",00:02:32,track
"Ain't Nobody Here But Us Chickens","Sanford Clark","The Fool",00:02:39,track
"Darling Dear","Sanford Clark","The Fool",00:02:22,track
"Don't Care","Sanford Clark","The Fool",00:01:54,track
"Don't Cry","Sanford Clark","The Fool",00:02:38,track
"Every Minute Of The Day","Sanford Clark","The Fool",00:02:00,track
"Go On Home","Sanford Clark","The Fool",00:01:59,track
"I Can't Help It","Sanford Clark","The Fool",00:02:18,track
"Lonesome For A Letter","Sanford Clark","The Fool",00:01:53,track
"Lou Be Dou","Sanford Clark","The Fool",00:01:57,track
"Love Charms","Sanford Clark","The Fool",00:02:16,track
"New Kind Of Fool","Sanford Clark","The Fool",00:01:28,track
"Modern Romance","Sanford Clark","The Fool",00:02:03,track
"My Jealousy","Sanford Clark","The Fool",00:02:13,track
"Nine Pound Hammer","Sanford Clark","The Fool",00:02:24,track
"Ooo Baby","Sanford Clark","The Fool",00:01:55,track
"Promise Me Baby","Sanford Clark","The Fool",00:02:00,track
"Run Boy Run","Sanford Clark","The Fool",00:02:15,track
"Pledging My Love","Sanford Clark","The Fool",00:02:15,track
"Sing 'Em Some Blues","Sanford Clark","The Fool",00:02:14,track
"Still As The Night","Sanford Clark","The Fool",00:02:46,track
"Son Of A Gun","Sanford Clark","The Fool",00:02:38,track
"That's The Way I Feel","Sanford Clark","The Fool",00:02:02,track
"Swanee River Rock","Sanford Clark","The Fool",00:02:57,track
"The Fool","Sanford Clark","The Fool",00:02:46,track
"The Glory Of Love","Sanford Clark","The Fool",00:02:08,track
"The Man Who Made An Angel Cry","Sanford Clark","The Fool",00:02:15,track
"Till My Baby Comes Home","Sanford Clark","The Fool",00:02:06,track
"Travelin' Man","Sanford Clark","The Fool",00:02:16,track
"Usta Be My Baby","Sanford Clark","The Fool",00:02:04,track
"Why Did I Choose You","Sanford Clark","The Fool",00:02:56,track
Spyder,"Buffalo Highlites","Snow Surfin'! - Rare '60s Surf Slabs From Western New York",00:02:34,track
"Every Friday Night","Dean Winter & the Heat","Wheel of Bliss",00:03:45,track
"Black Gloves","Kreeps (Performing as Grim County Coroners)","Murder, Mystery, And Suspense E.P",00:03:21,track
"There Is a Beach on Walnut Street","Lydia Loveless",Unknown,00:04:30,track
"Mad About","Mel Bryant & the Mercy Makers","Every God Forsaken Morning",00:02:15,track
"Broken Memories",Apostrophe,"The Black Lodge (David Lynch's Tribute)",00:03:30,track
"Twin Peaks Theme","Bebopovsky ","The Black Lodge (David Lynch's Tribute)",00:02:52,track
"Masi biocyrcle",BEMIII,"The Black Lodge (David Lynch's Tribute)",00:03:55,track
"Venture Perilous","Dark Jazz Cafe Assembly","The Black Lodge (David Lynch's Tribute)",00:04:59,track
"Audrey's Dance","Dark Jazz Cafe Assembly","The Black Lodge (David Lynch's Tribute)",00:07:06,track
"Mute Verses II","Bad Angels ","The Black Lodge (David Lynch's Tribute)",00:07:34,track
"Eyes of Black","Dead Melodies ","The Black Lodge (David Lynch's Tribute)",00:06:14,track
"Worship His Shadow","Dead Counterpoint Initiative","The Black Lodge (David Lynch's Tribute)",00:07:38,track
"Cadillac's bones","Detour Doom Ensemble","The Black Lodge (David Lynch's Tribute)",00:03:38,track
"Step Down to the Water","Flooded Fields Quartet feat Manet","The Black Lodge (David Lynch's Tribute)",00:04:14,track
Silence,"HEFT ","The Black Lodge (David Lynch's Tribute)",00:04:32,track
"Lost In The Park","Joel Fausto & Illusion Orchestra","The Black Lodge (David Lynch's Tribute)",00:04:31,track
Húmeda,"Last Call at Nightowls","The Black Lodge (David Lynch's Tribute)",00:06:28,track
IX,"Manet ","The Black Lodge (David Lynch's Tribute)",00:03:20,track
"Blue Dream","Macelleria Mobile di Mezzanotte","The Black Lodge (David Lynch's Tribute)",00:04:11,track
Reckless,"Marlowe Dies","The Black Lodge (David Lynch's Tribute)",00:01:54,track
"The Moon Divers","Michael Arthur Holloway","The Black Lodge (David Lynch's Tribute)",00:03:16,track
"Angelo Don't Look at Me","Martin Burlas","The Black Lodge (David Lynch's Tribute)",00:04:59,track
"Empty Floors","Midnight Smoke","The Black Lodge (David Lynch's Tribute)",00:03:24,track
"To Laura (New Mix)",Neononne,"The Black Lodge (David Lynch's Tribute)",00:04:01,track
"To Suffer in Silence","Pleasure of Decay","The Black Lodge (David Lynch's Tribute)",00:06:49,track
"Detective Holmes",Noctuid,"The Black Lodge (David Lynch's Tribute)",00:06:54,track
"La Ville Sans Nom (dusk mix)","Satvrne ","The Black Lodge (David Lynch's Tribute)",00:05:54,track
"The Owls Shine","Segensklang ","The Black Lodge (David Lynch's Tribute)",00:06:34,track
"Into The Endless Night","Radio Roadhouse","The Black Lodge (David Lynch's Tribute)",00:07:41,track
"Nocturne Key","Six Fingered People","The Black Lodge (David Lynch's Tribute)",00:05:58,track
"In Heaven","The Lovecraft Sextet ","The Black Lodge (David Lynch's Tribute)",00:05:58,track
戦争,"Senketsu No Night Club","The Black Lodge (David Lynch's Tribute)",00:07:33,track
"Upswing for the downbeat","Vainoras and the altar of the drill","The Black Lodge (David Lynch's Tribute)",00:06:01,track
Krakau,"Trigg & Gusset ","The Black Lodge (David Lynch's Tribute)",00:06:03,track
"Walking Black Hole","The Orchestra of Mirrored Reflections","The Black Lodge (David Lynch's Tribute)",00:06:39,track
"Quiet Song","VOU VOU","The Black Lodge (David Lynch's Tribute)",00:04:28,track
"The Void","Waveshard ","The Black Lodge (David Lynch's Tribute)",00:05:57,track
"Keep On feat. The Secret Sisters","Tami Neilson","Neon Cowgirl",00:03:18,track
"Loneliness Of Love","Tami Neilson","Neon Cowgirl",00:04:25,track
"Neon Cowgirl feat. Neil Finn","Tami Neilson","Neon Cowgirl",00:03:25,track
"Breathe Again","Zoe FitzGerald Carter",Unknown,00:04:24,track
"Free As the Ocean","I. Jeziak and The Surfers","I. Jeziak and The Surfers",00:02:26,track
"Bite Down",Rosali,"Slow Pain: Live and Solo from Drop of Sun",00:04:19,track
"Slow Pain",Rosali,"Slow Pain: Live and Solo from Drop of Sun",00:04:07,track
"You Never Can Tell (C'est la Vie)","Elisabeth Hope",Unknown,00:03:26,track
Unwise,"Helene Neijmeijer",Unknown,00:03:53,track
Blu-argento,"Franco Tonani","Sfere Luminose",00:02:31,track
"Lento - From ""due Monologhi Per Viola""","Antonio Riccardo Luciani","Cello Passion (A Fine Cello Solos Collection)",00:03:38,track
Tenerezze,"Luigi Zito","Malibu Public Library: Lost Euro-Funk Jams & Library Music",00:03:20,track
Candlelight,"Silvano Chimenti","Quality Time",00:02:53,track
Placido,"Sestetto Dino Piana & Oscar Valdambrini","10 situazioni",00:04:37,track
Mireille,"Cicci Santucci & Enzo Scoppa",Mirage,00:02:31,track
Scoramento,"Massimo Catalano & Remigio Ducros",Idee,00:02:06,track
Confronto,Lesiman,"Here and Now 2",00:02:18,track
"Foggy Town","Alessandro Alessandroni","Panoramic Feelings (Mellow Carefree Lounge Music)",00:03:02,track
Storyville,"Farlocco & The Swingers","Giochiamo Insieme",00:02:50,track
"Come Sinfonia","Franco Bracardi",Bonito,00:03:21,track
Feasing,"E. Pieranunzi & S. Chimenti","Freedom Power",00:04:35,track
"Metropolis Notte","G. Ducros","Freedom Power",00:03:16,track
"Lounge Bossa","Franco Altissimi","Italian Bossa",00:03:07,track
"Katja's Wings","Gabriele Ducros","Le Ali di Katja (Original Motion Picture Soundtrack)",00:03:04,track
"Summer In Love","I Marc 4 & Edda Dell'Orso","S.M. 2001",00:03:13,track
"Take Eight","King Zerand Orchestra","Musica Per L'Immagine II",00:04:01,track
"Circuito Chiuso","Armando Sciascia","Psych Funk 101",00:03:36,track
"Seaweed (from ""summer Dreams"")","Carlo Savina And His Orchestra","Mondo Italiano, Vol. 1",00:03:07,track
Lucy,"Puccio Roelens","La Musica Di Puccio Roelens",00:02:31,track
Relax,"Remigio Ducros","Lo Sport",00:02:53,track
Traffic,Ninety,Psycheground,00:06:21,track
Kilimangiaro,"Romolo Grano & Gianni Oddi","Le Montagne Della Luce",00:03:56,track
"Dollars And Spaghetti","Vittorio Impiglia","Spaghetti Western Story",00:02:25,track
"White Sands","Alessandro Alessandroni","Panoramic Feelings (Mellow Carefree Lounge Music)",00:02:58,track
"Madame Lulu","Amedeo Tommasi","Spaghetti Western Story",00:02:01,track
"Le Belle 7","Franco Tonani","Sfere Luminose",00:02:08,track
"Accadde A Bali",Arawak,"Accadde a…",00:02:27,track
"Venerdi' Ore 20.30","Daniela Casa & Massimo Catalano","Diggin' in the 1970s",00:02:27,track
"Cocktail Beat","Ernesto Nicelli","Italian Bossa",00:02:27,track
"Dedicato A Twiggy","Gianni Oddi",Style,00:02:27,track
"Fou Rire - Vocal","Gerardo Iacoucci & Paola Massero","Sweet France (Romantic, Nostalgia, Acoustic)",00:02:19,track
"Killer Adios (seq. 1 - Main Titles)","Claudio Tallino","Killer adios - Killer Goodbye (Original Motion Picture Soundtrack)",00:02:41,track
Messaggio,Lesiman,"Here and Now 2",00:03:45,track
"Foggy Night","Massimo Catalano","Foggy Night",00:02:40,track
Chartreuse,"Modern Sound Quartet","Cocktail Bar",00:02:25,track
"Legendary Ballad","Pasquale Castiglione & Paolo Casa","Countryside Life (Good Old Blues and Country Melodies)",00:02:45,track
Visioni,"Silvano Chimenti","New Europa: European Jazz & Funk 1969-1977, Vol. 1",00:02:37,track
"La Notte Muore (orchestra)","Sandro Brugnolini","L'uomo dagli occhiali a specchio",00:02:39,track
"Loving Tenderly","Stefano Torossi",Feelings,00:03:32,track
Tessitura,"Egisto Macchi","Arti e mestieri",00:04:30,track
"Beat Cha Cha","Giovanni Ferroni","Italian Serenade: The Great Italian Beauty",00:03:51,track
Flow,"Amphibian Man",Observer,00:02:43,track
Kaleidoscope,"Amphibian Man",Observer,00:03:17,track
Call,"Amphibian Man",Observer,00:03:26,track
Quagmire,"Amphibian Man",Observer,00:03:14,track
Pyramid,"Amphibian Man",Observer,00:03:16,track
Solstice,"Amphibian Man",Observer,00:03:25,track
Ritual,"Amphibian Man",Observer,00:03:34,track
Search,"Amphibian Man",Observer,00:03:26,track
Urban,"Amphibian Man",Observer,00:03:15,track
"La cugina (Titoli)","Ennio Morricone","La cugina - The Cousin (Original Motion Picture Soundtrack) (Expanded Edition)",00:02:38,track
"La sera, la notte, il giorno","Ennio Morricone","La cugina - The Cousin (Original Motion Picture Soundtrack) (Expanded Edition)",00:04:12,track
"Luanne's Saga",Katatonics,DANGIT!,00:02:08,track
"Psychic Love","Lewis Pugh","Tao Banjo",00:02:53,track
"Feel Alright","Shani Weiss",Unknown,00:03:27,track
"Tsugaru Eleki Bushi","Takeshi Terauchi & Blue Jeans","Tsugaru Jongara",00:05:00,track
"Tsugaru Hanagasa","Takeshi Terauchi & Blue Jeans","Tsugaru Jongara",00:03:51,track
"Tsugaru Jongara Bushi (Kyu Bushi)","Takeshi Terauchi & Blue Jeans","Tsugaru Jongara",00:04:50,track
"Tsugaru Magouta","Takeshi Terauchi & Blue Jeans","Tsugaru Jongara",00:02:38,track
"Tsugaru Yamabiko Bushi","Takeshi Terauchi & Blue Jeans","Tsugaru Jongara",00:03:58,track
"Tsugarusankai Bushi","Takeshi Terauchi & Blue Jeans","Tsugaru Jongara",00:02:46,track
"Between Two Worlds","The Hidden Reefs","Under Plum Lake",00:01:44,track
Sukiyaki,"The Tourmaliners With Kela Sako","Angel Baby & Sukiyaki",00:03:37,track
"Angel Baby","The Tourmaliners With Kela Sako","Angel Baby & Sukiyaki",00:04:34,track
"JoJo & The Seven Seas","The Woodhavens",Barkada,00:02:43,track
"I Came Back Home",Kaydash,"love, love. and other trouble",00:03:14,track
"The Story Of My Life",Kaydash,"love, love. and other trouble",00:03:06,track
"In Your Arms",Kaydash,"love, love. and other trouble",00:03:06,track
"Stand In My Way","Bernie Barlow (feat. Philip Sayce)","Walking Around This Town",00:04:14,track
"Which Way To Go","Bernie Barlow","Walking Around This Town",00:02:54,track
"Stay Right There","Bernie Barlow","Walking Around This Town",00:04:14,track
"Memory Lullaby","Georgia Harmer","Eye of the Storm",00:02:58,track
"Time To Move On","Georgia Harmer","Eye of the Storm",00:02:52,track
"Ice Cream Truck","I. Jeziak and The Surfers","I. Jeziak and The Surfers",00:01:54,track
"The Pinker Moment","Little Kahuna","Leaving Town",00:02:37,track
"Close To You","Margo Price","Hard Headed Woman",00:03:53,track
"Nowhere Is Where","Margo Price","Hard Headed Woman",00:03:32,track
Godspeed,"Mavis Staples","Sad And Beautiful World",00:02:52,track
"Beautiful Strangers","Mavis Staples","Sad And Beautiful World",00:05:58,track
"Everything Burns","Molly Tuttle","So Long Little Miss Sunshine",00:03:45,track
"Golden State of Mind","Molly Tuttle","So Long Little Miss Sunshine",00:04:10,track
"The Highway Knows","Molly Tuttle","So Long Little Miss Sunshine",00:04:11,track
"Bang Bang","Albert Ginés","Exotic Surf Sounds",00:02:47,track
"La Mescalera","Albert Ginés","Exotic Surf Sounds",00:02:55,track
"Animal Poem","Anna Tivel","Animal Poem",00:03:21,track
Meantime,"Anna Tivel","Animal Poem",00:03:19,track
"White Goose","Anna Tivel","Animal Poem",00:04:01,track
"Sapphire Blue","Meredith Moon","From Here To The Sea",00:04:14,track
"SEA OF GLASS","The Fathoms","HARD TO FATHOM",00:03:44,track
"I'll Be Long Gone","Boz Scaggs",Detour,00:04:48,track
"She Explains Things To Me","David Byrne feat. Ghost Train Orchestra","Who Is The Sky?",00:02:19,track
"What Is The Reason For It?","David Byrne feat. Ghost Train Orchestra & Hayley Williams","Who Is The Sky?",00:03:11,track
"The Avant Garde","David Byrne feat. Ghost Train Orchestra","Who Is The Sky?",00:03:42,track
"Stories We Tell","Grant-Lee Phillips","In the Hour of Dust",00:03:46,track
"Little Men","Grant-Lee Phillips","In the Hour of Dust",00:03:42,track
"No Mistaking","Grant-Lee Phillips","In the Hour of Dust",00:04:15,track
"Sister Golden Hair","Morgan Myles",Unknown,00:03:20,track
"One for Beanie","Sun Bus","Tune In, Turn Up, Paddle Out",00:03:44,track
"Gloomy Sunday","Paul Robeson",Unknown,00:02:55,track
"Gloomy Sunday","Kronos Quartet",Caravan,00:03:28,track
"Gloomy Sunday","Paul Whiteman & Johnny Hauser",Unknown,00:03:29,track
"Gloomy Sunday","Diamanda Galas",Unknown,00:03:02,track
"Gloomy Sunday","Rezso Seress",Unknown,00:03:30,track
"Gloomy Sunday","Marianne Faithfull",Unknown,00:03:14,track
"Glommy sunday","Serge Gainsbourg","L'intйgrale (vol.11)",00:03:45,track
"Gloomy Sunday","Lydia Lunch","The Blair Witch Project OST",00:03:23,track
"Das Lied Vom Traurigen Sonntag","Ben Becker","Gloomy Sunday",00:04:07,track
"Gloomy Sunday","Heather Nova",Unknown,00:04:31,track
"Gloomy Sunday","Gitane Demone","Heavenly Voices Part 1",00:03:43,track
"Gloomy Sunday",Bjork,"walden's pond",00:05:34,track
"Gloomy Sunday","Andras und Ilona",Unknown,00:03:03,track
"Gloomy Sunday","Sarah Brightman","La Luna",00:03:47,track
"Gloomy Sunday","Loreena McKennitt",Unknown,00:04:45,track
"Gloomy Sunday","Tori Amos",Unknown,00:04:45,track
"Gloomy Sunday","Sarah McLachlan","Rarities B-Sides and Other Stuff",00:04:48,track
Lobby,"The Kilimanjaro Darkjazz Ensemble","The Kilimanjaro Darkjazz Ensemble",00:06:58,track
Shivers,"Rowland S. Howard","Six Strings That Drew Blood",00:05:08,track
Faul,"Bohren & Der Club Of Gore",Dolores,00:05:56,track
Orgelblut,"Bohren & Der Club Of Gore",Dolores,00:06:13,track
"Schwarze Biene (Black Maja)","Bohren & Der Club Of Gore",Dolores,00:08:11,track
"Still Am Tresen","Bohren & Der Club Of Gore",Dolores,00:03:59,track
Staub,"Bohren & Der Club Of Gore",Dolores,00:07:51,track
"Von Schnäbeln","Bohren & Der Club Of Gore",Dolores,00:03:57,track
Unkerich,"Bohren & Der Club Of Gore",Dolores,00:05:31,track
Welk,"Bohren & Der Club Of Gore",Dolores,00:06:19,track
Welten,"Bohren & Der Club Of Gore",Dolores,00:06:54,track
"Dandys Lungern durch die Nacht","Bohren & Der Club Of Gore","Gore Motel",00:05:05,track
"Conway Twitty zieh mit mir","Bohren & Der Club Of Gore","Gore Motel",00:06:01,track
"Der Maggot Tango","Bohren & Der Club Of Gore","Gore Motel",00:04:15,track
"Die Fulci Nummer","Bohren & Der Club Of Gore","Gore Motel",00:04:57,track
"Dangerflirt mit der Schlägerbitch","Bohren & Der Club Of Gore","Gore Motel",00:06:20,track
"Die Nahtanznummer, Teil 2","Bohren & Der Club Of Gore","Gore Motel",00:06:33,track
"Gore Motel","Bohren & Der Club Of Gore","Gore Motel",00:06:45,track
"Gore Musik","Bohren & Der Club Of Gore","Gore Motel",00:07:56,track
"Texas Keller","Bohren & Der Club Of Gore","Gore Motel",00:04:42,track
"Thrash Altenessen","Bohren & Der Club Of Gore","Gore Motel",00:04:34,track
"Deine Kusine","Bohren & Der Club Of Gore","Patchouli Blue",00:03:15,track
"Glaub mir kein Wort","Bohren & Der Club Of Gore","Patchouli Blue",00:05:11,track
"Tief gesunken","Bohren & Der Club Of Gore","Patchouli Blue",00:04:15,track
"Total falsch","Bohren & Der Club Of Gore","Patchouli Blue",00:07:18,track
"Sag mir, wie lang","Bohren & Der Club Of Gore","Patchouli Blue",00:07:39,track
"Verwirrung am Strand","Bohren & Der Club Of Gore","Patchouli Blue",00:05:15,track
"Vergessen & vorbei","Bohren & Der Club Of Gore","Patchouli Blue",00:05:22,track
"Zwei Herzen aus Gold","Bohren & Der Club Of Gore","Patchouli Blue",00:03:14,track
"Fahr zur Hölle","Bohren & Der Club Of Gore","Piano Nights",00:05:35,track
"Bei rosarotem Licht","Bohren & Der Club Of Gore","Piano Nights",00:06:41,track
"Im Rauch","Bohren & Der Club Of Gore","Piano Nights",00:05:29,track
Irrwege,"Bohren & Der Club Of Gore","Piano Nights",00:03:39,track
"Segeln ohne Wind","Bohren & Der Club Of Gore","Piano Nights",00:06:22,track
Unrasiert,"Bohren & Der Club Of Gore","Piano Nights",00:04:44,track
"Cisco Sunset","Lydia Lunch & Rowland S. Howard","Shotgun Wedding",00:05:47,track
"In My Time of Dying","Lydia Lunch & Rowland S. Howard","Shotgun Wedding",00:04:59,track
Incubator,"Lydia Lunch & Rowland S. Howard","Shotgun Wedding",00:05:29,track
"What Is Memory","Lydia Lunch & Rowland S. Howard","Shotgun Wedding",00:05:30,track
Darkstalker,"Bohren & der Club of Gore","Sunset Mission",00:05:43,track
"Midnight Walker","Bohren & der Club of Gore","Sunset Mission",00:07:18,track
"Painless Steel","Bohren & der Club of Gore","Sunset Mission",00:05:47,track
"On Demon Wings","Bohren & der Club of Gore","Sunset Mission",00:07:02,track
"Street Tattoo","Bohren & der Club of Gore","Sunset Mission",00:09:51,track
"Crimson Ways","Bohren & Der Club Of Gore","Black Earth",00:06:44,track
"Grave Wisdom","Bohren & Der Club Of Gore","Black Earth",00:06:33,track
"Maximum Black","Bohren & Der Club Of Gore","Black Earth",00:07:39,track
"Skeletal Remains","Bohren & Der Club Of Gore","Black Earth",00:08:00,track
"Vigilante Crusade","Bohren & Der Club Of Gore","Black Earth",00:07:32,track
"Still Am Sresen","Bohren & Der Club Of Gore",Dolores,00:03:59,track
"Von Schanälbeln","Bohren & Der Club Of Gore",Dolores,00:03:57,track
Urgelblut,"Bohren & Der Club Of Gore",Dolores,00:06:13,track
"Kleiner Finger","Bohren & der Club of Gore",Geisterfaust,00:07:47,track
Daumen,"Bohren & der Club of Gore",Geisterfaust,00:08:07,track
"La Boudoir","Dale Cooper Quartet & The Dictaphones","Parole de Navarre",00:04:19,track
"Elle Corridor","Dale Cooper Quartet & The Dictaphones","Parole de Navarre",00:04:34,track
"Aucun Cave","Dale Cooper Quartet & The Dictaphones","Parole de Navarre",00:06:49,track
"Ma Dressing","Dale Cooper Quartet & The Dictaphones","Parole de Navarre",00:07:35,track
"Sa Vestibule","Dale Cooper Quartet & The Dictaphones","Parole de Navarre",00:03:55,track
"Ma Couloir","Dale Cooper Quartet & The Dictaphones","Parole de Navarre",00:04:46,track
"Ta Grenier","Dale Cooper Quartet & The Dictaphones","Parole de Navarre",00:04:15,track
"Thursday's Child","Tanita Tikaram","The Sweet Keeper",00:03:56,track
"Schwarzer Sabbat Fur Dean Martin","Bohren & Der Club Of Gore","Schwarzer Sabbat Fur Dean Martin",00:06:56,track
"The Diamond Sea","Aux Meadows","Lagniappe Session",00:04:04,track
"Motel in Southern Idaho","Ben Arsenault",Unknown,00:03:15,track
"Catholic Girls Are Easy","Emma Swift","The Resurrection Game",00:04:57,track
"Impossible Air","Emma Swift","The Resurrection Game",00:03:49,track
"No Happy Endings","Emma Swift","The Resurrection Game",00:04:13,track
"How To Be Small","Emma Swift","The Resurrection Game",00:05:19,track
"Nothing and Forever","Emma Swift","The Resurrection Game",00:03:48,track
"Signing Off With Love","Emma Swift","The Resurrection Game",00:05:08,track
"Lena from Palesteena","Glenn Crytzer and His Quartet","The Songbook Sessions (Vol. 1)",00:04:18,track
Whispering,"Glenn Crytzer and His Quartet","The Songbook Sessions (Vol. 1)",00:03:11,track
"I leave town","Inga Lynch feat. Elsa Tootsie and the Mini Band",Unknown,00:04:06,track
"He Forgot That It Was Sunday","John Prine","Lost Dogs & Mixed Blessings Deluxe",00:05:39,track
"Golden Slumbers","Judy Collins","Sings Lennon & McCartney",00:03:40,track
"Penny Lane","Judy Collins","Sings Lennon & McCartney",00:02:56,track
"We Can Work It Out","Judy Collins","Sings Lennon & McCartney",00:02:24,track
"The Long And Winding Road","Judy Collins","Sings Lennon & McCartney",00:03:19,track
"Freight Train","Meredith Moon","From Here To The Sea",00:03:45,track
"Category Five","Meredith Moon","From Here To The Sea",00:04:07,track
"I'll Remember You In The Summer","Meredith Moon","From Here To The Sea",00:02:35,track
"Louisiana Trees","Meredith Moon","From Here To The Sea",00:04:11,track
"Six Strings","Meredith Moon","From Here To The Sea",00:04:00,track
"No Closing Time","Meredith Moon","From Here To The Sea",00:05:15,track
"I Want You",Rock'N'Hall,"BB & The Bullets - High Tide",00:05:33,track
"Black Sunday","The Coffinshakers","We Are the Undead",00:03:22,track
"Return of the Vampire","The Coffinshakers","The Coffinshakers",00:03:08,track
"Last Night Down by the Grave","The Coffinshakers","The Coffinshakers",00:03:10,track
"Walpurgis Night","The Coffinshakers","The Coffinshakers",00:03:39,track
Arrivederci,"The Double Happiness",SPACETIME,00:03:35,track
"The Shift","The Double Happiness",SPACETIME,00:03:09,track
"The Wisdom of Edgar","The Double Happiness",SPACETIME,00:04:29,track
"Satan's Holiday","The Surfrajettes","The Surfrajettes ""Double Feature: Banshee Bop / Satan's Holiday""",00:01:56,track
"Holideath on Ice","William J. Le Petomane","Interstellar Overbite - The Mello Sound of William J. Le Petomane",00:04:10,track
Prototype,"William J. Le Petomane","Interstellar Overbite - The Mello Sound of William J. Le Petomane",00:02:56,track
Saturnation,"William J. Le Petomane","Interstellar Overbite - The Mello Sound of William J. Le Petomane",00:02:52,track
"The Martian Stomp","William J. Le Petomane","Interstellar Overbite - The Mello Sound of William J. Le Petomane",00:03:52,track
"Barbie Girl","Scala & Kolacny Brothers",Solstice,00:03:58,track
"2000 Miles","Scala & Kolacny Brothers",December,00:03:10,track
"California Dreamin'","Scala & Kolacny Brothers",Circle,00:03:13,track
Clandestino,"Scala & Kolacny Brothers",Respire,00:02:25,track
"Black Hole Sun","Scala & Kolacny Brothers",Solstice,00:04:39,track
"Bittersweet Symphony","Scala & Kolacny Brothers","Dream On",00:03:26,track
"Fat Bottomed Girls","Scala & Kolacny Brothers",Solstice,00:02:40,track
"Friday I'm In Love","Scala & Kolacny Brothers","One-Winged Angel",00:02:27,track
"Here, There & Everywhere","Scala & Kolacny Brothers",Dusk,00:03:09,track
Hurt,"Scala & Kolacny Brothers",Dusk,00:04:55,track
"I Feel You","Scala & Kolacny Brothers",Circle,00:03:41,track
"I Don't Like Mondays","Scala & Kolacny Brothers",Solstice,00:04:23,track
"I Want You","Scala & Kolacny Brothers",Gloaming,00:04:16,track
"In The Air Tonight","Scala & Kolacny Brothers",Solstice,00:03:25,track
Ironic,"Scala & Kolacny Brothers",Circle,00:04:19,track
"If You Could Read My Mind","Scala & Kolacny Brothers","One-Winged Angel",00:05:11,track
"The Book of Love","Scala & Kolacny Brothers",Gloaming,00:03:17,track
"Perfect Day","Scala & Kolacny Brothers","Dream On",00:04:25,track
"Life On Mars","Scala & Kolacny Brothers","De Afrekening 32 - CD 2",00:04:00,track
Lithium,"Scala & Kolacny Brothers",Circle,00:07:03,track
"Strong Enough","Scala & Kolacny Brothers",Solstice,00:02:46,track
"True Colors","Scala & Kolacny Brothers",Gloaming,00:02:59,track
"Under Pressure","Scala & Kolacny Brothers",Gloaming,00:03:59,track
"Wicked Game","Scala & Kolacny Brothers",Dusk,00:04:22,track
"With or Without You","Scala & Kolacny Brothers","Scala & Kolacny Brothers",00:04:37,track
"In the Soup","Freddy Canoe",Nosedive,00:02:40,track
"Shake the Tide","Flora Falls","Everyday Love",00:03:38,track
"Tanuki San","Jim And The Sea Dragons","Happy Go Lucky",00:03:02,track
"Nautius' Lullaby","Jim And The Sea Dragons","Happy Go Lucky",00:03:42,track
"The Grooviest Girl On The Beach","Jim And The Sea Dragons","Happy Go Lucky",00:02:28,track
"99 Floors","Kristina Train","County Line",00:03:15,track
Believe,"Kristina Train","County Line",00:03:59,track
"What Does That Make Me","Kristina Train","County Line",00:02:50,track
"Slow Down Old World","Kristina Train","County Line",00:03:01,track
"Just The Other Side Of Nowhere","Kristina Train","County Line",00:03:32,track
"Catalina Farewell","Los Straitjackets","Somos Los Straitjackets",00:02:57,track
Polaris,"Los Straitjackets","Somos Los Straitjackets",00:02:46,track
"Two Steps Ahead","Los Straitjackets","Somos Los Straitjackets",00:02:39,track
"Ruby Tuesday","Marie Celeste","And Then Perhaps",00:04:08,track
Laced,"Morgan Myles",Unknown,00:03:46,track
Daybreak,"Sven Wunder",Daybreak,00:02:18,track
"Scala and Kolacny Bros","With or Without You",Unknown,00:05:29,track
"Misty Shore","Sven Wunder",Daybreak,00:02:54,track
"Can't Hold Your Breath","Amanda Shires","Nobody's Girl",00:04:46,track
"Friend Zone","Amanda Shires","Nobody's Girl",00:04:17,track
Living,"Amanda Shires","Nobody's Girl",00:03:29,track
Lately,"Amanda Shires","Nobody's Girl",00:03:15,track
"Maybe I","Amanda Shires","Nobody's Girl",00:04:21,track
"Lose It For A While","Amanda Shires","Nobody's Girl",00:05:09,track
"Not Feeling Anything","Amanda Shires","Nobody's Girl",00:03:28,track
"Streetlights and Stars","Amanda Shires","Nobody's Girl",00:03:53,track
"New Anthem","Joan Shelley","Real Warmth",00:03:50,track
"The Hum","Joan Shelley","Real Warmth",00:02:04,track
"An Ice Age","Neko Case","Neon Grey Midnight Green",00:03:33,track
"Oh, Neglect...","Neko Case","Neon Grey Midnight Green",00:03:00,track
"Gospel Plough","Robert Plant","Saving Grace",00:04:27,track
"It's A Beautiful Day Today","Robert Plant","Saving Grace",00:03:41,track
"Higher Rock","Robert Plant","Saving Grace",00:03:43,track
"Ticket Taker","Robert Plant","Saving Grace",00:03:40,track
"Bad Girl","Emily Love","Heart of a Fool - Full Album",00:04:45,track
"Dance a Little Closer","Emily Love","Heart of a Fool - Full Album",00:03:15,track
"Two Steps Back","Emily Love","Heart of a Fool - Full Album",00:03:42,track
"Rhinestone Waltz (Toyota Waltz)","Emily Love","Heart of a Fool - Full Album",00:03:42,track
"Me And Tequila","Lorrie Morgan","Dead Girl Walking",00:03:54,track
"Mirror, Mirror","Lorrie Morgan","Dead Girl Walking",00:04:39,track
"What Will I Do?","Lorrie Morgan","Dead Girl Walking",00:04:07,track
Motherfucker,"Screamin Meemies",Unknown,00:03:59,track
Sparrow,"Roller One",Unknown,00:04:28,track
"Something Is Wrong","Screamin` Meemies",Unknown,00:04:50,track
"Lagoons's call","The Ghiblis","High Noon Mirage",00:03:56,track
Laundry,"Lera Lynn","Comic Book Cowboy",00:02:54,track
Rotten,"India Ramey","Baptized by the Blaze",00:02:46,track
"The Mountain","India Ramey","Baptized by the Blaze",00:03:01,track
"Miss Missing You","Maggie Baugh","Dear Me",00:03:05,track
"Mystery Whiskey Woman","Maggie Baugh","Dear Me",00:02:54,track
"Looking At The Sky","Maggie Baugh","Dear Me",00:03:22,track
"Take Me To Church","Maggie Baugh","Dear Me",00:02:56,track
"Giving You Up","Eric Hagen","Make Country Sad Again",00:04:22,track
"Chervona Ruta",VadioRadio,Unknown,00:03:01,track
"Fatal Optimist","Madi Diaz","Fatal Optimist",00:03:06,track
Flirting,"Madi Diaz","Fatal Optimist",00:03:18,track
"Time Difference","Madi Diaz","Fatal Optimist",00:03:31,track
"Why’d You Have To Bring Me Flowers","Madi Diaz","Fatal Optimist",00:04:05,track
Rockets,"The Kilaueas","Magma Chamber",00:02:46,track
"Rotten Beans","The Kilaueas","Magma Chamber",00:04:35,track
"Out Of Sand","Eddie Vedder","Ohana Festival (2016)",00:04:18,track
"Out Of Sand","Eddie Vedder","Out Of Sand",00:03:22,track
"Someone Told Me Twice",Kaydash,Unknown,00:03:13,track
"Holy Moses","Jenna Nicholls","The Commuter",00:04:31,track
"Time Wasn't Wasted","Katie Pruitt","The Pleasantville Sessions",00:03:20,track
"Bound to Rain","Ken Pomeroy","Bound to Rain (Live)",00:02:59,track
"When The Clock Strikes Twelve",Melanie,"Ever Since You Never Heard Of Me",00:03:16,track
Hated,"The Troubled","Fever Dream",00:02:14,track
"Chi Mai","Ennio Morricone & Lisa Gastoni","Maddalena (Original Motion Picture Soundtrack) [Expanded Edition]",00:03:29,track
"Chi Mai","Ennio Morricone & Lisa Gastoni","Maddalena (Original Motion Picture Soundtrack) [Expanded Edition]",00:03:26,track
"Chi Mai","Ennio Morricone & Lisa Gastoni","Maddalena (Original Motion Picture Soundtrack) [Expanded Edition]",00:03:26,track
"Chi Mai","Ennio Morricone","Maddalena (Original Motion Picture Soundtrack) [Expanded Edition]",00:03:36,track
"Chi Mai","Ennio Morricone","Maddalena (Original Motion Picture Soundtrack) [Expanded Edition]",00:03:28,track
"Total Eclipse Of The Heart","The Puppini Sisters","Total Eclipse of the Heart",00:06:18,track
"After A Long Life","Emanuela Hutter","Goose Bumps",00:03:22,track
"One Legged Woman","Emanuela Hutter","Goose Bumps",00:02:50,track
Quiet,"Emanuela Hutter","Goose Bumps",00:03:37,track
"And When You Cry","Emanuela Hutter","Goose Bumps",00:02:59,track
"Today I Forgot To Cry","Emanuela Hutter","Goose Bumps",00:02:54,track
"The Voices","Emanuela Hutter","Goose Bumps",00:03:28,track
"Monday Morning","Emanuela Hutter","Goose Bumps",00:02:58,track
"Kiss Me","Emanuela Hutter","Goose Bumps",00:03:48,track
"Everybody's Valentine","Emanuela Hutter","Goose Bumps",00:03:29,track
"When A Man Loves A Woman","Sammy Kershaw","Muscle Shoals",00:03:05,track
Appalachia,"Emily Scott Robinson",Appalachia,00:04:11,track
"We Stand","The Troubled","Fever Dream",00:02:14,track
"Я горю","The Troubled","Fever Dream",00:02:43,track
"Vile Bones","The Troubled","Fever Dream",00:02:14,track
Stargazer,"The Troubled","Fever Dream",00:02:38,track
Stilettos,"The Troubled","Fever Dream",00:02:42,track
"Fever Dream","The Troubled","Fever Dream",00:02:50,track
"Sow Wheat (feat. Dr. Bugg)","The Troubled","Fever Dream",00:04:55,track
"This Summer (feat. Dr. Bugg)","The Troubled","Fever Dream",00:03:18,track
"Haunted Mountain","Screamin' Meemies","The Trap",00:03:00,track
"Don't Tell Me No Lies","Screamin' Meemies","The Trap",00:00:00,track
Bang!,"Screamin' Meemies","The Trap",00:00:00,track
"Planet Lythion","Screamin' Meemies","The Trap",00:00:00,track
"Something Is Wrong","Screamin' Meemies","The Trap",00:04:55,track
"Drivin' Me Crazy","Screamin' Meemies","The Trap",00:00:00,track
"The Trap","Screamin' Meemies","The Trap",00:00:00,track
"Frozen Heart","Screamin' Meemies","The Trap",00:02:45,track
"Holding the Leash","Sarah Noell",Unknown,00:04:02,track
"Mr Moto","The Balboas","Mr Moto EP",00:02:50,track
"My Foolish Heart","Enric Peidro","JAZZ BETWEEN MIDNIGHT AND DAWN",00:04:54,track
"Blue Velvet","Enric Peidro","JAZZ BETWEEN MIDNIGHT AND DAWN",00:05:22,track
"Right Away","Cash O'riley & the Downright Daddies","Get Lucky, Break Down or Die",00:02:56,track
"Small Town Bonnie","Evelyn Cornell","Small Town Bonnie",00:04:45,track
"Dear Mr Matthews","Evelyn Cornell","Dear Mr Matthew",00:04:47,track
"Broken the chain",Bo,Unknown,00:02:13,track
"Blackbird (feat. Tom Savage)",Backstrom,"Blackbird (feat. Tom Savage)",00:03:57,track
WOMAN,"Tony Joe White + Flying Mojito Bros","The Swamp Fox",00:04:01,track
"Swamp Rap","Tony Joe White + Flying Mojito Bros","The Swamp Fox",00:04:36,track
"Sign of the Lion","Tony Joe White + Flying Mojito Bros","The Swamp Fox",00:04:23,track
"Alligator Stomp","Tony Joe White + Flying Mojito Bros","The Swamp Fox",00:04:48,track
"Jake-Leg Kid","Tony Joe White + Flying Mojito Bros","The Swamp Fox",00:05:43,track
Grounded,"Tony Joe White + Flying Mojito Bros","The Swamp Fox",00:04:09,track
"Wine Spodee-O-Dee","Lightnin Hopkins","Blues In My Bottle (Remastered 2026)",00:03:04,track
Heaven,"Mama's Broke",Unknown,00:03:45,track
"Go Light a Candle (feat. Emmylou Harris & Lera Lynn)","Rodney Crowell","Then Again",00:03:47,track
"My Grandpa Is Old Too! (Remastered 2026)","Lightnin Hopkins","Blues In My Bottle (Remastered 2026)",00:03:00,track
"Jailhouse Blues (Remastered 2026)","Lightnin Hopkins","Blues In My Bottle (Remastered 2026)",00:03:20,track
"Goin' To Dallas To See My Pony Run (Remastered 2026)","Lightnin Hopkins","Blues In My Bottle (Remastered 2026)",00:03:51,track
"Death Bells (Remastered 2026)","Lightnin Hopkins","Blues In My Bottle (Remastered 2026)",00:03:54,track
"Sail On, Little Girl, Sail On (Remastered 2026)","Lightnin Hopkins","Blues In My Bottle (Remastered 2026)",00:04:20,track
"DC-7 (Remastered 2026)","Lightnin Hopkins","Blues In My Bottle (Remastered 2026)",00:04:33,track
"Beans, Beans, Beans (Remastered 2026)","Lightnin Hopkins","Blues In My Bottle (Remastered 2026)",00:02:28,track
"Blues In The Bottle (Remastered 2026)","Lightnin Hopkins","Blues In My Bottle (Remastered 2026)",00:03:17,track
"Catfish Blues (Remastered 2026)","Lightnin Hopkins","Blues In My Bottle (Remastered 2026)",00:04:19,track
"Buddy Brown's Blues (Remastered 2026)","Lightnin Hopkins","Blues In My Bottle (Remastered 2026)",00:04:07,track
"The Highwayman","Glen Campbell","Live Anthology",00:03:23,track
"This Side of the Grass","Daphne Parker Powell",Unknown,00:03:50,track
"Come on Up to the House","Sweet Megg","Massive Negroni",00:03:50,track
"Slip In Mules","Sweet Megg","Massive Negroni",00:04:08,track
"Weed Smokers Dream","Sweet Megg","Massive Negroni",00:03:52,track
"Jazz Noir","John Lee Sanders",Unknown,00:05:04,track
Chokolator,"Dirty Mops","Berlin Depression",00:02:28,track
"No Springtime","Allison Russell","No Springtime",00:03:20,track
Rainbows,"Allison Russell",Rainbows,00:03:26,track
"Way Out","Kalyn Fay",Garden,00:02:58,track
"Tsudadatla Tsisqwa","Kalyn Fay",Garden,00:03:56,track
Windsong,"Kalyn Fay",Garden,00:03:47,track
Spymaster,"Secret Agent",Unknown,00:02:54,track
More,"Kalyn Fay",Garden,00:03:09,track
Seven,"Kalyn Fay",Garden,00:04:08,track
Garden,"Kalyn Fay",Garden,00:04:27,track
Honeysuckle,"Kalyn Fay",Garden,00:04:44,track
Grandmother,"Kalyn Fay",Garden,00:03:46,track
"Cherokee County","Kalyn Fay",Garden,00:04:45,track
Family,"Kalyn Fay",Garden,00:04:32,track
"Turn Me Loose","Angela Tini","Here Comes Trouble",00:02:00,track
"Honey Never Spoils","Angela Tini","Here Comes Trouble",00:02:28,track
"Good Thing","Angela Tini","Here Comes Trouble",00:02:53,track
"Not Lonely For You","Angela Tini","Here Comes Trouble",00:02:45,track
"Forty Cups Of Coffee","Angela Tini","Here Comes Trouble",00:02:54,track
"Here Comes Trouble","Angela Tini","Here Comes Trouble",00:03:11,track
"Don't Let Me Down","Angela Tini","Here Comes Trouble",00:02:43,track
"Baby, Baby (Every Night)","Angela Tini","Here Comes Trouble",00:02:39,track
"Can't Stop Me","Angela Tini","Here Comes Trouble",00:03:14,track
Confess,"Angela Tini","Here Comes Trouble",00:03:29,track
Trouble,"Lonesome Spurs","Lonesome Spurs (Digital Copy Only)",00:02:35,track
"Rollin' (In My Sweet Baby's Arms)","Lonesome Spurs","Lonesome Spurs (Digital Copy Only)",00:03:01,track
"Can You Read My Mind","Sofia Talvik",Unknown,00:04:06,track
"Forastero feat. Dylan Oldham, Yevhen Riechkalov and F. Sorkin","Sys Malakian","Forastero feat. Dylan Oldham, Yevhen Riechkalov and F. Sorkin",00:03:25,track
"Ride Straddle Saloon","Lonesome Spurs","Lonesome Spurs (Digital Copy Only)",00:02:52,track
"Other Side Of Farewell","Lonesome Spurs","Lonesome Spurs (Digital Copy Only)",00:03:13,track
"Pieces I'm Missing","Lonesome Spurs","Lonesome Spurs (Digital Copy Only)",00:03:24,track
Lovesick,"Lonesome Spurs","Lonesome Spurs (Digital Copy Only)",00:03:28,track
"My Home","Lonesome Spurs","Lonesome Spurs (Digital Copy Only)",00:03:50,track
"One Cup Of Coffee","Lonesome Spurs","Lonesome Spurs (Digital Copy Only)",00:02:35,track
"Lonesome Spur Stomp","Lonesome Spurs","Lonesome Spurs (Digital Copy Only)",00:02:13,track
"Honeydippers Stomp","Lonesome Spurs","Lonesome Spurs (Digital Copy Only)",00:01:35,track
"Jack & Coke","Lonesome Spurs","Lonesome Spurs (Digital Copy Only)",00:03:16,track
"He Spelled My Name Wrong","Lonesome Spurs","Lonesome Spurs (Digital Copy Only)",00:02:42,track
"On A Monday (I'm Almost Done)",Leadbelly,"Where Did You Sleep Last Night?",00:02:13,track
"Welcome To My Villain Era","India Ramey","Villain Era",00:02:34,track
"Six Feet Under","India Ramey","Villain Era",00:04:26,track
"We Ride At Dawn","India Ramey","Villain Era",00:03:21,track
"Scattered And Smothered","India Ramey","Villain Era",00:02:39,track
"Booby Trap","The Volcanics","In 3-D",00:03:25,track
"The Wicked","The Montvales","Path of Totality",00:03:55,track
"What Would You Think","The Surf Hermits",Unknown,00:04:27,track
"Hellbent on Colorado","The Montvales","Path of Totality",00:02:53,track
"Funeral Singer","The Montvales","Path of Totality",00:02:54,track
"Loud and Clear","The Montvales","Path of Totality",00:03:12,track
"Runaway Horse","The Montvales","Path of Totality",00:04:31,track
Cincinnati,"The Montvales","Path of Totality",00:03:30,track
Carolina,"The Montvales","Path of Totality",00:02:49,track
"Hurtin' Me Baby","The Krayolas","Barbed Wire Road",00:02:56,track
"Epitaph Road","The Krayolas","Barbed Wire Road",00:03:19,track
"St. George Nights","The Jazztronauts","Out of the Night",00:04:42,track
Sidestep,"The Jazztronauts","Out of the Night",00:05:53,track
"Out of the Night","The Jazztronauts","Out of the Night",00:02:32,track
"Nice Try","The Jazztronauts","Out of the Night",00:03:59,track
"Late Night Run","The Jazztronauts","Out of the Night",00:05:17,track
"Packed Suitcase","The Jazztronauts","Out of the Night",00:05:50,track
"Checked Out","The Jazztronauts","Out of the Night",00:03:19,track
3am,"The Jazztronauts","Out of the Night",00:04:05,track
"Bay Street","The Jazztronauts","Out of the Night",00:04:25,track
"The Call of the Tangaroa","Shorty's Swingin Coconuts","Mai Tai in Hi-Fi, Pt. II",00:02:17,track
"Theme From Joe 90","Shorty's Swingin Coconuts","Mai Tai in Hi-Fi, Pt. II",00:02:12,track
"Pogledaj u nebo",Moussaka,"Južni metal",00:02:33,track
"Theme From Star Trek","Shorty's Swingin Coconuts","Mai Tai in Hi-Fi, Pt. II",00:02:06,track
"Dance Girl, Dance","Shorty's Swingin Coconuts","Mai Tai in Hi-Fi, Pt. II",00:02:03,track
"Mladost mi prolazy",Moussaka,"Južni metal",00:03:48,track
"La Vie En Rose","Madeleine Peyroux","Keep Me In Your Heart For A While: The Best Of Madeleine Peyroux",00:03:21,track
"Imam krila",Moussaka,"Južni metal",00:02:56,track
"La Javanaise","Madeleine Peyroux","Half The Perfect World",00:04:12,track
"Južni metal",Moussaka,"Južni metal",00:03:04,track
"Swallow Me Up","Mad Marge","Dead and Gone",00:03:08,track
"Dance Me To The End Of Love","Madeleine Peyroux","Keep Me In Your Heart For A While: The Best Of Madeleine Peyroux",00:03:57,track
"Other Mother","Mad Marge","Dead and Gone",00:03:26,track
"Most Days","Mad Marge","Dead and Gone",00:04:10,track
"Dancing in the dark","Mad Marge","Dead and Gone",00:03:27,track
"Already Dead","Mad Marge","Dead and Gone",00:04:12,track
"First Bite","Mad Marge","Dead and Gone",00:03:56,track
"Paint it Black","Los Dedos","Paint it Black (single)",00:02:18,track
"One Against the World","Little Kahuna","One Against the World",00:03:13,track
"Burn It Down","Mad Marge","Dead and Gone",00:04:25,track
"Tidal Rush","Little Kahuna","One Against the World",00:03:08,track
Greensleeves,"Mackenzie Shivers",Green,00:04:12,track
"Sunset Surf","Kelompok Pasir Hitam","Nelayan At Six b/w Sunset Surf",00:02:21,track
"Six O'Clock News","Brennan Wedl & Waxahatchee","Six O'Clock News",00:04:33,track
"Nelayan At Six","Kelompok Pasir Hitam","Nelayan At Six b/w Sunset Surf",00:02:33,track
Deportee,"Eilen Jewell",Unknown,00:04:12,track
Mary,"Allison Russell",Rainbows,00:03:43,track
Yesterday,"Abbey Road Panpipe Ensemble","The Beatles on Panpipes (Digital Copy Only)",00:02:24,track
Angel,"Allison Russell",Rainbows,00:04:07,track
"Strawberry Fields Forever","Abbey Road Panpipe Ensemble","The Beatles on Panpipes (Digital Copy Only)",00:03:01,track
Something,"Abbey Road Panpipe Ensemble","The Beatles on Panpipes (Digital Copy Only)",00:03:52,track
"Norwegian Wood","Abbey Road Panpipe Ensemble","The Beatles on Panpipes (Digital Copy Only)",00:02:16,track
Michelle,"Abbey Road Panpipe Ensemble","The Beatles on Panpipes (Digital Copy Only)",00:03:06,track
"Penny Lane","Abbey Road Panpipe Ensemble","The Beatles on Panpipes (Digital Copy Only)",00:02:58,track
"I'll Follow The Sun","Abbey Road Panpipe Ensemble","The Beatles on Panpipes (Digital Copy Only)",00:02:06,track
"The Fool On The Hill","Abbey Road Panpipe Ensemble","The Beatles on Panpipes (Digital Copy Only)",00:03:58,track
"Let It Be","Abbey Road Panpipe Ensemble","The Beatles on Panpipes (Digital Copy Only)",00:04:16,track
"Here, There, and Everywhere","Abbey Road Panpipe Ensemble","The Beatles on Panpipes (Digital Copy Only)",00:02:33,track
"All My Loving","Abbey Road Panpipe Ensemble","The Beatles on Panpipes (Digital Copy Only)",00:02:08,track
"Eleanor Rigby","Abbey Road Panpipe Ensemble","The Beatles on Panpipes (Digital Copy Only)",00:02:08,track
"And I Love Her","Abbey Road Panpipe Ensemble","The Beatles on Panpipes (Digital Copy Only)",00:02:57,track
"Hey Jude","Abbey Road Panpipe Ensemble","The Beatles on Panpipes (Digital Copy Only)",00:04:18,track
More,"Vince Guaraldi & Bola Sete","Vince & Bola",00:04:39,track
More,"The Ventures","Single Collection: Vol. 2",00:01:54,track
More,"Santo & Johnny","Wish You Love / Mucho",00:02:20,track
More,"Vic Damone","Time Life Music 50s 60s plus more (musicfromrizzo)",00:04:01,track
More,"Paul Conrad","Exotic Paradise",00:02:36,track
More,"Nancy Wilson","Hollywood My Way",00:03:11,track
"Mondo Cane","Gran Orquestre Popular de las Americas","Easy Living Vol. 2",00:02:42,track
More,"Matteo Brancaleoni","55 Lounge Soundtracks",00:03:28,track
More,"Martin Denny","Exotic Nights",00:02:44,track
More,"Julie London",Unknown,00:02:39,track
More,"Le London All Star","British Percussion",00:02:16,track
More,"Kai Winding & Orchestra","One Hit Wonders, 1960 To 1979 (A Butterboy Compilation)",00:02:02,track
More,"Hugo Montenegro","Young Beat Of Rome",00:02:11,track
More,"Herb Alpert & The Tijuana Brass",America,00:02:29,track
More,"Gary Mcfarland",Unknown,00:02:21,track
More,"Jack Nitzsche","The Lonely Surfer",00:03:08,track
More,"Dizzy Gillespie","The Cool World & Dizzy Goes ..",00:02:47,track
More,"Frank Sinatra, Count Basie","It Might As Well Be Swing",00:03:04,track
More,"Frank Chacksfield & His Orchestra","The Victors",00:02:21,track
More,"Duke Ellington","Ellington '65",00:02:57,track
More,"Clark Terry Sextet & Ben Webster",More,00:02:32,track
More,"Bill Evans","Plays The Theme From ""The VIPs"" And Other Great Songs",00:02:40,track
More,"Byron Lee and the Dragonaires","Come Fly With Lee",00:03:03,track
More,"Billy May And His Orchestra","As You Remember Them: Great Instrumentals: Volume 1",00:03:57,track
"She Was My Baby","Dale Watson",Unwanted,00:02:41,track
"Willie Waylon And Whiskey","Dale Watson",Unwanted,00:02:46,track
"What The Hell Happened To The Cadillac","Dale Watson",Unwanted,00:02:15,track
"You've Got My Heart","Dale Watson",Unwanted,00:02:45,track
"Life Is Like A Song","Dale Watson",Unwanted,00:03:24,track
"If I Can","Dale Watson",Unwanted,00:02:52,track
"Never Mend The Broken Spoke","Dale Watson",Unwanted,00:03:08,track
"If You Really Love Me (outlive Me)","Dale Watson",Unwanted,00:03:17,track
"Just Yesterday","Dale Watson",Unwanted,00:04:05,track
"Don't Let The Honky Tonks Go","Dale Watson",Unwanted,00:02:46,track
"Gotta Try Harder","Dale Watson",Unwanted,00:02:42,track
More,"Vic Dana","Time-Life Romance Vol 3",00:02:22,track
More,"Rick Nelson","Best Always + Love and Kisses",00:02:00,track
More,"Nat King Cole","Greatest Love Songs",00:02:10,track
More,"Roy Orbison","Roy Orbison’s Many Moods (Remastered)",00:02:17,track
More,"Sara Gazarek","live at the jazz bakery",00:04:30,track
More,"Lena Horne","The Jazz Masters",00:01:41,track
More,Liberace,"Best of Liberace",00:02:23,track
"More (Than The Greatest Love)","Martha & The Vandellas","Heat Wave",00:02:18,track
"Life Savers Girls (More)","Riz Ortolani e Nino Oliviero",Unknown,00:02:49,track
More,"Johnny Mathis",People,00:03:00,track
More,"Kai Winding featuring Kenny Burrell","!!!More!!! (Theme from Mondo Cane)",00:02:02,track
More,"Frankie Avalon","Muscle Beach Party",00:01:42,track
More,"Gene Pitney","Sings The Great Songs Of Our Time-Nobody Needs Your Love",00:02:19,track
More,"Doris Day","Move Over Darling",00:02:54,track
More,"Brook Benton","This Is Brook Benton",00:02:51,track
"Medley: More / Somewhere","Glen Campbell","Glen Campbell Live",00:04:04,track
More,"Danny Williams","orig. United Artists 601",00:03:02,track
More,"Connie Francis","A New Kind of Connie",00:03:05,track
More,"Brenda Lee","By Request",00:02:04,track
More,"Billy Eckstine","In 12 Great Movies",00:02:40,track
More,"Biréli Lagrène",Storyteller,00:03:44,track
More,"Andy Williams","The Very Best Of Andy Williams I",00:02:32,track
More,"Al Martino","Kenny's & Nita's Verzameling",00:02:36,track
More,"Amanda Lear",Tuberose,00:02:13,track
More,Ann-Margret,"1961-1966, Disc 4",00:03:10,track
"Ring Of Fire","UV and the Rays",Rayos,00:03:56,track
"Heart Of Glass","UV and the Rays",Rayos,00:02:57,track
Believe,"UV and the Rays",Rayos,00:04:22,track
Y.M.C.A,"UV and the Rays",Rayos,00:05:12,track
"Unchained Lovers ft Kendra Morris",Tiwayo,Outsider,00:03:00,track
"My House Is Your Home",Tiwayo,Outsider,00:03:13,track
"Mama Gave Me The Will",Tiwayo,Outsider,00:03:10,track
"Dark Skies",Tiwayo,Outsider,00:02:52,track
"I've Got To Travel Alone",Tiwayo,Outsider,00:03:48,track
"Daddy Was Born With The Blues ft Doyle Bramhall II",Tiwayo,Outsider,00:04:39,track
"Hoodoo Woman","Tinsley Ellis",Unknown,00:03:10,track
"Trouble On The Hoof","The Vicissitones","Because I Can't Say It",00:03:16,track
"The Island Of Dale Yee","The Vicissitones","Because I Can't Say It",00:02:37,track
"Because I Can't Say It","The Vicissitones","Because I Can't Say It",00:02:55,track
"Furious On The Skyway","The Vicissitones","Because I Can't Say It",00:03:26,track
"Alma's Arrow","The Vicissitones","Because I Can't Say It",00:02:27,track
"Bela Ciao","The Ouija Chords","Bela Ciao",00:02:35,track
"Volga Negro","The Gagarins","Contra los Fantasmas del Capitalismo",00:03:08,track
"Las Brujas de la Noche","The Gagarins","Contra los Fantasmas del Capitalismo",00:02:51,track
"Camarada Kafka","The Gagarins","Contra los Fantasmas del Capitalismo",00:03:16,track
Drifting,"Flora Falls","Everyday Love",00:03:15,track
"Don't Need Anything","Flora Falls","Everyday Love",00:03:03,track
"Burning Slow","Flora Falls","Everyday Love",00:03:28,track
"Tuesday's Gone",Dreadful,Live'n'Loud,00:07:27,track
"Stormy Monday Blues","Billy Eckstine with And Count Basie Orchestra","This Is Jazz",00:03:14,track
GRIM,"The Gallows Dance","Grim - Single",00:03:31,track
Mehalalel,"Golems of the Red Planet","Surf Masada",00:03:10,track
"You Got Here First","Emma Swift","Down And Out In Party City",00:03:26,track
"Down And Out In Party City","Emma Swift","Down And Out In Party City",00:04:02,track
Sexism,"The Mystification",Unknown,00:03:11,track
"Swipe Right","The Mystification",Unknown,00:03:06,track
"Somebody Hates You","The Mystification",Unknown,00:02:51,track
"You`re Blaming Me","The Mystification",Unknown,00:03:43,track
"More Bullets For The Machine Gun","The Mystification",Unknown,00:03:24,track
Hellelujah,"The Mystification",Unknown,00:03:27,track
"Help Me! Help Me!","The Mystification",Unknown,00:03:34,track
"Looking Fine","The Mystification",Unknown,00:04:55,track
"Absolutely Free","The Mystification",Unknown,00:03:23,track
"Doctor Sleep","The Mystification",Unknown,00:03:49,track
"I Still Carry You",Up-Stairs,Unknown,00:03:26,track
More,"Enoch Light",Unknown,00:02:49,track
More,"Pat Boone","Near You",00:02:14,track
More,"Judy Garland","Magic of Judy Garland",00:02:54,track
More,"The Ray Charles Singers","Something Special for Young Lovers",00:02:24,track
"Autumn Leaves","Steve Allen & George Cates & His Orchestra","Hard To Find Jukebox Classics, Fabulous 50s Instrumentals & More",00:02:32,track
Ashes,"Screamin' Jay Hawkins","Blues Shouter",00:02:49,track
"Stairway to Heaven","Pat Boone","In a Metal Mood: No More Mr. Nice Guy",00:04:59,track
"Sunday Coming","Byron Lee And The Dragonaires","The Man And His Music",00:02:33,track
"Me And Me","Grace Slick","Software (1984)",00:03:57,track
Maybe,J.Honk,Unknown,00:04:55,track
"The Mermaid (summer of 1985)","Tiger Shark Nilsson",Unknown,00:03:08,track
"Walking With His Sleeves Down","The Delines","The Set Up - outside North America orders",00:03:52,track
"The Reckless Life","The Delines","The Set Up - outside North America orders",00:05:41,track
"Jumping Off In Madras","The Delines","The Set Up - outside North America orders",00:02:17,track
"Getting Out Of The Ward","The Delines","The Set Up - outside North America orders",00:02:22,track
"Keep The Shades Down","The Delines","The Set Up - outside North America orders",00:03:15,track
"Dilaudid Diane","The Delines","The Set Up - outside North America orders",00:02:48,track
"The Meter Keeps Ticking","The Delines","The Set Up - outside North America orders",00:03:44,track
"Skylight Twilight","Reese McHenry",Forever,00:03:53,track
"Can You Get Me Out Of Phoenix","The Delines","The Set Up - outside North America orders",00:04:54,track
"The Second Wife","Reese McHenry",Forever,00:03:44,track
"Unfuck Your Friends","Reese McHenry",Forever,00:03:45,track
"I Do What I Want","Reese McHenry",Forever,00:03:06,track
"I Don't Care About Nothing Anymore","Reese McHenry",Forever,00:03:09,track
"Liz Phair's Johnny","Reese McHenry",Forever,00:04:22,track
"Sealed Envelopes","Reese McHenry",Forever,00:04:18,track
"Mississippi Blue","Reese McHenry",Forever,00:04:49,track
Elliot,"Reese McHenry",Forever,00:03:23,track
"Birch Tree Melody","Reese McHenry",Forever,00:04:13,track
Cosmopolitan,"Reese McHenry",Forever,00:04:23,track
"Absolution, Baby","Reese McHenry",Forever,00:03:11,track
"Pendulum Swing","Courtney Marie Andrews",Valentine,00:03:23,track
"The Other Side (feat. Bonnie Sims)","Drunken Hearts",Unknown,00:03:39,track
"Coming Back Around","Jeffrey Silverstein",Unknown,00:04:31,track
"Only The Best For Baby","Courtney Marie Andrews",Valentine,00:02:33,track
"Magic Touch","Courtney Marie Andrews",Valentine,00:02:59,track
Keeper,"Courtney Marie Andrews",Valentine,00:03:13,track
Outsider,"Courtney Marie Andrews",Valentine,00:04:07,track
Hangman,"Courtney Marie Andrews",Valentine,00:03:45,track
"Everyone Wants To Feel Like You Do","Courtney Marie Andrews",Valentine,00:04:04,track
"Cons and Clowns","Courtney Marie Andrews",Valentine,00:04:14,track
"Little Picture Of A Butterfly","Courtney Marie Andrews",Valentine,00:04:46,track
"Pink Living Room","Bella White","A Sign In The Weather",00:03:57,track
"Like This","Brea Robertson",Unknown,00:03:56,track
"While the Womb Screams Silently","Cinder Well","A Blooming Body",00:04:54,track
"Best Friend","Courtney Marie Andrews",Valentine,00:02:53,track
"False Start","Bella White","A Sign In The Weather",00:03:24,track
"Little Things","Bella White","A Sign In The Weather",00:03:30,track
"Dream Song","Bella White","A Sign In The Weather",00:04:36,track
Winter,"The Keeymen","Four SeaSons (EP, 2025)",00:01:58,track
"Flight Of The Seagull","The Screaming Seagulls","Flight Of The Seagull / Taboo",00:03:26,track
Spring,"The Keeymen","Four SeaSons (EP, 2025)",00:01:51,track
Summer,"The Keeymen","Four SeaSons (EP, 2025)",00:02:44,track
Fall,"The Keeymen","Four SeaSons (EP, 2025)",00:02:09,track
"Just Another Sunday","The Blasters","Hard Line",00:04:15,track
Taboo,"The Screaming Seagulls","Flight Of The Seagull / Taboo",00:04:54,track
"Retorno das Ondas",Surfuzzes,"Spectrum #5",00:03:08,track
Kami,"Operation Octopus","Twiki No Kami",00:03:12,track
"The Whitest Lie","Mackenzie Shivers","Everything's a Vibe",00:03:12,track
"Two People","Mackenzie Shivers","Everything's a Vibe",00:04:32,track
"Northern Lights","Mackenzie Shivers","Everything's a Vibe",00:01:48,track
Magnolia,"Mackenzie Shivers","Everything's a Vibe",00:03:15,track
"One Headlight","Mackenzie Shivers","Everything's a Vibe",00:03:34,track
"Everything's a Vibe","Mackenzie Shivers","Everything's a Vibe",00:03:44,track
"Takes All Kinds","Della Mae","Magic Accident",00:02:02,track
"Nothing Is Nowhere","El Borko",Unknown,00:03:04,track
"What You're Looking For","Della Mae","Magic Accident",00:03:21,track
"Twiki Speak","Liquid Germs","Twiki No Kami",00:03:58,track
"Out Run 'Em","Della Mae","Magic Accident",00:03:10,track
"Nothing At All","Della Mae","Magic Accident",00:03:42,track
"Little Bird","Della Mae","Magic Accident",00:03:01,track
"Magic Accident","Della Mae","Magic Accident",00:03:52,track
Lifeline,"Della Mae","Magic Accident",00:03:52,track
"My Own Highway","Della Mae","Magic Accident",00:04:06,track
"Family Tree","Della Mae","Magic Accident",00:02:37,track
"Figured Out","Beth Lee",Unknown,00:03:51,track
"I'm Easy To Love After All (Acoustic)","Brennen Leigh",Unknown,00:03:14,track
"We'll Be Together","Sweet Megg","Massive Negroni",00:04:25,track
"Where or When","Sweet Megg","Massive Negroni",00:06:07,track
"Right or Wrong Part I","Sweet Megg","Massive Negroni",00:00:54,track
Solitude,"Sweet Megg","Massive Negroni",00:04:04,track
"Right or Wrong Part 2","Sweet Megg","Massive Negroni",00:01:28,track
"I Don't Want to Set the World on Fire","Sweet Megg","Massive Negroni",00:03:27,track
"Gare de Lyon","Sweet Megg","Massive Negroni",00:02:55,track
"Honeysuckle Rose","Sweet Megg","Massive Negroni",00:03:39,track
"I Must Have that Man","Sweet Megg","Massive Negroni",00:04:48,track
"Confidence of the Sun","Maya de Vitry","All My Faith",00:03:47,track
"Coin in Your Soul","Maya de Vitry","All My Faith",00:04:22,track
"Pineapple Juice",Ukulena,Unknown,00:03:12,track
Seasick,"Lazer Gun Saloon","Black Moon Bay",00:01:42,track
"Over and Out...","Lazer Gun Saloon","Black Moon Bay",00:00:57,track
Navigator,"Lazer Gun Saloon","Black Moon Bay",00:02:07,track
"Tibia Continued","The Velocity Raptors",Unknown,00:05:11,track
"Tidal Volume","Lazer Gun Saloon","Black Moon Bay",00:01:37,track
"Yes It Hurt","Emily Nenni","Movin’ Shoes",00:02:56,track
"You Only Said It To Hurt Me","Emily Nenni","Movin’ Shoes",00:03:37,track
"Black Moon Bay","Lazer Gun Saloon","Black Moon Bay",00:01:32,track
"What Have I Done Wrong","Emily Nenni","Movin’ Shoes",00:02:56,track
"Hammer Smashed Face","Genki Genki Panic",Unknown,00:03:21,track
"Take My Money","Emily Nenni","Movin’ Shoes",00:02:14,track
"Talkin’ To Your Toothbrush","Emily Nenni","Movin’ Shoes",00:02:43,track
Tenderness,"Emily Nenni","Movin’ Shoes",00:02:52,track
"Talk To Me","Emily Nenni","Movin’ Shoes",00:03:05,track
"Not A Winner","Emily Nenni","Movin’ Shoes",00:03:21,track
"Good Ma’am","Emily Nenni","Movin’ Shoes",00:02:19,track
"Livin’ In Shame","Emily Nenni","Movin’ Shoes",00:02:25,track
"Honky Tonkin’","Emily Nenni","Movin’ Shoes",00:03:14,track
"Movin’ Shoes","Emily Nenni","Movin’ Shoes",00:03:57,track
"Damn In Love","Anna Graves","Damn In Love",00:02:40,track
"Hollow Bones","Anna Graves",Unknown,00:03:05,track
"Burn On","Anna Graves","Burn On",00:03:05,track
"Runaway Bride","Black Widows",Unknown,00:04:46,track
PHOENIX,"Annie Elie",Unknown,00:05:25,track
"Stone Tape Theory","Bānhūs ","The Detective's Tears (Noir Jazz Compilation)",00:03:06,track
"No Rest In Past","Ancient Talking ","The Detective's Tears (Noir Jazz Compilation)",00:05:09,track
"Night Wide Panorama","Black Lodge ","The Detective's Tears (Noir Jazz Compilation)",00:07:29,track
"Anima Obscura","Doomachine Orchestra","The Detective's Tears (Noir Jazz Compilation)",00:03:31,track
"Between Jazz and Dawn","Dark Jazz Cafe Assembly ","The Detective's Tears (Noir Jazz Compilation)",00:05:47,track
Criminals,HEFT,"The Detective's Tears (Noir Jazz Compilation)",00:04:00,track
"Dodo's Breath","Ghost City Collective ","The Detective's Tears (Noir Jazz Compilation)",00:04:52,track
" Nocturne for a Broken Axis","Doomachine Orchestra","The Detective's Tears (Noir Jazz Compilation)",00:05:15,track
"The Detective's Tears","Macelleria Mobile di Mezzanotte ","The Detective's Tears (Noir Jazz Compilation)",00:05:22,track
"Neon Damnation","MJJ Jones ","The Detective's Tears (Noir Jazz Compilation)",00:05:38,track
"Last Call","Last Call at Nightowls","The Detective's Tears (Noir Jazz Compilation)",00:06:06,track
"In Cold Blood","Morgen Wurde","The Detective's Tears (Noir Jazz Compilation)",00:02:26,track
"Love Theme","Marlowe Dies ","The Detective's Tears (Noir Jazz Compilation)",00:03:03,track
"Stray Bullets","Marlowe Dies ","The Detective's Tears (Noir Jazz Compilation)",00:03:02,track
"Midnight Metropolis","Zebra Duo","The Detective's Tears (Noir Jazz Compilation)",00:03:03,track
Tears,"Waveshard ","The Detective's Tears (Noir Jazz Compilation)",00:03:58,track
"Gnossiennes- No. 1, Funebre","Z. Richard Rowling ","The Detective's Tears (Noir Jazz Compilation)",00:05:05,track
"Malignant (Take 2)","Pleasure of Decay feat Bad Angels","The Detective's Tears (Noir Jazz Compilation)",00:06:37,track
"Rough And Twisted","The Rolling Stones","In The Stars",00:04:40,track
"In The Stars","The Rolling Stones","In The Stars",00:04:13,track
Cowboy,"Randy Palmer",Unknown,00:04:06,track
"How That Feels","Megan Lacy","That Feelin'",00:02:41,track
"Can't Live (get Lonely)","Megan Lacy","That Feelin'",00:03:26,track
"The Bottle's Never Empty","Megan Lacy","That Feelin'",00:03:10,track
"Help Me","Megan Lacy","That Feelin'",00:02:46,track
Songbirdies,"Megan Lacy","That Feelin'",00:03:09,track
"Lost In The Feeling","Megan Lacy","That Feelin'",00:03:13,track
"Just Like You","Megan Lacy","That Feelin'",00:02:46,track
"Gone For Good","Megan Lacy","That Feelin'",00:03:50,track
"Other Side Of The World","Megan Lacy","That Feelin'",00:02:53,track
"Peace On The Day","Megan Lacy","That Feelin'",00:03:13,track
"Evening Rose","Megan Lacy","That Feelin'",00:03:37,track
"Shoot 'em Up","Megan Lacy","That Feelin'",00:04:19,track
"America Today","Puddles Pity Party","No One's Free",00:03:23,track
Saturday,"Puddles Pity Party","No One's Free",00:03:07,track
"A Grand Mistake","Puddles Pity Party","No One's Free",00:02:44,track
"Tuff Stuff","Puddles Pity Party","No One's Free",00:03:00,track
"Change Your Mind","Puddles Pity Party","No One's Free",00:04:05,track
"Bird Of Love","Puddles Pity Party","No One's Free",00:02:29,track
"In The End","Puddles Pity Party","No One's Free",00:04:12,track
"It Could Be Worse","Puddles Pity Party","No One's Free",00:02:03,track
"Wasting Time","Puddles Pity Party","No One's Free",00:03:29,track
"You Do You Don't","Puddles Pity Party","No One's Free",00:03:11,track
"Already Free","Abigail Dowd",Unknown,00:04:28,track
"Can't Tell You Why","Abigail Dowd",Unknown,00:05:34,track
"Fall Apart","Abigail Dowd",Unknown,00:03:13,track
"Sister's Heart","Abigail Dowd",Unknown,00:03:25,track
"Nothing Matters","Abigail Dowd",Unknown,00:03:22,track
"Mothers of Saigon","Abigail Dowd",Unknown,00:03:56,track
"Miss Annie","Abigail Dowd",Unknown,00:05:50,track
"Papa's 45","Abigail Dowd",Unknown,00:04:40,track
"Viva Rosalia","Abigail Dowd",Unknown,00:03:26,track
"Sunday Morning","Abigail Dowd",Unknown,00:06:07,track
"Bridge over Troubled Water","Judy Collins",Unknown,00:04:33,track
"Dear Me","Kris Angelis",Unknown,00:02:47,track
"Goodbye Captain Fantastic","Kris Angelis",Unknown,00:03:37,track
Drowning,"Kris Angelis",Unknown,00:04:04,track
"Dirt (Hellos and Goodbyes)","Kris Angelis",Unknown,00:03:30,track
"Last Call Train","Kris Angelis",Unknown,00:03:40,track
"Is That You?","Kris Angelis",Unknown,00:03:26,track
"How About That?","Kris Angelis",Unknown,00:04:04,track
"Invisible Friend","Kris Angelis",Unknown,00:04:22,track
"Le Sigh","Kris Angelis",Unknown,00:03:13,track
"Read My Mind","Kris Angelis",Unknown,00:03:20,track
"Intro (Bitter)","Night Surf",Unknown,00:02:19,track
"Except For Monday","Lorrie Morgan",Unknown,00:02:54,track
"Fairytale of New York","Molly Tuttle & Golden Highway feat. Ketch Secor",Unknown,00:04:25,track
"Keep Breathin'","Night Surf",Unknown,00:04:26,track
Surfer,"Night Surf",Unknown,00:04:46,track
"Sea of Love","Beth Lee",Unknown,00:02:37,track
"Kindness Isn't Common Sense","Katie Pruitt",Unknown,00:03:55,track
"High Houses","Moon Mother",Unknown,00:03:29,track
"Be a Forest, Child!","Moon Mother",Unknown,00:06:46,track
Wilderness,"Moon Mother",Unknown,00:03:48,track
"It Comes With Shadows","Moon Mother",Unknown,00:05:28,track
Meadowlands,"Moon Mother",Unknown,00:05:13,track
"Root Window","Moon Mother",Unknown,00:08:02,track
"American Sky","Morgan Myles",Unknown,00:04:10,track
"Bad Faith","Morgan Myles",Unknown,00:04:27,track
"World in a Glass Jar","Moon Mother",Unknown,00:05:08,track
Windhover,"Moon Mother",Unknown,00:07:00,track
"Fault Lines","Morgan Myles",Unknown,00:03:35,track
"Language of Flowers","Morgan Myles",Unknown,00:02:43,track
"Love is Lonesome","Morgan Myles",Unknown,00:03:19,track
"Que Sera Serenade","Morgan Myles",Unknown,00:03:53,track
"Moment of Mercy","Morgan Myles",Unknown,00:03:54,track
"Rock Bottom","Morgan Myles",Unknown,00:04:43,track
"Waiting to Happen","Morgan Myles",Unknown,00:03:11,track
"Weight of Your Words","Morgan Myles",Unknown,00:03:38,track
"Are You Thirsty？ (Les Vivandieres Theme Song)","Queen Esther",Unknown,00:03:09,track
"Can't No Grave Hold My Body Down","Queen Esther",Unknown,00:05:05,track
"Hey Virginia!","Queen Esther",Unknown,00:03:02,track
"Hold Steady","Queen Esther",Unknown,00:02:30,track
"Home Free","Queen Esther",Unknown,00:03:39,track
"I Feel So Alive","Queen Esther",Unknown,00:04:18,track
"Oh My Stars (The Gettysburg Variation)","Queen Esther",Unknown,00:04:54,track
Magic,"Queen Esther",Unknown,00:05:51,track
"When I Get Home","Queen Esther",Unknown,00:02:09,track
Rebels,"Queen Esther",Unknown,00:02:42,track
"The Devil May Care (But Jesus Knows)","Queen Esther",Unknown,00:03:20,track
"You're Gonna Get What's Coming","Queen Esther",Unknown,00:03:59,track
"Lying Voices","Zoe FitzGerald Carter",Unknown,00:04:59,track
"Back To My Heart","Roseann Sureda",Unknown,00:04:05,track
"Cold April","Allison Russell",Unknown,00:03:09,track
"Ghost Town","India Ramey",Unknown,00:02:52,track
"Dead To Me","India Ramey",Unknown,00:02:32,track
"Cryin' In My Lingerie","India Ramey",Unknown,00:03:11,track
"Cult Money","India Ramey",Unknown,00:03:13,track
"Red Red Roses","India Ramey",Unknown,00:03:28,track
"Nobody's Coming","India Ramey",Unknown,00:04:13,track
"Bless it All","Emily Scott Robinson",Unknown,00:03:06,track
"Dirtbag Saloon","Emily Scott Robinson",Unknown,00:04:13,track
"Hymn for the Unholy","Emily Scott Robinson",Unknown,00:04:08,track
"Cast Iron Heart","Emily Scott Robinson",Unknown,00:04:57,track
"Sea of Ghosts","Emily Scott Robinson",Unknown,00:04:16,track
"The Time for Flowers","Emily Scott Robinson",Unknown,00:04:02,track
"The Fairest View","Emily Scott Robinson",Unknown,00:03:11,track
"The Water is Wide","Emily Scott Robinson",Unknown,00:03:29,track
"Time Traveler","Emily Scott Robinson",Unknown,00:04:45,track
"Chloe's Done it Right","Brea Robertson",Unknown,00:04:20,track
"You’re Finally Hurtin’ (Acoustic)","Brennen Leigh",Unknown,00:02:01,track
Barney,"Eric Kay and the Surfaronies",Unknown,00:03:03,track
Candle,"Eric Kay and the Surfaronies",Unknown,00:03:44,track
"Sunday Drive","Eric Kay and the Surfaronies",Unknown,00:02:09,track
"True Friends","Eric Kay and the Surfaronies",Unknown,00:02:13,track
"Wishing and Watching","Eric Kay and the Surfaronies",Unknown,00:02:21,track
"Dolly The Doll","Mick Beaulieu",Unknown,00:02:23,track
D.E.X,"Mick Beaulieu",Unknown,00:02:44,track
"Don't Let Me Drive","Mick Beaulieu",Unknown,00:02:12,track
"Around Your Arms","Mick Beaulieu",Unknown,00:03:28,track
"Dans Le Mille","Mick Beaulieu",Unknown,00:02:34,track
"Chapeau De Sorcière","Mick Beaulieu",Unknown,00:02:40,track
"Nightmare Twang","Mick Beaulieu",Unknown,00:02:21,track
"Night Of The Owls","Mick Beaulieu",Unknown,00:02:33,track
"Surfin' Cat","Mick Beaulieu",Unknown,00:03:09,track
Funeste,"Mick Beaulieu",Unknown,00:03:11,track
Heavy,"Brown Horse",Unknown,00:03:28,track
"Comeback Loading","Brown Horse",Unknown,00:03:31,track
Hares,"Brown Horse",Unknown,00:05:53,track
"Heart Of The Country","Brown Horse",Unknown,00:04:46,track
"Total Dive","Brown Horse",Unknown,00:03:37,track
Oblivion,"Brown Horse",Unknown,00:04:00,track
"Sorrow Reigns","Brown Horse",Unknown,00:03:52,track
Twisters,"Brown Horse",Unknown,00:04:20,track
"Watching Something Burn Up","Brown Horse",Unknown,00:06:03,track
Wreck,"Brown Horse",Unknown,00:06:17,track
"Black Eyed Man","Kiki Cavazos",Unknown,00:02:47,track
"Hawthorne and Heartache","Kiki Cavazos",Unknown,00:02:52,track
"Grey Ghost Town","Kiki Cavazos",Unknown,00:02:47,track
"Goodbye The Crazies","Kiki Cavazos",Unknown,00:03:08,track
"Little Old Dusty Road","Kiki Cavazos",Unknown,00:01:49,track
Leavin',"Kiki Cavazos",Unknown,00:02:09,track
"Hobo Song","Kiki Cavazos",Unknown,00:02:57,track
"Cold Mountain Blue","Kiki Cavazos",Unknown,00:02:01,track
Pedestal,"Kiki Cavazos",Unknown,00:03:10,track
"Two Bit Two","Kiki Cavazos",Unknown,00:03:54,track
"Mac Cornish - Wayfaring Woman","Mac Cornish",Unknown,00:03:38,track
"Assigned Country Singer At Birth","Rae Spoon",Unknown,00:03:28,track
"Can't Stop Lightning (feat Kimmortal, Louie Sanchez)","Rae Spoon",Unknown,00:03:09,track
"All Drugs Safe, Legal and Free (feat Rosina)","Rae Spoon",Unknown,00:03:38,track
"Can't Fail Me (feat Cassia Hardy)","Rae Spoon",Unknown,00:03:10,track
"Country Music Breaks My Heart","Rae Spoon",Unknown,00:03:14,track
"Hyper Country (feat Theodore Walker Robinson)","Rae Spoon",Unknown,00:03:05,track
"Osotomy Cowboy","Rae Spoon",Unknown,00:02:55,track
"Last Cigarette","Rae Spoon",Unknown,00:03:27,track
"Not Too Sick To Love","Rae Spoon",Unknown,00:03:24,track
"Pray (feat Kue Varo)","Rae Spoon",Unknown,00:03:29,track
"From The Light","Night Surf","Ioann Rio - Electric Surf",00:02:20,track
"Cross Love","Night Surf","Ioann Rio - Electric Surf",00:04:17,track
"In Thee We Trust","Night Surf","Ioann Rio - Electric Surf",00:04:10,track
"These Are The Days","Michaela Anne","These Are The Days",00:03:35,track
"We're All Good","Michaela Anne","These Are The Days",00:03:45,track
"Will You Still Love Me With A Broken Heart","Michaela Anne","These Are The Days",00:03:09,track
"Two Pianos","Michaela Anne & Caroline Spence","These Are The Days",00:04:11,track
B-sides,"Michaela Anne","These Are The Days",00:03:16,track
"The Shadow Of A Star","Michaela Anne","These Are The Days",00:04:02,track
"We've Got Bigger Plans","Michaela Anne","These Are The Days",00:03:59,track
"That's What I Tell Georgia","Michaela Anne","These Are The Days",00:04:30,track
"If Your Body Fails You","Michaela Anne","These Are The Days",00:04:14,track
Kathleen,"Cory Branan",Unknown,00:03:22,track
"Look at Miss Ohio","Ken Pomeroy",Unknown,00:03:45,track
"Out of Town","Marlowe Dies","Blue Nightmare",00:00:40,track
"The Private Eye Theme","Marlowe Dies","Blue Nightmare",00:01:25,track
"The Dark Road","Marlowe Dies","Blue Nightmare",00:01:48,track
"Hunting Lodge","Marlowe Dies","Blue Nightmare",00:03:00,track
"A Coat A Hat and a Gun","Marlowe Dies","Blue Nightmare",00:02:53,track
"Wake Up","Marlowe Dies","Blue Nightmare",00:03:28,track
"Hell of a Woman","Marlowe Dies","Blue Nightmare",00:05:13,track
"Man Maketh the Clothes","The Tremolo Beer Gut",Unknown,00:02:52,track
"The Only Game in Town","The Tremolo Beer Gut",Unknown,00:02:56,track
"The Gentleman Loser","The Tremolo Beer Gut",Unknown,00:02:42,track
"Jobi Riccio - Love of the Song","Jobi Riccio",Unknown,00:03:21,track
"Jobi Riccio - Wildfire Season","Jobi Riccio",Unknown,00:03:52,track
"Jobi Riccio - The Ridge","Jobi Riccio",Unknown,00:03:51,track
"Jobi Riccio - Buzzkill","Jobi Riccio",Unknown,00:03:24,track
"Jobi Riccio - Coyote","Jobi Riccio",Unknown,00:03:58,track
"Jobi Riccio - Doesn't Matter","Jobi Riccio",Unknown,00:03:57,track
"High Beam","Jobi Riccio",Unknown,00:04:11,track
Idaho,"Jobi Riccio",Unknown,00:04:04,track
"A Little at a Time","Jobi Riccio",Unknown,00:04:17,track
Easy,"Jobi Riccio",Unknown,00:04:18,track
"Pilar, NM","Jobi Riccio",Unknown,00:04:35,track
"No Place to Be","Shakey Graves",Unknown,00:02:56,track
"Away It Goes","Shakey Graves",Unknown,00:03:06,track
"Time Flies","Shakey Graves",Unknown,00:03:11,track
Suddenly,"Shakey Graves",Unknown,00:03:34,track
"When the Love Is New","Shakey Graves",Unknown,00:04:05,track
"Don't Change a Thing","Shakey Graves",Unknown,00:04:29,track
"On My Own","Shakey Graves",Unknown,00:04:36,track
"The Boilermaker","Shakey Graves",Unknown,00:05:05,track
"I Once Was an Ocean","Shakey Graves",Unknown,00:05:14,track
"Bachelor No. 2","The Tikiyaki Orchestra","(presents) Tikiyaki & The Hawaiiana Brass : Weekend in Waikiki",00:02:01,track
Mexotique,"The Tikiyaki Orchestra","(presents) Tikiyaki & The Hawaiiana Brass : Weekend in Waikiki",00:02:08,track
"Chateau Leilani","The Tikiyaki Orchestra & Maria Arranz of L'Exotighost","(presents) Tikiyaki & The Hawaiiana Brass : Weekend in Waikiki",00:02:15,track
"Bachelor No. 3","The Tikiyaki Orchestra","(presents) Tikiyaki & The Hawaiiana Brass : Weekend in Waikiki",00:02:43,track
"Weekend In Waikiki","The Tikiyaki Orchestra","(presents) Tikiyaki & The Hawaiiana Brass : Weekend in Waikiki",00:02:42,track
"The Pineapple-upside-down","The Tikiyaki Orchestra","(presents) Tikiyaki & The Hawaiiana Brass : Weekend in Waikiki",00:02:51,track
"Singapore Swing","The Tikiyaki Orchestra","(presents) Tikiyaki & The Hawaiiana Brass : Weekend in Waikiki",00:03:03,track
"Let's Go For A Ride","The Tikiyaki Orchestra","(presents) Tikiyaki & The Hawaiiana Brass : Weekend in Waikiki",00:03:36,track
"C'est Une Espionne! (she's A Spy!)","The Tikiyaki Orchestra","(presents) Tikiyaki & The Hawaiiana Brass : Weekend in Waikiki",00:03:04,track
"So Good","Rebel Son","Show Me Your Vagina",00:00:16,track
"I Get More","Rebel Son","Show Me Your Vagina",00:00:32,track
"I Had To Do Some Diggin'","Rebel Son","Show Me Your Vagina",00:00:34,track
"Honky Tonk Slut","Rebel Son","Show Me Your Vagina",00:01:10,track
"No Mercy","Rebel Son","Show Me Your Vagina",00:01:22,track
"Tore Up By The Honky Tonk Man","Rebel Son","Show Me Your Vagina",00:01:42,track
"Guitar Pickin' Man","Rebel Son","Show Me Your Vagina",00:01:52,track
"The Cocksman","Rebel Son","Show Me Your Vagina",00:02:17,track
"Show Me Your Vagina","Rebel Son","Show Me Your Vagina",00:03:28,track
"Your Cave Or Mine?","The Desolate Coast","The Shadows Ignite",00:02:32,track
"Forever A Little Bit","The Desolate Coast","The Shadows Ignite",00:01:57,track
"Sage And Silver Trees","The Desolate Coast","The Shadows Ignite",00:02:42,track
"Sweet Sonoran Surrender","The Desolate Coast","The Shadows Ignite",00:02:58,track
"The Shadows Ignite","The Desolate Coast","The Shadows Ignite",00:02:37,track
"Let's Just Apocalypse Later","The Desolate Coast","The Shadows Ignite",00:02:42,track
"Sad-eyed Vampires","The Desolate Coast","The Shadows Ignite",00:02:52,track
Natapoc,"The Desolate Coast","The Shadows Ignite",00:02:56,track
"Vespa Police","The Desolate Coast","The Shadows Ignite",00:03:19,track
"Grit City Gothic","The Desolate Coast","The Shadows Ignite",00:03:38,track
"Desolation Street","The Desolate Coast","The Shadows Ignite",00:03:29,track
"Masters Of Disillusion","The Desolate Coast","The Shadows Ignite",00:02:54,track
"Dark Demons","The Desolate Coast","The Shadows Ignite",00:03:37,track
"Let The Big Dog Eat","Ryan Bingham & The Texas Gentlemen","They Call Us The Lucky Ones",00:02:10,track
"Blue Skies","Ryan Bingham & The Texas Gentlemen","They Call Us The Lucky Ones",00:03:19,track
Relevance,"Ryan Bingham & The Texas Gentlemen","They Call Us The Lucky Ones",00:03:04,track
"Ballad Of The Texas Gentlemen","Ryan Bingham & The Texas Gentlemen","They Call Us The Lucky Ones",00:03:30,track
Americana,"Ryan Bingham & The Texas Gentlemen","They Call Us The Lucky Ones",00:03:35,track
"Twist The Knife","Ryan Bingham & The Texas Gentlemen","They Call Us The Lucky Ones",00:04:09,track
"I'm A Goin' Nowhere","Ryan Bingham & The Texas Gentlemen","They Call Us The Lucky Ones",00:03:55,track
"The Lucky Ones","Ryan Bingham & The Texas Gentlemen","They Call Us The Lucky Ones",00:04:54,track
"I Got A Feelin'","Ryan Bingham & The Texas Gentlemen","They Call Us The Lucky Ones",00:05:01,track
"Cocaine Charlie","Ryan Bingham & The Texas Gentlemen","They Call Us The Lucky Ones",00:06:44,track
ro,"Suzanne Jarvie",Unknown,00:02:19,track
charity,"Suzanne Jarvie",Unknown,00:04:24,track
arthur,"Suzanne Jarvie",Unknown,00:04:37,track
polonium,"Suzanne Jarvie",Unknown,00:04:26,track
"rock'n roll bar","Suzanne Jarvie",Unknown,00:03:31,track
40%,"Suzanne Jarvie",Unknown,00:04:55,track
nicole,"Suzanne Jarvie",Unknown,00:04:42,track
"mother's day","Suzanne Jarvie",Unknown,00:05:26,track
lifeline,"Suzanne Jarvie",Unknown,00:05:14,track
honeycomb,"Suzanne Jarvie",Unknown,00:05:30,track
caterpillar,"Suzanne Jarvie",Unknown,00:05:31,track
"temporary emissary","Suzanne Jarvie",Unknown,00:06:24,track
"Ікс плюс Ігрек",REMEZ,X+Y=,00:02:28,track
"Ти знаєш, що ти - людина",REMEZ,X+Y=,00:03:23,track
"Ну, скажи, хіба не фантастично",REMEZ,X+Y=,00:02:31,track
"Можливо, знову загримлять гармати",REMEZ,X+Y=,00:03:41,track
"Finito Bandito","Frankie & The Pool Boys","Frankie & The Pool Boys '08",00:02:22,track
"Redemption Song","Admiral Bailey",Unknown,00:00:05,track
"Bonnie Bird","Roller One",Unknown,00:02:15,track
"Circling the Drain","Steep Canyon Rangers",Unknown,00:03:16,track
"Put Down Your Cross and Follow Me","White Sands",Unknown,00:03:12,track
"Next Act","Steep Canyon Rangers",Unknown,00:03:14,track
"Jasmine Breeze","Roller One",Unknown,00:02:58,track
"The Game",Tranes,Unknown,00:03:18,track
Dépaysement,Tranes,Unknown,00:03:21,track
"Laguna Sunrise","White Sands",Unknown,00:03:29,track
"The Night Disappears","Roller One",Unknown,00:03:27,track
"Heart's the Only Compass (feat. Steve Martin)","Steep Canyon Rangers",Unknown,00:03:30,track
"The Kindest Thing","Steep Canyon Rangers",Unknown,00:03:30,track
"Some Days","Steep Canyon Rangers",Unknown,00:03:25,track
"Back of Beyond","Steep Canyon Rangers",Unknown,00:03:35,track
"Smokin' Mamie",Tranes,Unknown,00:03:30,track
"Roll of the Dice","Steep Canyon Rangers",Unknown,00:03:49,track
"Back In My Arms","Roller One",Unknown,00:03:31,track
"Hard Times","Steep Canyon Rangers",Unknown,00:03:47,track
"Babylon Stone","Steep Canyon Rangers",Unknown,00:04:01,track
"Sugar Lake","Steep Canyon Rangers",Unknown,00:03:51,track
"Stubborn Love","Steep Canyon Rangers",Unknown,00:03:54,track
"So Far","Roller One",Unknown,00:04:10,track
"Rumble Strips","Steep Canyon Rangers",Unknown,00:04:17,track
"Hard Luck Kid","Steep Canyon Rangers",Unknown,00:04:42,track
"Halfway to Reno (feat. Edie Brickell)","Steep Canyon Rangers",Unknown,00:04:49,track
Sparrow,"Roller One",Unknown,00:04:28,track
"Stetson Hot Fuzz",Tranes,Unknown,00:04:48,track
"A Horse Called Dub",Tranes,Unknown,00:04:54,track
"Sea of Mundane","Roller One",Unknown,00:05:21,track
Motorsports,"Roller One",Unknown,00:06:18,track
"Slant Six","The 415s",Unknown,00:01:48,track
"A Shot In The Dark","The Sea-Jays",Unknown,00:02:30,track
007,"The Sea-Jays",Unknown,00:02:57,track
"Laura Palmer","The Sea-Jays",Unknown,00:02:55,track
Saturday,"The Sea-Jays",Unknown,00:04:11,track
Arabesque,"The Sea-Jays",Unknown,00:03:04,track
"White Lotus","The Sea-Jays",Unknown,00:03:41,track
